species:Faecalibacterium prausnitzii,species:Dorea longicatena,species:Fusicatenibacter saccharivorans,species:Blautia obeum,species:Coprococcus comes,species:Bacteroides uniformis,species:Collinsella aerofaciens,species:Bifidobacterium adolescentis,species:[Ruminococcus] torques,species:[Eubacterium] rectale,species:Anaerostipes hadrus,species:Slackia isoflavoniconvertens,species:Firmicutes bacterium CAG:83,species:Ruminococcus bicirculans,species:Anaerobutyricum hallii,species:Intestinibacter bartlettii,species:Alistipes putredinis,species:Phascolarctobacterium faecium,species:Parabacteroides merdae,species:Roseburia faecis,species:Barnesiella intestinihominis,species:[Ruminococcus] lactaris,species:Phocaeicola vulgatus,species:Dorea formicigenerans,species:Bifidobacterium longum,species:Bacteroides stercoris,species:Coprococcus catus,species:Bifidobacterium pseudocatenulatum,species:Gemmiger formicilis,species:Lachnospira eligens,species:Alistipes inops,species:Gordonibacter pamelaeae,species:Ruthenibacterium lactatiformans,species:Phocaeicola dorei,species:Blautia wexlerae,species:Agathobaculum butyriciproducens,species:Sellimonas intestinalis,species:Lachnospira pectinoschiza,species:Streptococcus thermophilus,species:Oscillibacter sp. 57_20,species:Roseburia intestinalis,species:Dialister invisus,species:Firmicutes bacterium CAG:145,species:Streptococcus salivarius,species:Clostridium disporicum,species:Clostridium sp. CAG:58,species:Paraprevotella xylaniphila,species:Alistipes finegoldii,species:Adlercreutzia equolifaciens,species:Eubacterium sp. CAG:38,species:Parabacteroides distasonis,species:Bacteroides thetaiotaomicron,species:Anaerotruncus colihominis,species:Anaeromassilibacillus sp. An250,species:Veillonella parvula,species:[Clostridium] leptum,species:Firmicutes bacterium CAG:94,species:Adlercreutzia equolifaciens_1,species:Romboutsia ilealis,species:Bacteroides galacturonicus,species:Streptococcus sanguinis,species:Streptococcus gordonii,species:Flavonifractor plautii,species:Propionibacterium freudenreichii,species:Streptococcus parasanguinis,species:[Clostridium] spiroforme,species:Ruminococcaceae bacterium D16,species:Roseburia sp. CAG:471,species:Proteobacteria bacterium CAG:139,species:Actinobaculum sp. oral taxon 183,species:Streptococcus mitis,species:Eggerthella lenta,species:Alistipes shahii,species:Adlercreutzia caecimuris,species:Lactococcus lactis,species:Lawsonibacter asaccharolyticus,species:Roseburia inulinivorans,species:Streptococcus vestibularis,species:Monoglobus pectinilyticus,species:Denitrobacterium detoxificans,species:Streptococcus australis,species:Gemella sanguinis,species:Collinsella intestinalis,species:[Clostridium] innocuum,species:Enorma massiliensis,species:Christensenella hongkongensis,species:Ruminococcus bromii,species:Akkermansia muciniphila,species:Phocaeicola plebeius,species:Bacteroides caccae,species:Coprococcus eutactus,species:Bacteroides fragilis,species:Escherichia coli,species:Roseburia hominis,species:Phocaeicola coprocola,species:Firmicutes bacterium CAG:110,species:Parasutterella excrementihominis,species:Eubacterium ventriosum,species:Oscillibacter sp. CAG:241,species:Odoribacter splanchnicus,species:Bacteroides ovatus,species:Eubacterium ramulus,species:Bacteroides cellulosilyticus,species:Firmicutes bacterium CAG:170,species:Butyricimonas virosa,species:Coprobacter secundus,species:Holdemanella biformis,species:Turicimonas muris,species:Firmicutes bacterium CAG:95,species:Dielma fastidiosa,species:Roseburia sp. CAG:182,species:Bilophila wadsworthia,species:[Eubacterium] siraeum,species:Lactobacillus rogosae,species:Alistipes indistinctus,species:Clostridium sp. CAG:167,species:Haemophilus pittmaniae,species:Lactobacillus acidophilus,species:Intestinimonas butyriciproducens,species:Leuconostoc mesenteroides,species:Bacteroides eggerthii,species:Ligilactobacillus ruminis,species:Butyrivibrio crossotus,species:Eubacterium sp. CAG:251,species:Catenibacterium mitsuokai,species:Ruminococcus callidus,species:Bacteroides faecis,species:Desulfovibrio piger,species:Roseburia sp. CAG:309,species:Lactobacillus delbrueckii,species:Eubacterium sp. CAG:274,species:Streptococcus sobrinus,species:Sharpea azabuensis,species:Streptococcus oralis,species:Parvimonas sp. KA00067,species:Clostridium sp. CAG:299,species:Lacrimispora saccharolytica,species:Methanobrevibacter smithii,species:Bacteroides intestinalis,species:Firmicutes bacterium CAG:238,species:Firmicutes bacterium CAG:555,species:Prevotella sp. CAG:279,species:Parabacteroides goldsteinii,species:Clostridium sp. CAG:411,species:Methanosphaera stadtmanae,species:Cloacibacillus porcorum,species:Candidatus Methanomassiliicoccus intestinalis,species:Bacteroides xylanisolvens,species:Sanguibacteroides justesenii,species:Butyrivibrio sp. CAG:318,species:Ruminococcaceae bacterium D5,species:Hafnia alvei,species:Turicibacter sanguinis,species:Tractidigestivibacter scatoligenes,species:Coprobacter fastidiosus,species:Bacteroides faecis CAG:32,species:Bifidobacterium dentium,species:[Ruminococcus] gnavus,species:Fretibacterium fastidiosum,species:Prevotella copri,species:Blastocystis sp. subtype 1,species:Paraprevotella clara,species:Enterococcus faecalis,species:Blautia sp. CAG:257,species:Dorea sp. CAG:317,species:Phascolarctobacterium sp. CAG:266,species:Eubacterium dolichum CAG:375,species:Prevotella sp. CAG:1031,species:Amedibacillus dolichus,species:Odoribacter laneus,species:Blautia hydrogenotrophica,species:Lactiplantibacillus plantarum,species:Bacteroides sp. CAG:144,species:Bacteroides clarus,species:Clostridium sp. D5,species:Enterocloster bolteae,species:Eisenbergiella massiliensis,species:Bacteroides finegoldii,species:Phocaeicola massiliensis,species:Harryflintia acetispora,species:Faecalicoccus pleomorphus,species:Eisenbergiella tayi,species:Bacteroides salyersiae,species:[Clostridium] methylpentosum,species:Holdemania filiformis,species:Lachnoclostridium sp. An138,species:Firmicutes bacterium CAG:534,species:Phascolarctobacterium succinatutens,species:Eubacterium sp. CAG:180,species:Faecalitalea cylindroides,species:Bacteroides sp. CAG:443,species:Bifidobacterium bifidum,species:Bifidobacterium catenulatum,species:Bifidobacterium animalis,species:Clostridium sp. CAG:242,species:Bifidobacterium angulatum,species:Alistipes onderdonkii,species:Roseburia sp. CAG:303,species:Acidaminococcus intestini,species:Enterocloster asparagiformis,species:Enterococcus faecium,species:Actinomyces sp. ICM47,species:Streptococcus sp. A12,species:Haemophilus parainfluenzae,species:Rothia mucilaginosa,species:Enterocloster citroniae,species:Coprobacillus cateniformis,species:Ruminococcus sp. CAG:488,species:Hungatella hathewayi,species:Flavonifractor sp. An10,species:Veillonella dispar,species:Parabacteroides sp. CAG:409,species:Marvinbryantia formatexigens,species:Eubacterium sp. An11,species:Eubacteriaceae bacterium CHKCI005,species:Anaerofustis stercorihominis,species:Enterocloster lavalensis,species:Enterocloster clostridioformis,species:Actinomyces graevenitzii,species:Anaerobiospirillum thomasii,species:Mogibacterium diversum,species:Schaalia odontolytica,species:Lactococcus piscium,species:Anaerostipes caccae,species:Actinomyces sp. HMSC035G02,species:Erysipelatoclostridium ramosum,species:Actinomyces sp. S6-Spd3,species:[Eubacterium] sulci,species:Actinomyces sp. oral taxon 170,species:Streptococcus lutetiensis,species:Ruminococcus sp. CAG:330,species:Bacteroides sp. CAG:462,species:Clostridium paraputrificum,species:Desulfovibrio fairfieldensis,species:Ruminococcus obeum CAG:39,species:Veillonella infantium,species:Pediococcus pentosaceus,species:Veillonella atypica,species:Leuconostoc pseudomesenteroides,species:Aeriscardovia aeriphila,species:[Clostridium] symbiosum,species:Butyricimonas synergistica,species:Parabacteroides johnsonii,species:Actinomyces sp. HPA0247,species:Clostridium celatum,species:Desulfovibrionaceae bacterium,species:Latilactobacillus sakei,species:Massilimicrobiota timonensis,species:Oscillibacter sp. PC13,species:Parvimonas micra,species:Allisonella histaminiformans,species:Blautia argi,species:Blautia producta,species:Clostridium bolteae CAG:59,species:Pediococcus acidilactici,species:Lacticaseibacillus rhamnosus,species:Eubacterium limosum,species:Clostridium sp. CAG:253,species:Lachnoclostridium sp. An14,species:Oxalobacter formigenes,species:Lachnoclostridium sp. An131,species:Prevotella buccalis,species:Christensenella minuta,species:Alistipes timonensis,species:Streptococcus infantis,species:Schaalia turicensis,species:Pseudoflavonifractor sp. An184,species:Clostridium sp. CAG:590,species:[Bacteroides] pectinophilus,species:Eubacterium sp. OM08-24,species:Streptococcus mutans,species:Ruminococcus sp. CAG:624,species:Enterococcus casseliflavus,species:Actinomyces naeslundii,species:Actinomyces oris,species:Victivallis vadensis,species:Ruminococcus sp. CAG:403,genus:Pseudomonas,species:Acinetobacter ursingii,species:Bacteroides nordii,species:Atopobium deltae,genus:Enterobacter,species:Weissella cibaria,species:Leuconostoc suionicum,species:[Eubacterium] brachy,species:Prevotella sp. CAG:873,species:Klebsiella pneumoniae,species:Parabacteroides acidifaciens,species:Tyzzerella nexilis,species:Prevotella sp. CAG:1185,species:Klebsiella quasipneumoniae,species:Porphyromonas asaccharolytica,species:Bacteroides sp. OM08-11,species:Anaerotignum lactatifermentans,species:Blautia coccoides,species:Ruminococcus sp. CAG:579,species:Phocaeicola coprophilus,species:Clostridium perfringens,species:Solobacterium moorei,species:Prevotella disiens,species:Enterococcus hirae,species:Proteus mirabilis,species:[Clostridium] scindens,species:Escherichia marmotae,species:Bifidobacterium breve,species:Alloscardovia omnicolens,genus:Streptococcus,species:Corynebacterium argentoratense,species:Varibaculum cambriense,species:Clostridium sp. CAG:632,species:Acidaminococcus fermentans,species:Mitsuokella multacida,species:Ruminococcus sp. CAG:563,species:Enterobacter sp. 638,species:Mitsuokella jalaludinii,species:Bacteroides sp. CAG:598,species:Barnesiella viscericola,species:Bacteroides stercorirosoris,species:Clostridiales bacterium 1_7_47FAA,species:Megasphaera elsdenii,species:Prevotella sp. CAG:891,species:Lactobacillus gasseri,species:Lactococcus petauri,species:Rothia dentocariosa,species:Bifidobacterium pullorum,species:Lactococcus garvieae,species:Lactobacillus paragasseri,species:Streptococcus sp. F0442,species:Anaerotruncus sp. CAG:528,species:Veillonella rogosae,species:Firmicutes bacterium CAG:424,species:Morganella morganii,species:Blautia sp. An249,species:Brachyspira sp. CAG:700,species:Prevotella sp. CAG:617,species:Prevotella sp. CAG:1058,species:Fusobacterium sp. CAG:439,species:Limosilactobacillus mucosae,species:Prevotella bivia,species:Prevotella corporis,species:Clostridium sp. CAG:678,species:Clostridium sp. CAG:964,species:Aliarcobacter butzleri,species:Haemophilus sp. HMSC71H05,genus:Pseudomonas_1,species:Phocaeicola salanitronis,species:Enterocloster aldenensis,species:Anaerofilum sp. An201,species:Lactonifactor longoviformis,species:Anaerococcus vaginalis,species:Actinomyces sp. oral taxon 181,species:Scardovia wiggsiae,species:Finegoldia magna,species:Prevotella timonensis,species:Ligilactobacillus salivarius,species:Anaerococcus lactolyticus,species:Atopobium minutum,species:Peptoniphilus lacrimalis,species:Fannyhessea vaginae,species:Bacteroides sp. D2,species:Limosilactobacillus vaginalis,species:Limosilactobacillus fermentum,species:Peptoniphilus harei,species:Dialister succinatiphilus,species:Parabacteroides gordonii,species:Peptostreptococcus anaerobius,species:Streptococcus agalactiae,species:Facklamia hominis,species:Anaerococcus prevotii,species:Citrobacter farmeri,species:Limosilactobacillus antri,species:Peptoniphilus coxii,species:Weissella viridescens,species:Citrobacter amalonaticus,species:Saccharomyces cerevisiae,species:Lawsonella clevelandensis,species:Actinomyces sp. oral taxon 180,species:Parascardovia denticolens,species:Limosilactobacillus oris,species:Eubacterium maltosivorans,species:Cutibacterium acnes,species:Negativicoccus succinicivorans,species:Streptococcus cristatus,species:Lactobacillus crispatus,species:Lactobacillus helveticus,species:Oribacterium sinus,species:Anaerococcus hydrogenalis,species:Propionibacterium acidifaciens,species:Actinobaculum massiliense,species:Olsenella uli,species:Fusobacterium nucleatum,species:Staphylococcus epidermidis,species:Gemella morbillorum,species:Arachnia propionica,species:Mogibacterium timidum,species:Streptococcus milleri,species:Corynebacterium accolens,species:Granulicatella adiacens,species:Gemella haemolysans,species:Porphyromonas sp. HMSC065F10,species:Lancefieldella rimae,species:[Eubacterium] nodatum,species:Leuconostoc gelidum,species:Leuconostoc carnosum,species:Corynebacterium durum,species:Actinomyces massiliensis,species:Lancefieldella parvula,species:Oribacterium parvum,species:Mogibacterium pumilum,species:Enterococcus gallinarum,species:Latilactobacillus curvatus,species:Actinomyces johnsonii,species:Staphylococcus aureus,species:[Clostridium] hylemonae,species:Blautia hansenii,species:Actinomyces viscosus,species:Candidatus Gastranaerophilales bacterium,species:Megamonas hypermegale,species:Megamonas funiformis,species:Eubacterium sp. CAG:786,species:Megamonas funiformis CAG:377,species:Aggregatibacter segnis,species:Eubacterium callanderi,species:Bacillus sp. FJAT-27916,species:Citrobacter braakii,species:Citrobacter youngae,species:Lachnospiraceae bacterium oral taxon 096,species:Lachnospiraceae bacterium 2_1_46FAA,species:Firmicutes bacterium CAG:646,species:Candidatus Stoquefichus sp. KLE1796,species:Veillonella sp. T11011-6,species:Butyricicoccus pullicaecorum,species:Dialister sp. CAG:357,species:Bacteroides sp. CAG:530,species:Citrobacter freundii,species:Desulfovibrio sp. An276,species:Klebsiella michiganensis,species:Terrisporobacter othiniensis,species:Lactobacillus johnsonii,species:Staphylococcus succinus,species:Lactobacillus amylovorus,species:Coprobacter sp.,species:Flavonifractor sp. An100,species:Pseudoflavonifractor capillosus,species:Actinomyces sp. oral taxon 448,species:Erysipelothrix larvae,species:Clostridium sp. CAG:510,species:Lachnoclostridium sp. An196,species:Lachnoclostridium sp. An118,species:Limosilactobacillus reuteri,species:Gardnerella vaginalis,species:Latilactobacillus fuchuensis,species:Prevotella sp. CAG:5226,species:Prevotella sp. AM42-24,species:Clostridium sp. chh4-2,species:Leuconostoc garlicum,species:Leuconostoc lactis,species:Streptococcus sp. HPH0090,species:Corynebacterium riegelii,species:Cloacibacillus sp. An23,species:[Butyribacterium] methylotrophicum,species:Bacteroides sp. CAG:661,species:Streptococcus peroris,species:Streptococcus massiliensis,species:Pseudomonas fragi,species:Clostridium sp. CAG:413,species:Firmicutes bacterium CAG:791,species:Campylobacter hominis,species:Comamonas kerstersii,species:Clostridiales bacterium CHKCI006,species:Alistipes sp. An31A,species:Prevotella sp. CAG:924,species:Streptococcus sp. HMSC071D03,species:Limosilactobacillus gastricus,species:Veillonella tobetsuensis,species:Desulfovibrio sp. MES5,species:Prevotella sp. CAG:1124,species:Klebsiella variicola,species:Actinomyces sp. oral taxon 414,species:Muribaculum intestinale,species:Lactiplantibacillus paraplantarum,species:Alistipes sp. CHKCI003,species:Hafnia paralvei,species:Fusobacterium ulcerans,species:Prevotella sp. CAG:485,species:Streptococcus downei,species:Prevotella stercorea,species:Companilactobacillus alimentarius,species:Prevotella sp. CAG:520,species:Raoultella ornithinolytica,species:Kluyvera cryocrescens,species:Raoultella planticola,species:Kluyvera ascorbata,species:Lactococcus raffinolactis,species:Prevotella sp. 885,species:Anaeromassilibacillus sp. An172,species:Corynebacterium glutamicum,species:Subdoligranulum variabile,label
4.68705,2.68031,1.37876,0.26129,0.27289,1.73862,0.27524,0.4805,0.24181,0.58563,0.78294,0.0,0.17136,1.06825,2.44441,0.01155,6.9938,0.0,0.36135,1.56606,0.50187,0.29851,0.0,0.93631,0.27246,0.0,0.08979,0.0,0.1919,1.95279,0.0,0.08718,0.02637,2.20969,0.82728,0.63365,0.0,1.57293,0.0,1.19908,0.50835,0.35125,0.0169,0.00647,0.0,0.01009,0.0,8.35669,0.065,0.05605,0.84955,0.44043,0.0,0.0,0.01325,0.0,0.0,0.09054,0.0,0.61959,0.0,0.0,0.0271,0.0,0.0,0.0,0.0,0.05792,0.51937,0.0,0.0,0.0,0.39633,0.00353,0.0,0.02966,0.36523,0.0,0.16749,0.0,0.0,0.0,0.00102,0.0,0.0,0.0,10.77185,10.21736,8.92094,6.81417,4.98821,1.23811,0.83761,0.8124,0.66931,0.525,0.49393,0.49191,0.46702,0.41035,0.39559,0.30105,0.28404,0.25966,0.1883,0.16836,0.16817,0.16526,0.12029,0.11668,0.10123,0.06891,0.06111,0.05745,0.04967,0.02644,0.0256,0.01788,0.00227,0.00115,0.0,0.0,0.0,0.0,0.0,0.0,0.0,0.0,0.0,0.0,0.0,0.0,0.0,0.0,0.0,0.0,0.0,0.0,0.0,0.0,0.0,0.0,0.0,0.0,0.0,0.0,0.0,0.0,0.0,0.0,0.0,0.0,0.0,0.0,0.0,0.0,0.0,0.0,0.0,0.0,0.0,0.0,0.0,0.0,0.0,0.0,0.0,0.0,0.0,0.0,0.0,0.0,0.0,0.0,0.0,0.0,0.0,0.0,0.0,0.0,0.0,0.0,0.0,0.0,0.0,0.0,0.0,0.0,0.0,0.0,0.0,0.0,0.0,0.0,0.0,0.0,0.0,0.0,0.0,0.0,0.0,0.0,0.0,0.0,0.0,0.0,0.0,0.0,0.0,0.0,0.0,0.0,0.0,0.0,0.0,0.0,0.0,0.0,0.0,0.0,0.0,0.0,0.0,0.0,0.0,0.0,0.0,0.0,0.0,0.0,0.0,0.0,0.0,0.0,0.0,0.0,0.0,0.0,0.0,0.0,0.0,0.0,0.0,0.0,0.0,0.0,0.0,0.0,0.0,0.0,0.0,0.0,0.0,0.0,0.0,0.0,0.0,0.0,0.0,0.0,0.0,0.0,0.0,0.0,0.0,0.0,0.0,0.0,0.0,0.0,0.0,0.0,0.0,0.0,0.0,0.0,0.0,0.0,0.0,0.0,0.0,0.0,0.0,0.0,0.0,0.0,0.0,0.0,0.0,0.0,0.0,0.0,0.0,0.0,0.0,0.0,0.0,0.0,0.0,0.0,0.0,0.0,0.0,0.0,0.0,0.0,0.0,0.0,0.0,0.0,0.0,0.0,0.0,0.0,0.0,0.0,0.0,0.0,0.0,0.0,0.0,0.0,0.0,0.0,0.0,0.0,0.0,0.0,0.0,0.0,0.0,0.0,0.0,0.0,0.0,0.0,0.0,0.0,0.0,0.0,0.0,0.0,0.0,0.0,0.0,0.0,0.0,0.0,0.0,0.0,0.0,0.0,0.0,0.0,0.0,0.0,0.0,0.0,0.0,0.0,0.0,0.0,0.0,0.0,0.0,0.0,0.0,0.0,0.0,0.0,0.0,0.0,0.0,0.0,0.0,0.0,0.0,0.0,0.0,0.0,0.0,0.0,0.0,0.0,0.0,0.0,0.0,0.0,0.0,0.0,0.0,0.0,0.0,0.0,0.0,0.0,0.0,0.0,0.0,0.0,0.0,0.0,0.0,0.0,0.0,0.0,0.0,0.0,0.0,0.0,0.0,0.0,0.0,0.0,0.0,0.0,0.0,0.0,0.0,0.0,0.0,0.0,0.0,0.0,0.0,0.0,0.0,0.0,0.0,0.0,0.0,0.0,0.0,0.0,0.0,0.0,0.0,0.0,0.0,0.0,0.0,0.0,0.0,0.0,0.0,0.0,0.0,0.0,0.0,0.0,0.0,0.0,0.0,0.0,0.0,0.0,0.0,0.0,0.0,0.0,0.0,0.0,0.0,0.0,0.0,0.0,0.0,0.0,0.0,0.0,0.0,0.0,0.0,0.0,0.0,0.0,0.0,0.0,0.0,0.0,0.0,0.0,0.0,0.0,0.0,0.0,0.0,0.0,0.0,0.0,0.0,0.0,0.0,0.0,0.0,0.0,0.0,0.0,healthy
12.09206,3.05321,3.40659,0.26809,1.17859,1.6951,2.1181,2.41923,0.92541,0.00454,0.73087,0.175,0.19549,2.04772,1.56812,0.20107,1.31088,0.0,1.73067,24.0008,0.86402,0.17765,2.88695,0.55235,0.97083,0.0,0.34026,0.0,0.44922,1.59766,0.31607,0.08897,0.01953,5.92573,0.62542,0.76771,0.0,0.0,0.08803,0.29794,0.44113,0.82037,0.05362,0.17732,0.0,0.0,0.0,0.00089,0.02965,0.77517,0.41747,0.07957,0.0,0.03842,0.08702,0.04252,0.0303,0.02231,0.0,0.0,0.0,0.00702,0.03648,0.0,0.29144,0.09866,0.0,0.05489,0.05544,0.0,0.00917,0.0,0.06975,0.0047,0.16271,0.09272,0.21758,0.08525,0.40151,0.0,0.0,0.015,0.00336,0.0,0.00316,0.0,2.87409,0.35274,0.0,0.25054,2.05808,0.15322,0.0,0.10592,0.0,0.06407,0.83598,0.59862,0.63787,0.1732,0.82203,0.40576,0.0,0.00137,0.0,0.0366,0.0,0.07321,0.0,0.0,0.02652,0.00377,0.41767,0.0,0.0,0.57236,0.0,0.4119,0.0,0.0,3.45572,1.66391,1.3356,1.05616,0.502,0.406,0.39074,0.22243,0.16075,0.09894,0.03423,0.01121,0.00823,0.00381,0.00328,0.00172,0.00148,0.0,0.0,0.0,0.0,0.0,0.0,0.0,0.0,0.0,0.0,0.0,0.0,0.0,0.0,0.0,0.0,0.0,0.0,0.0,0.0,0.0,0.0,0.0,0.0,0.0,0.0,0.0,0.0,0.0,0.0,0.0,0.0,0.0,0.0,0.0,0.0,0.0,0.0,0.0,0.0,0.0,0.0,0.0,0.0,0.0,0.0,0.0,0.0,0.0,0.0,0.0,0.0,0.0,0.0,0.0,0.0,0.0,0.0,0.0,0.0,0.0,0.0,0.0,0.0,0.0,0.0,0.0,0.0,0.0,0.0,0.0,0.0,0.0,0.0,0.0,0.0,0.0,0.0,0.0,0.0,0.0,0.0,0.0,0.0,0.0,0.0,0.0,0.0,0.0,0.0,0.0,0.0,0.0,0.0,0.0,0.0,0.0,0.0,0.0,0.0,0.0,0.0,0.0,0.0,0.0,0.0,0.0,0.0,0.0,0.0,0.0,0.0,0.0,0.0,0.0,0.0,0.0,0.0,0.0,0.0,0.0,0.0,0.0,0.0,0.0,0.0,0.0,0.0,0.0,0.0,0.0,0.0,0.0,0.0,0.0,0.0,0.0,0.0,0.0,0.0,0.0,0.0,0.0,0.0,0.0,0.0,0.0,0.0,0.0,0.0,0.0,0.0,0.0,0.0,0.0,0.0,0.0,0.0,0.0,0.0,0.0,0.0,0.0,0.0,0.0,0.0,0.0,0.0,0.0,0.0,0.0,0.0,0.0,0.0,0.0,0.0,0.0,0.0,0.0,0.0,0.0,0.0,0.0,0.0,0.0,0.0,0.0,0.0,0.0,0.0,0.0,0.0,0.0,0.0,0.0,0.0,0.0,0.0,0.0,0.0,0.0,0.0,0.0,0.0,0.0,0.0,0.0,0.0,0.0,0.0,0.0,0.0,0.0,0.0,0.0,0.0,0.0,0.0,0.0,0.0,0.0,0.0,0.0,0.0,0.0,0.0,0.0,0.0,0.0,0.0,0.0,0.0,0.0,0.0,0.0,0.0,0.0,0.0,0.0,0.0,0.0,0.0,0.0,0.0,0.0,0.0,0.0,0.0,0.0,0.0,0.0,0.0,0.0,0.0,0.0,0.0,0.0,0.0,0.0,0.0,0.0,0.0,0.0,0.0,0.0,0.0,0.0,0.0,0.0,0.0,0.0,0.0,0.0,0.0,0.0,0.0,0.0,0.0,0.0,0.0,0.0,0.0,0.0,0.0,0.0,0.0,0.0,0.0,0.0,0.0,0.0,0.0,0.0,0.0,0.0,0.0,0.0,0.0,0.0,0.0,0.0,0.0,0.0,0.0,0.0,0.0,0.0,0.0,0.0,0.0,0.0,0.0,0.0,0.0,0.0,0.0,0.0,0.0,0.0,0.0,0.0,0.0,0.0,0.0,0.0,0.0,0.0,0.0,0.0,0.0,0.0,0.0,0.0,0.0,0.0,0.0,0.0,0.0,0.0,0.0,0.0,0.0,0.0,0.0,0.0,0.0,0.0,0.0,0.0,0.0,0.0,0.0,0.0,0.0,0.0,0.0,0.0,0.0,0.0,0.0,0.0,healthy
3.21825,0.54131,1.98961,0.28628,0.55808,4.30604,3.41125,2.63166,0.26152,1.43517,0.90805,0.35348,1.49684,4.00183,1.33002,0.2493,2.72864,0.0,0.07437,0.41854,1.8364,2.08263,3.39234,0.20215,3.19075,0.41982,0.51723,0.07795,0.21815,0.45337,0.89825,0.00328,0.19753,0.63465,0.03199,0.00638,0.0,0.0,0.44118,0.19354,0.01319,0.78652,0.09299,0.06768,0.16646,0.0,0.0978,0.29238,0.00625,0.0,0.33184,0.04715,0.0,0.0,0.0,0.01252,0.0,0.01898,0.00833,0.0,0.0,0.0,0.0,0.0,0.02305,0.0,0.0,0.03123,0.0,0.0,0.0,0.0,0.85591,0.0,0.0,0.01421,0.32467,0.0,0.0,0.0,0.0,0.0,0.01471,0.0,0.01191,0.0,20.53359,5.6969,3.37458,0.30098,0.0,0.0,0.00239,0.5286,0.0,0.01348,0.0,0.66011,1.58007,0.37971,0.16608,0.25591,0.04214,0.41708,0.28863,0.0,1.01773,0.0,0.09072,0.02087,0.0,0.13665,5.85571,0.0,0.03452,0.02976,0.0,0.0,0.01486,0.0,0.0,0.0,0.0,0.0,0.0,0.0,0.04735,0.45805,0.00395,0.0,0.0,0.0,0.0,0.0,0.0,0.0,0.0,3.71431,1.1836,0.98093,0.88149,0.82064,0.72683,0.56888,0.29651,0.12976,0.09928,0.05954,0.05751,0.05207,0.03132,0.02654,0.0213,0.02032,0.01952,0.01734,0.00994,0.00798,0.00207,0.0,0.0,0.0,0.0,0.0,0.0,0.0,0.0,0.0,0.0,0.0,0.0,0.0,0.0,0.0,0.0,0.0,0.0,0.0,0.0,0.0,0.0,0.0,0.0,0.0,0.0,0.0,0.0,0.0,0.0,0.0,0.0,0.0,0.0,0.0,0.0,0.0,0.0,0.0,0.0,0.0,0.0,0.0,0.0,0.0,0.0,0.0,0.0,0.0,0.0,0.0,0.0,0.0,0.0,0.0,0.0,0.0,0.0,0.0,0.0,0.0,0.0,0.0,0.0,0.0,0.0,0.0,0.0,0.0,0.0,0.0,0.0,0.0,0.0,0.0,0.0,0.0,0.0,0.0,0.0,0.0,0.0,0.0,0.0,0.0,0.0,0.0,0.0,0.0,0.0,0.0,0.0,0.0,0.0,0.0,0.0,0.0,0.0,0.0,0.0,0.0,0.0,0.0,0.0,0.0,0.0,0.0,0.0,0.0,0.0,0.0,0.0,0.0,0.0,0.0,0.0,0.0,0.0,0.0,0.0,0.0,0.0,0.0,0.0,0.0,0.0,0.0,0.0,0.0,0.0,0.0,0.0,0.0,0.0,0.0,0.0,0.0,0.0,0.0,0.0,0.0,0.0,0.0,0.0,0.0,0.0,0.0,0.0,0.0,0.0,0.0,0.0,0.0,0.0,0.0,0.0,0.0,0.0,0.0,0.0,0.0,0.0,0.0,0.0,0.0,0.0,0.0,0.0,0.0,0.0,0.0,0.0,0.0,0.0,0.0,0.0,0.0,0.0,0.0,0.0,0.0,0.0,0.0,0.0,0.0,0.0,0.0,0.0,0.0,0.0,0.0,0.0,0.0,0.0,0.0,0.0,0.0,0.0,0.0,0.0,0.0,0.0,0.0,0.0,0.0,0.0,0.0,0.0,0.0,0.0,0.0,0.0,0.0,0.0,0.0,0.0,0.0,0.0,0.0,0.0,0.0,0.0,0.0,0.0,0.0,0.0,0.0,0.0,0.0,0.0,0.0,0.0,0.0,0.0,0.0,0.0,0.0,0.0,0.0,0.0,0.0,0.0,0.0,0.0,0.0,0.0,0.0,0.0,0.0,0.0,0.0,0.0,0.0,0.0,0.0,0.0,0.0,0.0,0.0,0.0,0.0,0.0,0.0,0.0,0.0,0.0,0.0,0.0,0.0,0.0,0.0,0.0,0.0,0.0,0.0,0.0,0.0,0.0,0.0,0.0,0.0,0.0,0.0,0.0,0.0,0.0,0.0,0.0,0.0,0.0,0.0,0.0,0.0,0.0,0.0,0.0,0.0,0.0,0.0,0.0,0.0,0.0,0.0,0.0,0.0,0.0,0.0,0.0,0.0,0.0,0.0,0.0,0.0,0.0,0.0,0.0,0.0,0.0,0.0,0.0,0.0,0.0,0.0,0.0,0.0,0.0,0.0,0.0,0.0,0.0,0.0,0.0,0.0,0.0,0.0,0.0,0.0,0.0,0.0,healthy
14.19974,2.42797,0.92401,1.97784,0.9701,1.97294,1.76423,1.33551,0.45703,0.35555,0.57518,0.12764,0.18904,0.43251,1.13026,0.44095,1.47221,0.0,0.58338,1.80174,0.15561,1.52691,0.26213,0.64656,0.49597,0.0,0.36321,0.0,0.19283,1.63211,0.0,0.00369,0.11929,2.07262,0.16643,0.05796,0.0,0.08039,0.09543,0.26462,0.07982,0.0,0.0,0.24146,0.07767,0.0,0.44663,0.07806,0.02035,0.69201,0.4442,0.23174,0.0,0.07456,0.01571,1.8039,0.0,0.08124,0.0,0.00159,0.0,0.0,0.0,0.0,0.16763,0.0,0.0,0.00911,0.0,0.0,0.0,0.0,0.07894,0.00138,0.74359,0.03806,2.41469,0.0,0.0,0.0,0.0,0.0,0.00599,0.0,0.00218,0.0,9.5652,0.66059,0.0,0.68877,3.71845,0.04475,0.0,0.35928,0.0,0.37927,0.03839,0.06011,0.15911,0.33302,0.11756,0.2081,0.0,0.03671,0.03805,0.0,0.0,0.0,0.18238,0.0,0.0,0.03497,0.13929,0.01965,0.0,0.0,0.0,0.0,0.0,0.0,0.0,0.0,29.48532,0.0,0.0,0.0051,0.0,0.27338,0.13457,0.0,0.0,0.0,0.0,0.0,0.0,0.0,0.0,0.87155,0.0,0.08554,0.0,0.0,0.0,2.43437,0.0,0.0,0.0,0.10097,0.0,0.0,0.0,0.0,0.07326,0.01165,0.06701,0.0,0.0,0.0,0.0,0.43696,0.09405,0.05615,0.0004,0.0,0.0,0.0,0.0,0.0,0.0,0.0,0.0,0.0,0.0,0.0,0.0,0.0,0.0,0.0,0.0,0.0,0.0,0.0,0.0,0.0,0.0,0.0,0.0,0.0,0.0,0.0,0.0,0.0,0.0,0.0,0.0,0.0,0.0,0.0,0.0,0.0,0.0,0.0,0.0,0.0,0.0,0.0,0.0,0.0,0.0,0.0,0.0,0.0,0.0,0.0,0.0,0.0,0.0,0.0,0.0,0.0,0.0,0.0,0.0,0.0,0.0,0.0,0.0,0.0,0.0,0.0,0.0,0.0,0.0,0.0,0.0,0.0,0.0,0.0,0.0,0.0,0.0,0.0,0.0,0.0,0.0,0.0,0.0,0.0,0.0,0.0,0.0,0.0,0.0,0.0,0.0,0.0,0.0,0.0,0.0,0.0,0.0,0.0,0.0,0.0,0.0,0.0,0.0,0.0,0.0,0.0,0.0,0.0,0.0,0.0,0.0,0.0,0.0,0.0,0.0,0.0,0.0,0.0,0.0,0.0,0.0,0.0,0.0,0.0,0.0,0.0,0.0,0.0,0.0,0.0,0.0,0.0,0.0,0.0,0.0,0.0,0.0,0.0,0.0,0.0,0.0,0.0,0.0,0.0,0.0,0.0,0.0,0.0,0.0,0.0,0.0,0.0,0.0,0.0,0.0,0.0,0.0,0.0,0.0,0.0,0.0,0.0,0.0,0.0,0.0,0.0,0.0,0.0,0.0,0.0,0.0,0.0,0.0,0.0,0.0,0.0,0.0,0.0,0.0,0.0,0.0,0.0,0.0,0.0,0.0,0.0,0.0,0.0,0.0,0.0,0.0,0.0,0.0,0.0,0.0,0.0,0.0,0.0,0.0,0.0,0.0,0.0,0.0,0.0,0.0,0.0,0.0,0.0,0.0,0.0,0.0,0.0,0.0,0.0,0.0,0.0,0.0,0.0,0.0,0.0,0.0,0.0,0.0,0.0,0.0,0.0,0.0,0.0,0.0,0.0,0.0,0.0,0.0,0.0,0.0,0.0,0.0,0.0,0.0,0.0,0.0,0.0,0.0,0.0,0.0,0.0,0.0,0.0,0.0,0.0,0.0,0.0,0.0,0.0,0.0,0.0,0.0,0.0,0.0,0.0,0.0,0.0,0.0,0.0,0.0,0.0,0.0,0.0,0.0,0.0,0.0,0.0,0.0,0.0,0.0,0.0,0.0,0.0,0.0,0.0,0.0,0.0,0.0,0.0,0.0,0.0,0.0,0.0,0.0,0.0,0.0,0.0,0.0,0.0,0.0,0.0,0.0,0.0,0.0,0.0,0.0,0.0,0.0,0.0,0.0,0.0,0.0,0.0,0.0,0.0,0.0,0.0,0.0,0.0,0.0,0.0,0.0,0.0,0.0,0.0,0.0,0.0,0.0,0.0,0.0,0.0,0.0,0.0,0.0,0.0,0.0,0.0,0.0,0.0,healthy
3.67573,1.87743,1.3037,0.26656,1.89616,4.83869,1.14177,0.18918,1.98927,1.33394,2.35092,0.01048,0.07471,0.45607,0.79935,0.53366,0.87879,0.0,0.25175,2.39688,3.36736,0.10806,0.36539,0.27002,1.51153,0.15596,0.67721,0.0,0.1293,0.37907,1.01636,0.01139,0.03576,3.85114,0.02969,0.13895,0.0,0.03041,0.0,0.05633,0.09741,0.0,0.0,0.0,0.00402,0.00552,0.75514,0.14521,0.0,0.0,1.0678,0.08088,0.0,0.01149,0.0,0.0,1.18111,0.02227,0.0,0.0,0.0,0.0,0.0,0.0,0.0,0.0,0.0,0.0,0.0,0.0,0.0,0.0,0.33303,0.0,0.0,0.2311,0.03666,0.0,0.0,0.0,0.0,0.0,0.0,0.0,0.0,0.0,18.91284,0.07223,8.39316,0.16275,0.22255,0.0,0.0,0.00171,0.0,0.32201,0.0,0.0,0.29191,0.13942,0.07204,0.32609,0.06654,0.0,0.07746,0.0,0.00965,0.0,0.0,0.0,0.0,0.0,0.50602,0.0,0.10261,0.31865,0.0,0.0,0.0,0.0,2.40938,0.0,2.05065,0.62166,0.25892,0.0,0.0,0.0,0.07775,0.0,0.0,0.0,0.0,0.0,0.0,0.0,0.0,10.10969,0.04513,1.97512,0.0,0.0,0.03448,0.09265,0.0,0.02206,0.0,0.053,0.0,0.0,0.0,0.0,0.0,0.0,0.0,0.0,0.0,0.0,0.0,0.0,0.0,0.0,0.0,0.0,0.0,0.0,0.0,0.0,0.0,0.0,0.0,0.0,0.24628,0.0,0.0,0.0,0.0,0.0,0.9216,0.0,0.0,0.0,0.0,0.0,0.0,0.0,6.43259,1.11202,0.42668,0.32316,0.23148,0.06892,0.0597,0.03157,0.01217,0.0,0.0,0.0,0.0,0.0,0.0,0.0,0.0,0.0,0.0,0.0,0.0,0.0,0.0,0.0,0.0,0.0,0.0,0.0,0.0,0.0,0.0,0.0,0.0,0.0,0.0,0.0,0.0,0.0,0.0,0.0,0.0,0.0,0.0,0.0,0.0,0.0,0.0,0.0,0.0,0.0,0.0,0.0,0.0,0.0,0.0,0.0,0.0,0.0,0.0,0.0,0.0,0.0,0.0,0.0,0.0,0.0,0.0,0.0,0.0,0.0,0.0,0.0,0.0,0.0,0.0,0.0,0.0,0.0,0.0,0.0,0.0,0.0,0.0,0.0,0.0,0.0,0.0,0.0,0.0,0.0,0.0,0.0,0.0,0.0,0.0,0.0,0.0,0.0,0.0,0.0,0.0,0.0,0.0,0.0,0.0,0.0,0.0,0.0,0.0,0.0,0.0,0.0,0.0,0.0,0.0,0.0,0.0,0.0,0.0,0.0,0.0,0.0,0.0,0.0,0.0,0.0,0.0,0.0,0.0,0.0,0.0,0.0,0.0,0.0,0.0,0.0,0.0,0.0,0.0,0.0,0.0,0.0,0.0,0.0,0.0,0.0,0.0,0.0,0.0,0.0,0.0,0.0,0.0,0.0,0.0,0.0,0.0,0.0,0.0,0.0,0.0,0.0,0.0,0.0,0.0,0.0,0.0,0.0,0.0,0.0,0.0,0.0,0.0,0.0,0.0,0.0,0.0,0.0,0.0,0.0,0.0,0.0,0.0,0.0,0.0,0.0,0.0,0.0,0.0,0.0,0.0,0.0,0.0,0.0,0.0,0.0,0.0,0.0,0.0,0.0,0.0,0.0,0.0,0.0,0.0,0.0,0.0,0.0,0.0,0.0,0.0,0.0,0.0,0.0,0.0,0.0,0.0,0.0,0.0,0.0,0.0,0.0,0.0,0.0,0.0,0.0,0.0,0.0,0.0,0.0,0.0,0.0,0.0,0.0,0.0,0.0,0.0,0.0,0.0,0.0,0.0,0.0,0.0,0.0,0.0,0.0,0.0,0.0,0.0,0.0,0.0,0.0,0.0,0.0,0.0,0.0,0.0,0.0,0.0,0.0,0.0,0.0,0.0,0.0,0.0,0.0,0.0,0.0,0.0,0.0,0.0,0.0,0.0,0.0,0.0,0.0,0.0,0.0,0.0,0.0,0.0,0.0,0.0,0.0,0.0,0.0,0.0,0.0,0.0,0.0,0.0,0.0,0.0,0.0,0.0,0.0,0.0,0.0,0.0,0.0,0.0,0.0,0.0,0.0,0.0,0.0,0.0,0.0,0.0,0.0,0.0,0.0,healthy
11.76851,1.46619,7.09724,1.08119,2.31542,4.07369,1.92294,0.44589,1.38188,0.14716,0.98799,0.0,0.02807,1.88794,2.38077,0.0,4.04065,0.0,0.0,4.02355,0.13508,0.0,0.0,0.44976,1.07868,0.0,0.44523,0.03632,0.50153,9.39131,0.21943,0.25584,0.0058,9.53364,0.02649,0.60671,0.0,0.0,1.73215,0.04693,0.0,0.09466,0.00837,0.09366,0.0,0.21235,0.0,0.29455,0.10657,2.38184,0.0,1.11588,0.0,0.0,0.0,0.00883,0.0,0.11532,0.0,0.0,0.0,0.0,0.02373,0.0,0.00313,0.0,0.0,0.00129,0.87932,0.0,0.0,0.00699,0.17327,0.00484,0.49548,0.08853,1.81221,0.0,0.0342,0.0,0.00565,0.03211,0.00413,0.0,0.0,0.0,6.2074,0.08248,0.0,2.33674,0.0,0.89206,0.04682,0.26941,0.0,0.0,0.86733,0.71086,0.25618,0.27535,0.0,0.89041,3.34401,0.0,0.00427,0.0,0.0,0.01945,0.0,0.0,0.29354,0.09954,0.01324,0.0,0.01346,0.63196,0.0,0.0,0.0,0.0,0.0,0.0,0.0,2.55362,0.0,0.0,0.0,0.0,0.0794,0.0097,0.0,0.0,0.0,0.0,0.0,0.0,0.0,0.04808,0.0,0.0,0.20206,0.0,0.0,0.0,0.0,0.0,0.0,0.24869,0.0,0.0,0.0,0.0,0.0,0.0,0.12505,0.0,0.0,0.0,0.0,0.0,0.0,0.0,0.0,0.0,0.0,0.0,0.0,0.0,0.0,0.0,0.0078,0.0,0.0,0.0,0.0,0.00321,0.0,0.0,0.0,0.0,0.0,0.0,0.0,0.0,0.0,0.0,0.0,0.0,0.0,0.0,0.0,0.0,0.0,0.0,0.1431,1.30102,0.17077,0.16649,0.11345,0.01392,0.01136,0.0038,0.00255,0.0025,0.00191,0.00098,0.0,0.0,0.0,0.0,0.0,0.0,0.0,0.0,0.0,0.0,0.0,0.0,0.0,0.0,0.0,0.0,0.0,0.0,0.0,0.0,0.0,0.0,0.0,0.0,0.0,0.0,0.0,0.0,0.0,0.0,0.0,0.0,0.0,0.0,0.0,0.0,0.0,0.0,0.0,0.0,0.0,0.0,0.0,0.0,0.0,0.0,0.0,0.0,0.0,0.0,0.0,0.0,0.0,0.0,0.0,0.0,0.0,0.0,0.0,0.0,0.0,0.0,0.0,0.0,0.0,0.0,0.0,0.0,0.0,0.0,0.0,0.0,0.0,0.0,0.0,0.0,0.0,0.0,0.0,0.0,0.0,0.0,0.0,0.0,0.0,0.0,0.0,0.0,0.0,0.0,0.0,0.0,0.0,0.0,0.0,0.0,0.0,0.0,0.0,0.0,0.0,0.0,0.0,0.0,0.0,0.0,0.0,0.0,0.0,0.0,0.0,0.0,0.0,0.0,0.0,0.0,0.0,0.0,0.0,0.0,0.0,0.0,0.0,0.0,0.0,0.0,0.0,0.0,0.0,0.0,0.0,0.0,0.0,0.0,0.0,0.0,0.0,0.0,0.0,0.0,0.0,0.0,0.0,0.0,0.0,0.0,0.0,0.0,0.0,0.0,0.0,0.0,0.0,0.0,0.0,0.0,0.0,0.0,0.0,0.0,0.0,0.0,0.0,0.0,0.0,0.0,0.0,0.0,0.0,0.0,0.0,0.0,0.0,0.0,0.0,0.0,0.0,0.0,0.0,0.0,0.0,0.0,0.0,0.0,0.0,0.0,0.0,0.0,0.0,0.0,0.0,0.0,0.0,0.0,0.0,0.0,0.0,0.0,0.0,0.0,0.0,0.0,0.0,0.0,0.0,0.0,0.0,0.0,0.0,0.0,0.0,0.0,0.0,0.0,0.0,0.0,0.0,0.0,0.0,0.0,0.0,0.0,0.0,0.0,0.0,0.0,0.0,0.0,0.0,0.0,0.0,0.0,0.0,0.0,0.0,0.0,0.0,0.0,0.0,0.0,0.0,0.0,0.0,0.0,0.0,0.0,0.0,0.0,0.0,0.0,0.0,0.0,0.0,0.0,0.0,0.0,0.0,0.0,0.0,0.0,0.0,0.0,0.0,0.0,0.0,0.0,0.0,0.0,0.0,0.0,0.0,0.0,0.0,0.0,0.0,0.0,0.0,0.0,0.0,0.0,0.0,0.0,0.0,0.0,0.0,0.0,0.0,0.0,0.0,0.0,0.0,0.0,healthy
5.61108,0.76248,3.56218,0.76867,0.04996,1.92516,0.88039,3.382,0.04268,14.49619,2.22143,0.0,2.50286,2.10047,2.26183,0.03449,4.53502,0.0,2.01257,4.28597,0.0,0.08414,5.70674,0.6425,0.0,0.91067,0.51592,0.83922,0.41577,1.64256,0.08271,0.108,0.37641,0.0044,0.05816,0.5045,0.0,0.50459,0.04233,0.0,0.05076,5.32095,0.01554,0.3066,0.00438,0.068,0.0,0.5245,0.15654,0.02989,0.68864,0.47195,0.00474,0.01395,0.0,0.00554,0.00636,0.0542,0.0,0.00949,0.0,0.0,0.05582,0.0,0.00726,0.0,0.0,0.0,0.0,0.0,0.0,0.05532,0.79791,0.0065,1.02091,0.00058,0.74859,0.0,0.0,0.0,0.0,0.0,0.00284,0.04619,0.00142,0.0,8.3557,0.54334,0.0,0.98736,5.75385,0.07294,0.77087,0.02694,0.0,0.0,0.0,0.44393,0.04137,0.0,0.02253,0.18873,1.98285,0.0,0.0,0.0,0.2024,0.0,0.13253,0.0,0.06593,0.02031,0.12883,0.18219,0.0,0.12558,0.0,0.0,0.00669,0.0,0.0,1.51683,0.0,0.0,0.0,0.0,0.0,0.0,0.0,0.0,0.09257,0.0,0.0,0.0,0.0,0.0,0.0,0.54952,0.0,0.16635,0.0,0.0,0.0,0.0,0.0,0.0,0.0,0.01065,0.0,0.0,0.0,0.0,0.03797,0.0,0.0,0.0,0.01546,0.0,0.0,0.0,0.0,0.0,0.0,0.0,0.0,0.0,0.0,0.97921,0.0,0.0,0.0,0.0,0.0,0.0,0.0,0.0,0.0,0.0,0.0,0.0,0.0,0.0,0.0,0.0,0.02463,0.0,0.0,0.0,0.0,0.0,0.0,1.2303,0.0,0.0,0.0,0.0,0.0,0.0,0.0,0.0,0.0,0.0,0.0,0.0,0.0,0.0,0.76772,0.13237,0.05196,0.00385,0.00346,0.0,0.0,0.0,0.0,0.0,0.0,0.0,0.0,0.0,0.0,0.0,0.0,0.0,0.0,0.0,0.0,0.0,0.0,0.0,0.0,0.0,0.0,0.0,0.0,0.0,0.0,0.0,0.0,0.0,0.0,0.0,0.0,0.0,0.0,0.0,0.0,0.0,0.0,0.0,0.0,0.0,0.0,0.0,0.0,0.0,0.0,0.0,0.0,0.0,0.0,0.0,0.0,0.0,0.0,0.0,0.0,0.0,0.0,0.0,0.0,0.0,0.0,0.0,0.0,0.0,0.0,0.0,0.0,0.0,0.0,0.0,0.0,0.0,0.0,0.0,0.0,0.0,0.0,0.0,0.0,0.0,0.0,0.0,0.0,0.0,0.0,0.0,0.0,0.0,0.0,0.0,0.0,0.0,0.0,0.0,0.0,0.0,0.0,0.0,0.0,0.0,0.0,0.0,0.0,0.0,0.0,0.0,0.0,0.0,0.0,0.0,0.0,0.0,0.0,0.0,0.0,0.0,0.0,0.0,0.0,0.0,0.0,0.0,0.0,0.0,0.0,0.0,0.0,0.0,0.0,0.0,0.0,0.0,0.0,0.0,0.0,0.0,0.0,0.0,0.0,0.0,0.0,0.0,0.0,0.0,0.0,0.0,0.0,0.0,0.0,0.0,0.0,0.0,0.0,0.0,0.0,0.0,0.0,0.0,0.0,0.0,0.0,0.0,0.0,0.0,0.0,0.0,0.0,0.0,0.0,0.0,0.0,0.0,0.0,0.0,0.0,0.0,0.0,0.0,0.0,0.0,0.0,0.0,0.0,0.0,0.0,0.0,0.0,0.0,0.0,0.0,0.0,0.0,0.0,0.0,0.0,0.0,0.0,0.0,0.0,0.0,0.0,0.0,0.0,0.0,0.0,0.0,0.0,0.0,0.0,0.0,0.0,0.0,0.0,0.0,0.0,0.0,0.0,0.0,0.0,0.0,0.0,0.0,0.0,0.0,0.0,0.0,0.0,0.0,0.0,0.0,0.0,0.0,0.0,0.0,0.0,0.0,0.0,0.0,0.0,0.0,0.0,0.0,0.0,0.0,0.0,0.0,0.0,0.0,0.0,0.0,0.0,0.0,0.0,0.0,0.0,0.0,0.0,0.0,0.0,0.0,0.0,0.0,0.0,0.0,0.0,0.0,0.0,0.0,0.0,0.0,0.0,0.0,0.0,0.0,0.0,0.0,0.0,0.0,0.0,0.0,0.0,0.0,0.0,0.0,0.0,0.0,healthy
7.60115,1.32544,2.36574,1.5306,0.98996,4.77483,2.0045,0.93463,0.30447,3.68209,1.06893,0.47274,0.70899,2.16853,0.6123,2.4938,0.8155,0.0,0.42494,5.91541,0.22458,0.22276,0.50363,0.24655,1.05245,0.0,0.53948,0.0,0.1238,0.05881,0.0,0.01675,0.04535,0.36748,0.26197,0.43778,0.0,0.0,0.0,0.00779,3.95542,0.0,0.00939,0.10079,0.4308,0.21553,0.19294,0.00333,0.41485,0.10671,0.32804,0.52844,0.0,0.0,0.05102,0.01823,0.02754,0.29451,0.00067,0.0,0.0,0.0,0.01741,0.0,0.04854,0.01539,0.0,0.00251,0.0,0.0,0.0,0.009,0.04464,0.01846,0.0,0.05047,0.76626,0.0,0.0,0.0,0.0,0.01882,0.0045,0.0,0.00347,0.0,6.52429,0.06856,0.0,0.18575,0.0,0.0,7.45246,0.03695,0.0,0.03289,0.0,0.89202,0.0,0.04375,0.0053,0.04739,0.01017,0.0,0.0,0.0,0.22943,0.0,0.0,0.0,0.39725,0.00521,0.0,0.0,0.0054,0.0,0.0,0.0,0.01821,0.0,0.0,0.0,0.0,0.0,0.0,0.0,0.0,0.0,0.01855,0.0,0.00827,0.0,0.0,0.0,0.0,0.0,0.00732,0.0,0.54591,0.0,0.0,0.0,0.01906,0.0,0.0,0.0,0.0,0.02835,0.0,0.0,0.0,0.0,0.0909,0.0,0.0,0.0,0.0,3.64507,0.0016,0.0,0.0,0.0,0.04021,0.0,0.0,0.0,0.0,0.0,0.0,0.0,0.0,0.0,0.0,0.02237,0.0,0.0,0.0,0.0,0.03258,0.0,0.04037,0.0,0.11428,0.0,0.0,0.0034,0.0,0.22161,9.63377,0.0,0.0,0.0,0.0,0.0,0.0,0.0,0.0,0.0,0.0,0.0,0.0,0.01666,0.0,0.0,0.0,0.0,0.0,0.0,0.0,0.0,0.07818,0.0,0.0,0.0,0.00673,0.0,0.0,0.0,0.0,0.0,0.0,0.0,0.0,0.0,0.0,0.25462,0.0,0.0,0.0,14.39859,1.84133,0.64681,0.1693,0.04179,0.03905,0.03231,0.01608,0.01074,0.0,0.0,0.0,0.0,0.0,0.0,0.0,0.0,0.0,0.0,0.0,0.0,0.0,0.0,0.0,0.0,0.0,0.0,0.0,0.0,0.0,0.0,0.0,0.0,0.0,0.0,0.0,0.0,0.0,0.0,0.0,0.0,0.0,0.0,0.0,0.0,0.0,0.0,0.0,0.0,0.0,0.0,0.0,0.0,0.0,0.0,0.0,0.0,0.0,0.0,0.0,0.0,0.0,0.0,0.0,0.0,0.0,0.0,0.0,0.0,0.0,0.0,0.0,0.0,0.0,0.0,0.0,0.0,0.0,0.0,0.0,0.0,0.0,0.0,0.0,0.0,0.0,0.0,0.0,0.0,0.0,0.0,0.0,0.0,0.0,0.0,0.0,0.0,0.0,0.0,0.0,0.0,0.0,0.0,0.0,0.0,0.0,0.0,0.0,0.0,0.0,0.0,0.0,0.0,0.0,0.0,0.0,0.0,0.0,0.0,0.0,0.0,0.0,0.0,0.0,0.0,0.0,0.0,0.0,0.0,0.0,0.0,0.0,0.0,0.0,0.0,0.0,0.0,0.0,0.0,0.0,0.0,0.0,0.0,0.0,0.0,0.0,0.0,0.0,0.0,0.0,0.0,0.0,0.0,0.0,0.0,0.0,0.0,0.0,0.0,0.0,0.0,0.0,0.0,0.0,0.0,0.0,0.0,0.0,0.0,0.0,0.0,0.0,0.0,0.0,0.0,0.0,0.0,0.0,0.0,0.0,0.0,0.0,0.0,0.0,0.0,0.0,0.0,0.0,0.0,0.0,0.0,0.0,0.0,0.0,0.0,0.0,0.0,0.0,0.0,0.0,0.0,0.0,0.0,0.0,0.0,0.0,0.0,0.0,0.0,0.0,0.0,0.0,0.0,0.0,0.0,0.0,0.0,0.0,0.0,0.0,0.0,0.0,0.0,0.0,0.0,0.0,0.0,0.0,0.0,0.0,0.0,0.0,0.0,0.0,0.0,0.0,0.0,0.0,0.0,0.0,0.0,0.0,0.0,0.0,0.0,0.0,0.0,0.0,0.0,0.0,0.0,0.0,0.0,0.0,0.0,0.0,0.0,0.0,0.0,0.0,0.0,0.0,0.0,0.0,0.0,0.0,0.0,0.0,0.0,healthy
15.72125,2.43485,3.09002,0.76154,1.74269,4.10399,4.32693,0.90159,0.83083,0.0451,1.01598,0.2006,0.06405,0.54433,1.77948,0.28103,4.15572,0.08808,0.46074,0.36805,0.49,0.69628,7.69559,0.98076,0.80682,0.0,0.54347,0.03202,0.1816,0.56233,0.19783,0.0166,0.12579,0.1342,0.33468,1.4548,0.0,0.41673,0.18613,0.24608,1.30775,0.0,0.06004,0.0,0.0,0.20303,0.0,0.63761,0.16531,0.02941,0.31892,0.4452,0.0,0.00878,0.0,0.0243,0.0,0.42383,0.02244,0.00107,0.0,0.0,0.02167,0.03723,0.0,0.32721,0.0,1.12517,0.0,0.0,0.0,0.0,0.02697,0.01671,0.0,0.01812,1.31493,0.0,0.0,0.0,0.02476,0.00614,0.02504,0.01951,0.01636,0.0,11.33983,0.0147,0.0,0.0,15.68686,0.15518,0.14129,0.35575,0.0,0.15154,0.0,0.0,0.5154,0.04721,0.29828,0.4944,0.22824,0.0,0.0,0.0,0.2097,0.0,0.0,0.0,0.0,0.0,2.16272,0.0181,0.0,0.01676,0.0,0.0,0.0,0.00922,0.0,0.0,0.50619,2.09726,0.0,0.0,0.0,0.52216,0.0,0.0,0.0,0.0,0.0,0.0,0.0,0.0,0.0,0.0,0.0074,0.0,0.0,0.0,0.0249,0.0,0.0,0.0,0.0,0.00082,0.0,0.0,0.0,0.0,0.0,0.01859,0.0,0.0,0.00585,0.0,0.0,0.0,0.0,0.0,0.0,0.0,0.0,0.0,0.0,0.0,0.0,0.0,0.00829,0.0,0.01413,0.0,0.0,0.0,0.0,0.0,0.0,0.0,0.0,0.0,0.0,0.0,0.01711,0.0,0.0,0.0,0.0,0.0,0.0,0.0,0.00264,0.0,0.0,0.0,0.06568,0.0,0.0,0.0,0.0,0.0,0.0,0.0,0.0,0.0,0.0,0.0,0.0,0.0,0.0,0.0,0.0,0.0,0.0,0.0,0.0,0.0,0.0,0.0,0.0,0.00763,0.0,0.0,0.0,0.0,0.0,0.0,0.0,0.0,0.0,0.0,0.0,0.0,0.063,0.0,0.0,0.0,0.00601,0.00319,0.00289,0.002,0.00093,0.0,0.0,0.0,0.0,0.0,0.0,0.0,0.0,0.0,0.0,0.0,0.0,0.0,0.0,0.0,0.0,0.0,0.0,0.0,0.0,0.0,0.0,0.0,0.0,0.0,0.0,0.0,0.0,0.0,0.0,0.0,0.0,0.0,0.0,0.0,0.0,0.0,0.0,0.0,0.0,0.0,0.0,0.0,0.0,0.0,0.0,0.0,0.0,0.0,0.0,0.0,0.0,0.0,0.0,0.0,0.0,0.0,0.0,0.0,0.0,0.0,0.0,0.0,0.0,0.0,0.0,0.0,0.0,0.0,0.0,0.0,0.0,0.0,0.0,0.0,0.0,0.0,0.0,0.0,0.0,0.0,0.0,0.0,0.0,0.0,0.0,0.0,0.0,0.0,0.0,0.0,0.0,0.0,0.0,0.0,0.0,0.0,0.0,0.0,0.0,0.0,0.0,0.0,0.0,0.0,0.0,0.0,0.0,0.0,0.0,0.0,0.0,0.0,0.0,0.0,0.0,0.0,0.0,0.0,0.0,0.0,0.0,0.0,0.0,0.0,0.0,0.0,0.0,0.0,0.0,0.0,0.0,0.0,0.0,0.0,0.0,0.0,0.0,0.0,0.0,0.0,0.0,0.0,0.0,0.0,0.0,0.0,0.0,0.0,0.0,0.0,0.0,0.0,0.0,0.0,0.0,0.0,0.0,0.0,0.0,0.0,0.0,0.0,0.0,0.0,0.0,0.0,0.0,0.0,0.0,0.0,0.0,0.0,0.0,0.0,0.0,0.0,0.0,0.0,0.0,0.0,0.0,0.0,0.0,0.0,0.0,0.0,0.0,0.0,0.0,0.0,0.0,0.0,0.0,0.0,0.0,0.0,0.0,0.0,0.0,0.0,0.0,0.0,0.0,0.0,0.0,0.0,0.0,0.0,0.0,0.0,0.0,0.0,0.0,0.0,0.0,0.0,0.0,0.0,0.0,0.0,0.0,0.0,0.0,0.0,0.0,0.0,0.0,0.0,0.0,0.0,0.0,0.0,0.0,0.0,0.0,0.0,0.0,0.0,0.0,0.0,0.0,0.0,0.0,0.0,0.0,0.0,0.0,0.0,0.0,0.0,0.0,0.0,0.0,0.0,healthy
24.63416,1.00427,4.85542,0.73813,1.45783,6.39834,2.58595,1.79294,0.76816,3.24876,2.59758,0.00086,0.11969,5.23062,0.8481,0.98259,1.98488,0.0,1.12306,4.1544,0.53833,0.57612,5.39546,0.42308,1.51077,2.47402,0.41832,0.0,0.42079,3.00951,0.15801,0.0849,0.06308,0.0,0.32896,0.73696,0.02879,2.50344,0.37937,0.3309,0.02347,0.43747,0.01438,0.26456,0.38852,0.0873,0.0,0.22775,0.16674,0.20248,0.94366,0.33872,0.0,0.0,0.09642,0.12772,0.24281,0.2036,0.00426,0.19889,0.0,0.0,0.052,0.0,0.08975,0.03919,0.0,0.00383,0.0,0.0,0.0,0.12968,0.04079,0.0144,0.0,0.03344,0.5595,0.0,0.08983,0.0,0.00179,0.0,0.0218,0.0118,0.0039,0.0,0.4543,2.99955,0.0,0.72154,0.0,0.19907,0.18528,0.45031,0.0,0.17393,0.00533,0.28894,0.27546,0.12295,0.27947,0.34252,1.05766,0.089,0.0,0.0,0.0,0.0,0.01386,0.0,0.15624,0.09611,0.47556,0.0151,0.01428,0.20303,0.0,0.0,0.01775,0.0027,0.0,0.0,0.0,0.0,0.0,0.0,0.42838,0.0,0.0,0.0,0.0,0.0,0.0,0.0,0.0,0.0,0.0,0.32838,0.0,0.0,0.0,0.0,0.0,0.0,0.0,0.0,0.0,0.0046,0.0,0.0,0.00136,0.0,0.36109,0.00129,0.03632,0.43841,0.0,0.50332,0.0015,0.0,0.0,0.0,0.0,0.0,0.0,0.0,0.0,0.0,0.0,0.0,0.0,0.08174,0.0,0.0,0.0,0.0,0.0,0.0,0.0,0.0,0.0137,0.0,0.0,0.0,0.00988,0.0,0.0,0.0,0.0,0.0,0.0,0.0,0.0,0.0,0.0,0.0,0.0,0.0,0.0,0.0,0.0,0.00419,0.00676,0.0,0.0,0.0,0.0,0.0,0.0,0.0,0.02239,0.0,0.0,0.0,0.0,0.0,0.0,0.0,0.0,0.0,0.0,0.00213,0.0,0.0,0.0,0.0,0.0,0.0,0.0,0.0,0.0,0.0,0.0,0.0,0.0,0.00321,0.0,0.00724,0.0,0.00214,0.0,0.0,0.0,0.02881,0.01598,0.0139,0.00988,0.00275,0.00207,0.00101,0.00065,0.0,0.0,0.0,0.0,0.0,0.0,0.0,0.0,0.0,0.0,0.0,0.0,0.0,0.0,0.0,0.0,0.0,0.0,0.0,0.0,0.0,0.0,0.0,0.0,0.0,0.0,0.0,0.0,0.0,0.0,0.0,0.0,0.0,0.0,0.0,0.0,0.0,0.0,0.0,0.0,0.0,0.0,0.0,0.0,0.0,0.0,0.0,0.0,0.0,0.0,0.0,0.0,0.0,0.0,0.0,0.0,0.0,0.0,0.0,0.0,0.0,0.0,0.0,0.0,0.0,0.0,0.0,0.0,0.0,0.0,0.0,0.0,0.0,0.0,0.0,0.0,0.0,0.0,0.0,0.0,0.0,0.0,0.0,0.0,0.0,0.0,0.0,0.0,0.0,0.0,0.0,0.0,0.0,0.0,0.0,0.0,0.0,0.0,0.0,0.0,0.0,0.0,0.0,0.0,0.0,0.0,0.0,0.0,0.0,0.0,0.0,0.0,0.0,0.0,0.0,0.0,0.0,0.0,0.0,0.0,0.0,0.0,0.0,0.0,0.0,0.0,0.0,0.0,0.0,0.0,0.0,0.0,0.0,0.0,0.0,0.0,0.0,0.0,0.0,0.0,0.0,0.0,0.0,0.0,0.0,0.0,0.0,0.0,0.0,0.0,0.0,0.0,0.0,0.0,0.0,0.0,0.0,0.0,0.0,0.0,0.0,0.0,0.0,0.0,0.0,0.0,0.0,0.0,0.0,0.0,0.0,0.0,0.0,0.0,0.0,0.0,0.0,0.0,0.0,0.0,0.0,0.0,0.0,0.0,0.0,0.0,0.0,0.0,0.0,0.0,0.0,0.0,0.0,0.0,0.0,0.0,0.0,0.0,0.0,0.0,0.0,0.0,0.0,0.0,0.0,0.0,0.0,0.0,0.0,0.0,0.0,0.0,0.0,0.0,0.0,0.0,0.0,0.0,0.0,0.0,0.0,0.0,0.0,0.0,0.0,0.0,0.0,0.0,0.0,0.0,0.0,0.0,0.0,0.0,0.0,0.0,0.0,0.0,0.0,0.0,0.0,0.0,0.0,0.0,0.0,0.0,0.0,healthy
2.02064,1.09041,2.61519,2.51117,0.52228,15.38893,1.3555,0.99686,0.0,18.90091,0.92386,0.00168,0.04765,3.91532,2.16673,0.0,0.0,0.0,1.21813,0.51697,2.29646,0.0,0.0,0.66693,0.0,0.0,0.57972,0.0,0.62535,0.62068,1.20758,0.03895,0.10056,10.52674,0.24388,0.0884,0.0,1.62379,0.0,0.85547,0.61262,0.08883,0.0,0.01428,0.0,0.16055,0.0,2.39343,0.18995,0.0,1.00284,1.48995,0.0,0.00962,0.0,0.03408,0.0082,0.19243,0.0,0.0,0.0,0.0,0.03376,0.0,0.0,0.0,0.03527,0.00748,0.0,0.0,0.0,0.00181,0.0,0.01008,0.00213,0.04502,0.56286,0.0,0.16259,0.0,0.0,0.0,0.00276,0.0,0.00097,0.00333,7.33553,1.0337,0.0,2.05143,0.0,0.0,0.05405,0.85461,0.0,0.0,0.0,0.10966,1.68146,0.41682,0.55915,0.08181,2.22926,0.00197,0.02476,0.0,0.0,0.0,0.02708,0.0,0.0,0.06373,0.0,0.01946,0.02954,0.0,0.0,0.0,0.07674,0.0,0.0,0.0,0.0,0.0,0.0,0.0,0.0,0.0,0.0,0.0,0.0,0.0,0.0,0.0,0.0,0.0,0.0,0.16768,0.0,0.0,0.0,0.0,0.07795,0.0,0.0,0.0,0.0,0.0,0.0,0.0,0.02377,0.0,0.0,0.0,0.49612,0.0,0.0,0.12794,0.0,0.0,0.0,0.0,0.0,0.2702,0.18239,0.0,0.0,0.0,0.0,0.0,0.17085,0.0,0.0,0.0,0.0,0.76346,0.0,0.0,0.0,0.0,0.0,0.01142,0.0,0.0,0.0,0.0,0.0,0.0,0.0,0.05489,0.0,0.0,0.0,0.0,0.0,0.0,0.0,0.0,0.0,0.0,0.0,0.0,0.0,0.0,0.0,0.00616,0.0,0.0,0.0,0.0,0.0,0.0,0.0,0.0,0.0015,0.0,0.02439,0.02118,0.0,0.0,0.0,0.0,0.0,0.0,0.0,0.00172,0.0,0.0,0.0,0.0,0.0,0.0,0.0,0.0,0.0,0.0,0.03607,0.0,0.0,0.0,0.02887,0.00381,0.0,0.0,0.0,0.0,0.0,0.0,0.0,0.0,0.0,0.07354,0.0094,0.00679,0.00139,0.00138,0.00136,0.0,0.0,0.0,0.0,0.0,0.0,0.0,0.0,0.0,0.0,0.0,0.0,0.0,0.0,0.0,0.0,0.0,0.0,0.0,0.0,0.0,0.0,0.0,0.0,0.0,0.0,0.0,0.0,0.0,0.0,0.0,0.0,0.0,0.0,0.0,0.0,0.0,0.0,0.0,0.0,0.0,0.0,0.0,0.0,0.0,0.0,0.0,0.0,0.0,0.0,0.0,0.0,0.0,0.0,0.0,0.0,0.0,0.0,0.0,0.0,0.0,0.0,0.0,0.0,0.0,0.0,0.0,0.0,0.0,0.0,0.0,0.0,0.0,0.0,0.0,0.0,0.0,0.0,0.0,0.0,0.0,0.0,0.0,0.0,0.0,0.0,0.0,0.0,0.0,0.0,0.0,0.0,0.0,0.0,0.0,0.0,0.0,0.0,0.0,0.0,0.0,0.0,0.0,0.0,0.0,0.0,0.0,0.0,0.0,0.0,0.0,0.0,0.0,0.0,0.0,0.0,0.0,0.0,0.0,0.0,0.0,0.0,0.0,0.0,0.0,0.0,0.0,0.0,0.0,0.0,0.0,0.0,0.0,0.0,0.0,0.0,0.0,0.0,0.0,0.0,0.0,0.0,0.0,0.0,0.0,0.0,0.0,0.0,0.0,0.0,0.0,0.0,0.0,0.0,0.0,0.0,0.0,0.0,0.0,0.0,0.0,0.0,0.0,0.0,0.0,0.0,0.0,0.0,0.0,0.0,0.0,0.0,0.0,0.0,0.0,0.0,0.0,0.0,0.0,0.0,0.0,0.0,0.0,0.0,0.0,0.0,0.0,0.0,0.0,0.0,0.0,0.0,0.0,0.0,0.0,0.0,0.0,0.0,0.0,0.0,0.0,0.0,0.0,0.0,0.0,0.0,0.0,0.0,0.0,0.0,0.0,0.0,0.0,0.0,0.0,0.0,0.0,0.0,0.0,0.0,0.0,0.0,0.0,0.0,0.0,0.0,0.0,0.0,0.0,0.0,0.0,0.0,0.0,0.0,0.0,0.0,0.0,0.0,0.0,0.0,0.0,T2D
13.10292,0.6917,5.50156,0.24025,1.67453,1.79222,3.43531,1.23229,0.59864,1.71659,1.0779,0.08695,0.1382,0.04138,1.36335,0.41561,1.25516,0.0,0.21753,3.5649,0.86365,0.52863,4.03193,0.34097,1.89808,1.46384,0.38183,0.0,0.25553,1.86975,0.09589,0.0352,0.05327,0.0,0.94218,0.73079,0.0,0.0,0.00715,1.70253,0.68304,0.2918,0.0062,0.57815,0.14299,0.04739,0.32867,0.02202,0.06594,1.37954,0.31363,0.00825,0.0,0.02949,0.06246,0.01534,0.11034,0.13239,0.00177,0.0,0.0,0.02195,0.0,0.0,0.34377,0.0,0.00162,0.01311,0.15504,0.0,0.00219,0.0,0.11464,0.01031,0.0,0.19256,0.18116,0.0,0.47139,0.0,0.00254,0.00734,0.00613,0.0,0.01384,0.0,0.23462,2.69624,2.56369,0.23987,2.87253,0.0,0.0,0.44127,0.0,1.09333,0.05128,0.11656,0.00779,0.29128,0.0,0.14755,0.07142,0.0,0.0,0.0,0.0,0.00484,0.14892,0.0,0.03218,0.01365,12.01885,0.0,0.0,1.10667,0.0,0.0,0.01176,0.0,0.04797,0.0,6.36328,0.0,0.0,0.0,0.0405,0.0,0.0,0.0,0.43913,0.0,0.0,0.00734,0.0,0.0,0.0,0.74524,0.0,0.0,0.0,0.0,0.20141,0.0,0.0,0.0,0.0,0.16677,0.0,0.0,0.00633,0.0,0.11056,0.00273,0.0256,0.01617,0.0189,0.0,0.0,0.0,0.0,0.0,0.0,0.0,0.0,0.0,0.0,0.0,0.0,0.0,0.0,0.0,0.0,0.05434,0.0,0.0,0.0,0.0,0.0,0.01016,0.0,0.0,0.0,0.0,0.03597,0.0,0.0,0.0,3.86723,0.0,0.0,0.0,0.54561,0.0,0.0,0.0,0.0,0.0,0.3049,0.0,0.0,0.0,0.0,0.0148,0.01767,0.0,0.0,0.0,0.0,0.0,0.0,0.0,0.0,0.0,0.0,0.0,0.0,0.0,0.0,0.0,0.0,0.03132,0.0,0.0,0.00655,0.0,0.0,0.0,0.0,0.0,0.0,0.0,0.0,0.0,0.0,0.0,0.0,0.00594,0.0,0.00256,0.0,0.0,0.0,0.0,0.0,0.0,0.0,0.0,0.0,0.0,0.0,0.0,0.0,0.0,0.0,0.0,0.0,0.23885,0.0,0.0,0.0033,0.0,0.0,0.0,0.00223,0.0,0.0,1.09374,1.02122,0.04401,0.03082,0.01281,0.01066,0.00267,0.00185,0.0,0.0,0.0,0.0,0.0,0.0,0.0,0.0,0.0,0.0,0.0,0.0,0.0,0.0,0.0,0.0,0.0,0.0,0.0,0.0,0.0,0.0,0.0,0.0,0.0,0.0,0.0,0.0,0.0,0.0,0.0,0.0,0.0,0.0,0.0,0.0,0.0,0.0,0.0,0.0,0.0,0.0,0.0,0.0,0.0,0.0,0.0,0.0,0.0,0.0,0.0,0.0,0.0,0.0,0.0,0.0,0.0,0.0,0.0,0.0,0.0,0.0,0.0,0.0,0.0,0.0,0.0,0.0,0.0,0.0,0.0,0.0,0.0,0.0,0.0,0.0,0.0,0.0,0.0,0.0,0.0,0.0,0.0,0.0,0.0,0.0,0.0,0.0,0.0,0.0,0.0,0.0,0.0,0.0,0.0,0.0,0.0,0.0,0.0,0.0,0.0,0.0,0.0,0.0,0.0,0.0,0.0,0.0,0.0,0.0,0.0,0.0,0.0,0.0,0.0,0.0,0.0,0.0,0.0,0.0,0.0,0.0,0.0,0.0,0.0,0.0,0.0,0.0,0.0,0.0,0.0,0.0,0.0,0.0,0.0,0.0,0.0,0.0,0.0,0.0,0.0,0.0,0.0,0.0,0.0,0.0,0.0,0.0,0.0,0.0,0.0,0.0,0.0,0.0,0.0,0.0,0.0,0.0,0.0,0.0,0.0,0.0,0.0,0.0,0.0,0.0,0.0,0.0,0.0,0.0,0.0,0.0,0.0,0.0,0.0,0.0,0.0,0.0,0.0,0.0,0.0,0.0,0.0,0.0,0.0,0.0,0.0,0.0,0.0,0.0,0.0,0.0,0.0,0.0,0.0,0.0,0.0,0.0,0.0,0.0,0.0,0.0,0.0,0.0,0.0,0.0,0.0,0.0,0.0,0.0,0.0,0.0,0.0,0.0,0.0,0.0,0.0,0.0,0.0,0.0,0.0,0.0,0.0,healthy
5.21106,0.5217,2.10586,0.17071,0.7311,6.5304,3.39046,1.91308,0.35605,0.18535,0.50117,0.07356,0.63966,0.0,1.51945,0.39188,7.11925,0.01449,0.0,0.40677,4.98738,0.0,0.00139,0.14755,1.6893,1.37871,0.46697,0.0,0.32945,0.56098,0.0,0.00595,0.50077,5.16873,0.01358,0.18418,0.0,0.21947,0.44867,1.54769,0.19542,1.77885,0.0,0.0,0.15454,0.0,0.63863,0.17232,0.03495,0.06143,2.67571,0.39927,0.0,0.01521,0.00667,0.03565,0.0,0.05093,0.03587,0.0,0.0,0.0,0.0,0.0,0.0,0.0,0.0,0.0261,0.20387,0.0,0.0,0.0,0.92042,0.0043,0.0,0.02251,0.59826,0.0,0.0,0.0,0.0,0.0,0.01863,0.0,0.01162,0.0,0.0,0.08961,0.0,1.49929,0.00131,0.0,0.0,0.47411,0.0,0.17557,1.9821,0.02744,1.50192,1.0642,0.22757,0.05712,0.0,12.04103,0.28732,0.00464,0.0,0.07219,0.0,0.0,0.04996,0.12278,4.0414,0.00561,1.08779,0.05379,0.0,0.0,0.05216,0.0,0.0,0.0,1.68904,0.0,0.9615,0.04631,0.0,0.0,0.06512,0.07388,0.27034,0.0,0.00203,0.0,0.0,0.0,0.0,4.35854,6.34999,0.8493,0.0,0.0,1.02471,0.0,0.0,0.0,0.0,0.0592,0.0,0.0,0.16054,0.0,0.23304,0.00077,0.19105,0.0,0.0,0.0,0.01702,0.0,0.0,0.08442,0.0,0.0,0.0,0.0,0.0,0.0,0.0,0.0,0.0,0.0,0.0,0.0,0.0,0.0,0.00376,0.0,0.3703,0.0,0.00558,0.01496,0.0,0.0,0.06172,0.0,0.0,0.0,0.0,0.0,0.0,0.32006,0.0,0.10964,0.0,0.0,0.0,0.0,0.0,0.0,0.0,0.0,0.0,0.0,0.0,0.0138,0.0,0.0,0.0,0.0,0.0,0.0,0.0,0.0,0.0,0.0,0.0,0.0,0.0,0.0,0.0,0.0,0.0,0.0,0.0,0.0,0.0,0.0,0.0,0.0,0.0,0.0,0.0,0.0,0.06626,0.0,0.0,0.0,0.0,0.00567,0.0,0.00248,0.0,0.0,0.0,0.0,0.0,0.0,0.0,0.0,0.0,0.0,0.0,0.0,0.0,0.0,0.0,0.0,0.0,0.0,0.0,0.0,0.0,0.0,0.0,0.0,0.0,0.0,0.0,0.0,0.0,0.0,0.0,0.0,0.00149,0.04034,0.01428,0.0,0.0,0.0,0.0,0.0,0.0,0.0,0.0,0.0,0.0,0.0,0.0,0.0,0.0,0.0,0.0,0.0,0.0,0.0,0.0,0.0,0.0,0.0,0.0,0.0,0.0,0.0,0.0,0.0,0.0,0.0,0.0,0.0,0.0,0.0,0.0,0.0,0.0,0.0,0.0,0.0,0.0,0.0,0.0,0.0,0.0,0.0,0.0,0.0,0.0,0.0,0.0,0.0,0.0,0.0,0.0,0.0,0.0,0.0,0.0,0.0,0.0,0.0,0.0,0.0,0.0,0.0,0.0,0.0,0.0,0.0,0.0,0.0,0.0,0.0,0.0,0.0,0.0,0.0,0.0,0.0,0.0,0.0,0.0,0.0,0.0,0.0,0.0,0.0,0.0,0.0,0.0,0.0,0.0,0.0,0.0,0.0,0.0,0.0,0.0,0.0,0.0,0.0,0.0,0.0,0.0,0.0,0.0,0.0,0.0,0.0,0.0,0.0,0.0,0.0,0.0,0.0,0.0,0.0,0.0,0.0,0.0,0.0,0.0,0.0,0.0,0.0,0.0,0.0,0.0,0.0,0.0,0.0,0.0,0.0,0.0,0.0,0.0,0.0,0.0,0.0,0.0,0.0,0.0,0.0,0.0,0.0,0.0,0.0,0.0,0.0,0.0,0.0,0.0,0.0,0.0,0.0,0.0,0.0,0.0,0.0,0.0,0.0,0.0,0.0,0.0,0.0,0.0,0.0,0.0,0.0,0.0,0.0,0.0,0.0,0.0,0.0,0.0,0.0,0.0,0.0,0.0,0.0,0.0,0.0,0.0,0.0,0.0,0.0,0.0,0.0,0.0,0.0,0.0,0.0,0.0,0.0,0.0,0.0,0.0,0.0,0.0,0.0,0.0,0.0,0.0,0.0,0.0,0.0,0.0,0.0,0.0,0.0,0.0,0.0,0.0,0.0,0.0,0.0,0.0,0.0,healthy
5.74204,0.42075,1.48107,0.10299,0.69518,3.36624,0.68347,0.0,0.07954,0.05455,0.57723,0.06741,0.00213,0.0,0.13955,0.00767,3.96231,0.0,0.48014,1.25014,1.63511,0.28985,2.0871,0.27126,0.0,0.0,0.20817,0.0,0.15084,0.00385,0.31279,0.02069,0.06498,1.91233,0.04601,0.49377,0.0,0.0,0.08799,0.92502,1.61251,0.0,0.0,0.02272,0.03398,0.05588,0.0,1.08476,0.03431,0.08194,1.32589,0.357,0.0,0.02635,0.0,0.00501,0.0472,0.11326,0.0,0.0,0.0,0.0,0.00184,0.0,0.00256,0.0,0.0,0.46383,0.00432,0.0,0.0,0.0,0.69385,0.00609,0.0,0.07794,0.70458,0.0,0.21378,0.0,0.0,0.0089,0.00148,0.0,0.00527,0.0,3.89724,0.0743,0.0,0.24076,0.0,0.0,29.18367,0.1077,0.0,0.53944,0.06944,0.18591,0.08306,0.36854,0.0381,0.21808,2.11343,0.17476,0.03012,0.0,0.0,0.0,0.02186,0.0,0.46182,0.04012,0.7613,0.0,0.00929,0.01438,0.0,0.0,0.0,0.0,0.0,0.0,19.08161,0.0,0.0,0.03006,0.0,0.0,0.10039,0.0,0.0,0.0,0.0,0.0,0.0,0.0,0.0,0.0,0.0,0.76523,0.0,0.0,0.0,0.11414,0.0,0.0,0.0,0.03347,0.0076,0.0,0.00812,0.0,0.0,0.00063,0.0,0.0,0.0,0.0,0.00299,0.0,0.0,0.0,0.0,0.0,0.00034,1.10747,0.0,0.0,0.0,0.0,0.0,0.0,0.0,0.10938,0.0,0.0,0.0,0.0,0.0,0.0,0.0,0.0,0.0,0.0,0.0081,0.0,0.0,0.0,3.21762,0.12847,0.0,0.0,0.0,0.0,0.0,0.0,0.0,0.0,0.0,0.0,0.0,0.0042,0.0,0.0,0.0,0.0,0.0,0.0,0.0,0.00159,0.0,0.0,0.0,0.0,0.0,0.0,0.0,0.0,0.0,0.0,0.0,0.00341,0.0,0.0,0.0,0.0,0.0,0.0,0.0,0.0,0.0,0.0,0.0,0.0,0.0,0.0,0.0,0.0,0.0,0.0,0.0,0.0,0.0,0.0,0.0,0.11492,0.0,0.0,0.0,0.0,0.0,0.0,0.0,0.0,0.0,0.0,0.0,0.21395,0.0,0.0,0.0,0.0,0.0,0.0,0.0,0.0,0.0,0.3193,0.67345,0.0,0.0,0.0,0.0,0.0,0.0,0.0,0.03446,0.26995,0.24632,0.01348,0.00328,0.0,0.0,0.0,0.0,0.0,0.0,0.0,0.0,0.0,0.0,0.0,0.0,0.0,0.0,0.0,0.0,0.0,0.0,0.0,0.0,0.0,0.0,0.0,0.0,0.0,0.0,0.0,0.0,0.0,0.0,0.0,0.0,0.0,0.0,0.0,0.0,0.0,0.0,0.0,0.0,0.0,0.0,0.0,0.0,0.0,0.0,0.0,0.0,0.0,0.0,0.0,0.0,0.0,0.0,0.0,0.0,0.0,0.0,0.0,0.0,0.0,0.0,0.0,0.0,0.0,0.0,0.0,0.0,0.0,0.0,0.0,0.0,0.0,0.0,0.0,0.0,0.0,0.0,0.0,0.0,0.0,0.0,0.0,0.0,0.0,0.0,0.0,0.0,0.0,0.0,0.0,0.0,0.0,0.0,0.0,0.0,0.0,0.0,0.0,0.0,0.0,0.0,0.0,0.0,0.0,0.0,0.0,0.0,0.0,0.0,0.0,0.0,0.0,0.0,0.0,0.0,0.0,0.0,0.0,0.0,0.0,0.0,0.0,0.0,0.0,0.0,0.0,0.0,0.0,0.0,0.0,0.0,0.0,0.0,0.0,0.0,0.0,0.0,0.0,0.0,0.0,0.0,0.0,0.0,0.0,0.0,0.0,0.0,0.0,0.0,0.0,0.0,0.0,0.0,0.0,0.0,0.0,0.0,0.0,0.0,0.0,0.0,0.0,0.0,0.0,0.0,0.0,0.0,0.0,0.0,0.0,0.0,0.0,0.0,0.0,0.0,0.0,0.0,0.0,0.0,0.0,0.0,0.0,0.0,0.0,0.0,0.0,0.0,0.0,0.0,0.0,0.0,0.0,0.0,0.0,0.0,0.0,0.0,0.0,0.0,0.0,0.0,0.0,0.0,0.0,0.0,0.0,0.0,0.0,0.0,0.0,0.0,0.0,0.0,0.0,0.0,0.0,healthy
10.39449,0.78569,2.57176,0.26339,1.34391,0.0,0.00273,0.0,1.02745,24.2905,4.95054,0.00087,0.04107,0.89514,5.71206,1.39853,0.29084,0.0,0.0,0.0,0.0,1.17354,0.0,1.68238,1.77517,0.0,0.57898,0.0,0.56724,0.01743,0.0,0.31076,0.41582,0.0,2.99405,0.31352,0.26588,0.0,0.22307,0.00096,0.84393,0.13544,0.27143,0.17109,0.0,0.18538,0.0,7.85703,0.54437,0.0,0.0,0.86229,0.0083,0.32552,0.0,0.15429,0.63333,1.33331,0.0,0.0,0.0,0.0,0.01033,0.09772,0.06024,1.01497,0.0,0.06545,0.00304,0.0,0.0,0.44133,0.12516,0.04866,0.29508,0.25921,0.58837,0.01462,0.5268,0.0,0.0,0.0,0.0,0.05336,0.0,0.0,0.0,3.70144,0.0,0.0,0.87189,0.0,0.0,1.45365,0.0,0.0,0.04359,0.11573,0.18815,0.02151,0.0,0.53077,0.0,0.0,0.0,0.0,0.0,0.00234,0.05097,0.0,0.0,0.0,8.26214,0.0,0.0,0.04667,0.0,0.0,0.0,0.0,0.0,0.0,0.0,0.0,0.0,0.0,0.0,0.0,0.0,0.22642,0.0,0.0,0.0,0.0,0.0,0.0,0.0,0.0,0.0,0.0,2.61964,0.0,0.0,0.0,0.0,0.0,0.0,0.0,0.0,0.0,0.0,0.0,0.0,0.0,0.0,0.0,0.0,0.00228,0.00439,0.0,0.0,0.0,0.0,0.0,0.00247,0.0,0.0,0.0,0.0,0.0,0.0,0.0,0.0,0.0,0.0,0.00384,0.23417,0.0,0.0,0.0,0.0,0.21031,0.0,0.04507,0.04432,0.0,0.0,0.0,0.0,0.0,0.0,0.0,0.0,0.0,0.0,0.0,0.0,0.0,0.0,0.01057,0.0,0.0,0.0,0.0,0.0,0.0,0.0,0.0,0.00051,0.0,0.0,0.0,0.00052,0.0,0.00055,0.03615,0.0,0.0,0.0043,0.0,0.00134,0.00292,0.0,0.0,0.0,0.0,0.0,0.0,0.0,0.0,0.0,0.0,0.0,0.0,0.0,0.0,0.0,0.0,0.0,0.00413,0.00508,0.0,0.0,0.0,0.0,0.0,0.0,0.0,0.0,0.0,0.0,0.0,0.0,0.0,0.0,0.0,0.0,0.01988,0.0,0.0,0.0,0.0,0.0,0.0,0.0,0.0,0.0,0.0,0.0,0.0,0.0,0.0,0.0,0.0,0.00925,0.0,0.0,0.0,0.0,0.0,0.0,0.0,0.0,0.0,0.0,0.0,0.0,0.0,0.0,0.0,0.0,0.0,0.0,0.0,0.0,0.0,0.0,0.0,0.0,0.0,0.0,0.0,0.0,0.0,0.0,0.0,0.0,0.0,0.0,0.0,0.0,0.0,0.0,0.0,0.0,0.0,0.0,0.0,0.0,0.0,0.0,0.0,0.0,0.0,0.0,0.0,0.0,0.0,0.0,0.0,0.0,0.0,0.0,0.0,0.0,0.0,0.0,0.0,0.0,0.0,0.0,0.0,0.0,0.0,0.0,0.0,0.0,0.0,0.0,0.0,0.0,0.0,0.0,0.0,0.0,0.0,0.0,0.0,0.0,0.0,0.0,0.0,0.0,0.0,0.0,0.0,0.0,0.0,0.0,0.0,0.0,0.0,0.0,0.0,0.0,0.0,0.0,0.0,0.0,0.0,0.0,0.0,0.0,0.0,0.0,0.0,0.0,0.0,0.0,0.0,0.0,0.0,0.0,0.0,0.0,0.0,0.0,0.0,0.0,0.0,0.0,0.0,0.0,0.0,0.0,0.0,0.0,0.0,0.0,0.0,0.0,0.0,0.0,0.0,0.0,0.0,0.0,0.0,0.0,0.0,0.0,0.0,0.0,0.0,0.0,0.0,0.0,0.0,0.0,0.0,0.0,0.0,0.0,0.0,0.0,0.0,0.0,0.0,0.0,0.0,0.0,0.0,0.0,0.0,0.0,0.0,0.0,0.0,0.0,0.0,0.0,0.0,0.0,0.0,0.0,0.0,0.0,0.0,0.0,0.0,0.0,0.0,0.0,0.0,0.0,0.0,0.0,0.0,0.0,0.0,0.0,0.0,0.0,0.0,0.0,0.0,0.0,0.0,0.0,0.0,0.0,0.0,0.0,0.0,0.0,0.0,0.0,0.0,0.0,0.0,0.0,0.0,0.0,0.0,0.0,0.0,0.0,0.0,healthy
19.18967,1.74423,2.0608,0.23238,1.16958,2.83917,1.71479,1.12768,0.82865,7.80798,0.42779,0.00933,0.26468,4.8884,0.78505,0.27778,4.95862,0.0,0.0,7.5301,0.0,0.0,0.62789,0.2749,2.13871,1.08541,0.54883,0.0,0.45895,1.67525,0.0,0.00398,0.04964,0.97763,0.16026,0.64087,0.01465,0.33407,0.01536,0.17024,0.00865,1.60309,0.0,0.21157,0.44201,0.0,0.0,0.22448,0.06047,0.11541,0.6756,0.12634,0.0,0.21298,0.11739,0.00766,0.86182,0.2005,0.00301,0.03235,0.01347,0.00759,0.0,0.0324,0.09551,0.0,0.0,0.0078,0.0,0.0,0.0,0.0,0.29004,0.00702,0.01748,0.13225,0.6861,0.0,0.01643,0.0,0.0,0.0014,0.00452,0.0,0.00416,0.0,13.59965,0.36969,0.0,0.27002,6.08784,0.0,0.19915,0.21691,0.0,0.27071,0.0,0.30763,0.34005,0.11635,0.0,0.10146,0.28629,0.0,0.03754,0.0,0.0,0.0,0.02636,0.0,0.12097,0.0,0.17248,0.00154,0.01702,0.16665,0.0,0.0,0.0,0.0,0.0,0.0,0.0,2.06121,0.0,0.0,0.0,0.0,0.00534,0.0,0.0,0.0,0.0,0.0,0.0,0.0,0.00318,0.54132,0.0,0.0,0.0,0.0,0.0,0.0,0.0,0.0,0.0,0.12422,0.0,0.0,0.0,0.0,0.0972,0.00134,0.0,0.0,0.02551,0.0,0.00107,0.0,0.0,0.0,0.0,0.0,0.0,0.0,0.0,0.0,0.0,0.0,0.0,0.0,0.0,0.0,0.0,0.0,0.0,0.0,0.0,0.0,0.2485,0.0,0.0,0.0,0.0,0.0,0.0,0.0,0.0,0.0,0.0,0.56626,0.0,0.0,0.0,0.0,0.0,0.0,0.0,0.0,0.0,0.01255,0.0,0.0,0.0,0.0,0.0,0.0,0.0,0.0,0.0,0.0,0.0,0.0,0.00237,0.0,0.0,0.0,0.0,0.0,0.0,0.00207,0.0,0.0,0.0,0.0,0.0,0.0,0.0,0.0,0.0,0.0,0.00796,0.0,0.0,0.00428,0.0,0.01461,0.0,0.00183,0.0,0.02682,0.0,0.00817,0.06556,0.0,0.02513,0.0,0.0,0.0,0.0,0.0,0.0,0.0,0.0,0.0,0.0,0.01796,0.0,0.0,0.0,0.0,0.0,0.0,0.0,0.0,0.0,0.0,0.0,0.0,0.0,0.0,0.0,0.0,0.00715,0.0,0.0,0.0,0.0,0.00118,0.0,0.09019,0.01458,0.00775,0.00194,0.0,0.0,0.0,0.0,0.0,0.0,0.0,0.0,0.0,0.0,0.0,0.0,0.0,0.0,0.0,0.0,0.0,0.0,0.0,0.0,0.0,0.0,0.0,0.0,0.0,0.0,0.0,0.0,0.0,0.0,0.0,0.0,0.0,0.0,0.0,0.0,0.0,0.0,0.0,0.0,0.0,0.0,0.0,0.0,0.0,0.0,0.0,0.0,0.0,0.0,0.0,0.0,0.0,0.0,0.0,0.0,0.0,0.0,0.0,0.0,0.0,0.0,0.0,0.0,0.0,0.0,0.0,0.0,0.0,0.0,0.0,0.0,0.0,0.0,0.0,0.0,0.0,0.0,0.0,0.0,0.0,0.0,0.0,0.0,0.0,0.0,0.0,0.0,0.0,0.0,0.0,0.0,0.0,0.0,0.0,0.0,0.0,0.0,0.0,0.0,0.0,0.0,0.0,0.0,0.0,0.0,0.0,0.0,0.0,0.0,0.0,0.0,0.0,0.0,0.0,0.0,0.0,0.0,0.0,0.0,0.0,0.0,0.0,0.0,0.0,0.0,0.0,0.0,0.0,0.0,0.0,0.0,0.0,0.0,0.0,0.0,0.0,0.0,0.0,0.0,0.0,0.0,0.0,0.0,0.0,0.0,0.0,0.0,0.0,0.0,0.0,0.0,0.0,0.0,0.0,0.0,0.0,0.0,0.0,0.0,0.0,0.0,0.0,0.0,0.0,0.0,0.0,0.0,0.0,0.0,0.0,0.0,0.0,0.0,0.0,0.0,0.0,0.0,0.0,0.0,0.0,0.0,0.0,0.0,0.0,0.0,0.0,0.0,0.0,0.0,0.0,0.0,0.0,0.0,0.0,0.0,0.0,0.0,0.0,0.0,0.0,0.0,0.0,0.0,0.0,0.0,0.0,0.0,0.0,0.0,0.0,0.0,0.0,healthy
0.65115,0.0,1.85716,0.14755,0.0,35.86355,0.0,0.0,0.0,4.26193,3.41772,0.0,0.0,0.40745,0.93676,0.0,3.58035,0.0,0.0,2.22896,0.0,0.60574,0.0,1.29716,0.0,0.0,0.43222,0.0,0.02235,0.01914,0.0,0.07498,0.04559,0.0,0.09227,0.61719,0.11073,1.159,0.0,0.0,1.56562,0.10629,0.05964,0.04831,0.0,0.0,0.0,0.29663,0.0515,0.0,0.0,8.52218,0.0,0.0,0.0037,0.08358,0.0,0.17069,0.0,0.38458,0.02237,0.0,0.06392,0.0,0.07087,0.01818,0.0,0.0,0.0,0.0,0.0037,0.06233,0.0,0.0049,0.0,0.11453,1.47421,0.0,0.08616,0.0,0.0,0.00418,0.0,0.00278,0.0,0.0,4.80547,8.74322,0.0,0.0,0.0,0.0,2.28285,0.01745,0.0,0.0,0.02052,0.30025,0.0,0.0,0.0,0.14658,0.0,0.0,0.0,0.0,0.23674,0.0,0.0,0.0,0.0,0.29934,0.03024,0.10312,0.0,0.0,0.0,0.0,0.0,0.0,0.0,0.0,0.0,1.98104,0.0,0.0,0.0,0.0,0.0,0.0,0.0,0.0,0.0,0.00287,0.0,0.0,0.10175,0.0,0.0,0.0,0.0,0.0,0.0,0.0,0.0,0.0,0.0,6.66728,0.0,0.0,0.0,0.0,0.38255,0.0,0.0,0.0,0.0,0.2037,0.0,0.0,0.0,0.0,0.0,1.02272,0.11639,0.0,0.0,0.0,0.0,0.0,0.07523,0.0,0.0,0.0,0.0,0.33581,0.0,0.0,0.0,0.0,0.0,0.05119,0.0,0.0,0.0,0.0,0.0,0.0,0.0,0.0,0.0,0.0,0.0,0.0,0.0,0.0,0.0,0.0,0.0,0.0,0.0,0.00943,0.00462,0.0,0.00207,0.03351,0.0,0.0,0.0,0.0,0.0048,0.0,0.0,0.0,0.0,0.0,0.00031,0.14162,0.00059,0.0,0.0,0.00471,0.0,0.0,0.00093,0.09872,0.0,0.00062,0.0,0.0,0.0,0.0,0.0,0.0,0.0,0.0,0.0,0.01339,0.0,0.0,0.05368,0.0,0.0,0.0,0.0,0.0,0.0,0.0,0.0,0.0,0.0,0.0,0.0,0.0,0.0,0.0,0.0,0.0,0.0,0.0,0.0,0.0,0.0,0.0,0.0,0.0,0.0,0.0,0.0,0.0,0.0,0.0,0.0,0.0,0.0,0.0,0.0,0.0,0.0,0.0,0.0,0.0,0.0,0.0,0.0,0.0,0.0,0.0,0.0,0.0,0.0,0.0,0.0,0.53485,0.12002,0.0,0.0,0.0,0.0,0.0,0.0,0.0,0.0,0.0,0.0,0.0,0.0,0.0,0.0,0.0,0.0,0.0,0.0,0.0,0.0,0.0,0.0,0.0,0.0,0.0,0.0,0.0,0.0,0.0,0.0,0.0,0.0,0.0,0.0,0.0,0.0,0.0,0.0,0.0,0.0,0.0,0.0,0.0,0.0,0.0,0.0,0.0,0.0,0.0,0.0,0.0,0.0,0.0,0.0,0.0,0.0,0.0,0.0,0.0,0.0,0.0,0.0,0.0,0.0,0.0,0.0,0.0,0.0,0.0,0.0,0.0,0.0,0.0,0.0,0.0,0.0,0.0,0.0,0.0,0.0,0.0,0.0,0.0,0.0,0.0,0.0,0.0,0.0,0.0,0.0,0.0,0.0,0.0,0.0,0.0,0.0,0.0,0.0,0.0,0.0,0.0,0.0,0.0,0.0,0.0,0.0,0.0,0.0,0.0,0.0,0.0,0.0,0.0,0.0,0.0,0.0,0.0,0.0,0.0,0.0,0.0,0.0,0.0,0.0,0.0,0.0,0.0,0.0,0.0,0.0,0.0,0.0,0.0,0.0,0.0,0.0,0.0,0.0,0.0,0.0,0.0,0.0,0.0,0.0,0.0,0.0,0.0,0.0,0.0,0.0,0.0,0.0,0.0,0.0,0.0,0.0,0.0,0.0,0.0,0.0,0.0,0.0,0.0,0.0,0.0,0.0,0.0,0.0,0.0,0.0,0.0,0.0,0.0,0.0,0.0,0.0,0.0,0.0,0.0,0.0,0.0,0.0,0.0,0.0,0.0,0.0,0.0,0.0,0.0,0.0,0.0,0.0,0.0,0.0,0.0,0.0,0.0,0.0,0.0,0.0,0.0,0.0,0.0,T2D
2.59856,1.75403,3.85781,0.09585,0.40133,7.68993,0.26263,0.07541,0.21511,0.88453,2.09988,0.04388,0.75757,1.3675,0.90561,0.91899,3.23956,0.0,0.40147,1.18642,4.45424,1.4719,0.79624,0.28674,0.30216,0.0,0.28224,0.0,0.14892,4.18434,0.05514,0.00269,0.08119,7.85397,0.22902,0.01406,0.0,0.56442,0.72643,0.5851,0.69819,0.139,0.0,0.25302,0.16342,0.0,0.68483,0.44167,0.01563,0.08388,0.67655,0.0,0.0,0.0,0.08792,0.22553,0.0,0.05452,0.00115,0.02674,0.0,0.0,0.0,0.0,0.01696,0.01059,0.0,0.0,0.0,0.0,0.0,0.0,0.83253,0.0,0.0,0.02627,0.26472,0.0,0.0,0.0,0.0,0.0,0.00149,0.0,0.0,0.0,7.12628,0.00214,0.0,0.96226,0.0,0.0,8.58949,1.74547,0.0,0.00956,0.00489,0.28947,0.2793,0.6099,0.25984,0.10575,0.49781,0.04477,0.02477,0.0,0.0,0.0,0.19616,0.00058,0.11225,0.0,0.32055,0.18406,0.11775,0.0741,0.0,0.0,0.0,0.0,0.0,0.0,7.52961,0.0,0.0,0.0,0.5049,0.19356,0.0406,0.0,0.0,0.0,0.0,0.0,0.0,0.0,0.0,3.93003,0.0,0.29031,0.0,0.0,0.02721,2.20277,0.0,0.0,0.0,0.61302,0.03948,0.0,0.11846,0.0,0.47121,0.0,0.10114,0.00317,0.0,0.0,0.0,0.0,0.0,0.0,0.0,0.0,0.0,0.0,0.0,0.0,0.0,0.0,0.0,0.0,0.25707,0.0,0.0,0.0,0.0,0.0,0.07766,0.0,0.0,0.03512,0.0,0.0,0.0161,0.0,2.36212,0.0,0.0,0.0,0.0,0.0,0.0,0.0,0.0,0.0,0.0,0.00074,0.0,0.0,0.0,0.0,0.0,0.00973,0.0,0.0,0.0,0.0,0.0,0.0,0.0,0.0,0.0,0.0,0.0,0.0,0.0,0.0,0.0,0.0,0.0,0.0,0.0,0.0,0.0,0.03188,0.0,0.0,0.0,0.0,0.0,0.0,0.00534,0.0,0.0,0.0,0.0,0.05051,0.0,0.0,0.0,0.0,0.0,0.0184,0.0,0.0,0.0,0.0,0.0,0.0,0.0,0.0,0.0,0.0,0.0,0.0,0.0,0.06768,0.0,0.0,0.0,0.0,0.0,0.0,0.0,0.0,0.0,0.0,0.0,0.0,0.0,0.0,0.0,0.0,0.0,0.0,0.0,0.0,0.0,0.0018,0.0,0.05411,0.0,0.0,0.0,0.0,0.0,0.0,0.0,0.0,0.0,0.0,0.0,0.0,0.0,3.87711,0.0,0.0,0.0,0.0,0.0,0.0,0.0,0.0,0.0,0.0,0.0,0.0,0.0,0.0,0.0,0.0,0.0,0.0,0.0,0.0,0.0,0.0,0.0,0.0,0.0,0.0,0.0,0.0,0.0,0.0,0.0,0.0,0.0,0.0,0.0,0.0,0.0,0.0,0.0,0.0,0.0,0.0,0.0,0.0,0.0,0.0,0.0,0.0,0.0,0.0,0.0,0.0,0.0,0.0,0.0,0.0,0.0,0.0,0.0,0.0,0.0,0.0,0.0,0.0,0.0,0.0,0.0,0.0,0.0,0.0,0.0,0.0,0.0,0.0,0.0,0.0,0.0,0.0,0.0,0.0,0.0,0.0,0.0,0.0,0.0,0.0,0.0,0.0,0.0,0.0,0.0,0.0,0.0,0.0,0.0,0.0,0.0,0.0,0.0,0.0,0.0,0.0,0.0,0.0,0.0,0.0,0.0,0.0,0.0,0.0,0.0,0.0,0.0,0.0,0.0,0.0,0.0,0.0,0.0,0.0,0.0,0.0,0.0,0.0,0.0,0.0,0.0,0.0,0.0,0.0,0.0,0.0,0.0,0.0,0.0,0.0,0.0,0.0,0.0,0.0,0.0,0.0,0.0,0.0,0.0,0.0,0.0,0.0,0.0,0.0,0.0,0.0,0.0,0.0,0.0,0.0,0.0,0.0,0.0,0.0,0.0,0.0,0.0,0.0,0.0,0.0,0.0,0.0,0.0,0.0,0.0,0.0,0.0,0.0,0.0,0.0,0.0,0.0,0.0,0.0,0.0,0.0,0.0,0.0,0.0,0.0,0.0,0.0,0.0,0.0,0.0,0.0,0.0,0.0,0.0,0.0,0.0,0.0,0.0,0.0,0.0,0.0,healthy
19.35938,1.95955,7.33545,3.04016,2.19596,3.72235,1.10558,0.98574,1.21165,4.20281,4.68009,0.0,0.73635,4.89928,4.63374,0.0,3.25719,0.82852,1.04377,1.75645,1.00095,1.7901,3.12135,0.57996,1.97534,2.85339,0.50095,0.0,1.04018,1.02053,0.56404,0.01888,0.04581,3.85264,0.58042,0.56486,0.0,0.37481,0.04306,0.24945,0.59488,0.0,0.01386,0.30596,0.0,0.1455,0.34211,0.07323,0.03352,0.3383,0.24817,0.47678,0.00703,0.0,0.0,0.0198,0.06098,0.08767,0.0,0.0,0.0,0.00542,0.06395,0.0,0.07695,0.07769,0.00103,0.01167,0.0,0.0,0.0,0.0,0.05329,0.00129,0.0,0.46767,0.26373,0.0,0.05174,0.0,0.0,0.0,0.0,0.0,0.0,0.0,0.0,5.05553,0.0,0.25584,0.0,0.0,0.00649,0.24002,0.0,0.40108,0.01486,0.36408,0.41333,0.34019,0.15913,0.03038,0.0,0.0,0.00829,0.0,0.0,0.0,0.0,0.0,0.04697,0.0,0.0,0.0,0.03038,0.0,0.0,0.0,0.0,0.0,0.0,0.0,0.0,0.0,0.0,0.0,0.0,0.0,0.05285,0.0,0.0,0.0,0.0,0.0,0.0,0.0,0.01341,0.0,0.0,0.0,0.0,0.0,0.0,0.0,0.0,0.0,0.0,0.0,0.01857,0.0,0.0,0.0,0.0,0.0,0.06006,0.0,0.0,0.04443,0.0,0.0,0.0,0.05541,0.0,0.0,0.0,0.0,0.0,0.0,0.0,0.0,0.00225,0.0,0.0,0.0,0.0,0.0,0.0,0.0,1.16374,0.0,0.0,0.0,0.0,0.0,0.0,0.0,0.0,0.0,0.0,0.0,0.0,0.0,0.02481,0.05896,0.0,0.0,0.0,0.0,0.0,0.0,0.0,0.0,0.0,0.0,0.0,0.0,0.13193,0.0,0.0,0.0,0.0,0.0,0.0,0.0,0.0,0.0,0.0,0.0,0.0,0.0,0.00176,0.0,0.0,0.0,0.0,0.0,0.0,0.0,0.0,0.0,0.0,0.0,0.0,0.01934,0.0,0.0,0.0,0.0,0.0,0.0,0.0,0.01646,0.0,0.0,0.0,0.0,0.0,0.0,0.0,0.0,0.0,0.0,0.0,0.0,0.0,0.0,0.0,0.0,0.0,0.0,0.0,0.0,0.0,0.0,0.0,0.0,0.0,0.0,0.0,0.0,0.0,0.0,0.0,0.0,0.0,0.0,0.0,0.0,0.0,0.0,0.0,0.0,0.0,0.0,0.0,0.0,0.0,0.0,0.0,0.0,0.0,0.0,0.0,0.0,0.0,0.0,0.0,0.0,0.0,0.0,0.0,0.0,0.0,0.0,0.0,0.0,0.0,0.0,0.0,0.0,0.0,0.0,0.0,0.0,0.0,0.0,0.0,0.0,0.0,0.0,0.0,0.0,0.0,0.0,0.0,0.0,0.0,0.0,0.0,0.0,0.0,0.0,0.0,0.0,0.0,0.0,0.0,0.0,0.0,0.0,0.0,0.0,0.0,0.0,0.0,0.0,0.0,0.0,0.0,0.0,0.0,0.0,0.0,0.0,0.0,0.0,0.0,0.0,0.0,0.0,0.0,0.0,0.0,0.0,0.0,0.0,0.0,0.0,0.0,0.0,0.0,0.0,0.0,0.0,0.0,0.0,0.0,0.0,0.0,0.0,0.0,0.0,0.0,0.0,0.0,0.0,0.0,0.0,0.0,0.0,0.0,0.0,0.0,0.0,0.0,0.0,0.0,0.0,0.0,0.0,0.0,0.0,0.0,0.0,0.0,0.0,0.0,0.0,0.0,0.0,0.0,0.0,0.0,0.0,0.0,0.0,0.0,0.0,0.0,0.0,0.0,0.0,0.0,0.0,0.0,0.0,0.0,0.0,0.0,0.0,0.0,0.0,0.0,0.0,0.0,0.0,0.0,0.0,0.0,0.0,0.0,0.0,0.0,0.0,0.0,0.0,0.0,0.0,0.0,0.0,0.0,0.0,0.0,0.0,0.0,0.0,0.0,0.0,0.0,0.0,0.0,0.0,0.0,0.0,0.0,0.0,0.0,0.0,0.0,0.0,0.0,0.0,0.0,0.0,0.0,0.0,0.0,0.0,0.0,0.0,0.0,0.0,0.0,0.0,0.0,0.0,0.0,0.0,0.0,0.0,0.0,0.0,0.0,0.0,0.0,0.0,0.0,0.0,healthy
1.84117,0.01138,0.85117,7.16537,0.23064,1.50547,3.22349,0.0,1.70624,0.49051,12.00705,0.00731,0.0506,2.19813,8.70445,0.0,0.92936,0.0,0.07378,0.74177,0.11841,0.26633,0.23085,1.32469,0.02808,0.0,1.94009,0.0,0.19154,0.14385,1.01249,0.03204,0.12832,0.56844,0.07422,0.00792,0.0,0.0,0.0,0.4146,0.03501,0.0,0.00103,0.0,0.0,0.04569,0.0,0.66733,0.2854,0.0,0.27709,0.0302,0.0,0.0,0.0,0.12647,0.0,0.61378,0.0,0.0,0.0,0.0,0.09818,0.0,0.0,0.0,0.0,0.0081,0.0,0.0,0.0,0.01096,0.14526,0.02136,0.0,0.01556,0.02894,0.0,0.0,0.0,0.0,0.0,0.00642,0.07451,0.00748,0.0246,0.332,2.42714,0.0,0.06022,0.10271,0.0,22.92813,0.48893,0.0,0.14998,0.0,0.0,0.03416,0.03541,0.67108,0.22,0.00198,0.76514,0.0197,0.0,0.0,0.0,0.05909,0.0,0.17075,0.0,0.48498,0.0,0.03757,0.0,0.0,0.0,0.02239,0.03404,0.11878,0.0,0.0,0.0013,0.0,0.0,0.0,0.0,0.01004,0.0,0.02141,0.0,0.0,0.0,0.0,0.0,0.0,6.42767,0.05304,0.0,0.0,0.0,0.0,0.0,2.00657,0.20977,0.0,0.0,0.0,0.46198,0.0,0.0,0.0,0.0,0.0,0.0,0.0,0.0,0.0,0.0,0.0,0.0,0.00918,0.0,2.71003,0.0,0.0,0.0,0.0,0.13988,0.0,0.0,0.0,0.0,0.0,0.0,0.09578,0.0,0.0322,0.0,0.0,0.07033,0.01501,0.03239,0.06038,0.0,0.0,0.119,0.0,1.45665,0.0,0.0493,0.0,0.11174,0.26715,0.0,0.0,0.0,0.0,0.0,0.0,0.02351,0.0,0.0,0.0,0.0,0.30632,0.0,0.0,0.0,0.0,0.0,0.0,0.0,0.0,0.0,0.0,0.0,0.00601,0.0,0.00816,0.00312,0.0,0.0,0.00065,0.0,0.0,0.0,0.0,0.0,0.0,0.0,0.0,0.0,0.09475,0.0,0.0,0.0,0.0,0.0,0.0,0.0029,0.04605,0.0,0.0,0.0,0.0,0.0,0.0,0.0,0.0,0.0,0.0,0.0,0.0,0.0,0.0,0.0,0.0,0.0,0.0,0.0,0.00368,0.028,0.0,0.0,0.0,0.0,0.0,0.0,0.0,0.0,0.0,0.0,0.0,0.0,0.0,0.0,0.0,0.0,0.0,0.0,0.0,0.0,0.0,3.79633,0.0,0.0,0.0,0.0,0.0,0.0,0.0,0.0,0.0,0.0,0.0,0.0,0.0,0.0,1.03912,0.27507,0.01468,0.0,0.0,0.0,0.0,0.0,0.0,0.0,0.0,0.0,0.0,0.0,0.0,0.0,0.0,0.0,0.0,0.0,0.0,0.0,0.0,0.0,0.0,0.0,0.0,0.0,0.0,0.0,0.0,0.0,0.0,0.0,0.0,0.0,0.0,0.0,0.0,0.0,0.0,0.0,0.0,0.0,0.0,0.0,0.0,0.0,0.0,0.0,0.0,0.0,0.0,0.0,0.0,0.0,0.0,0.0,0.0,0.0,0.0,0.0,0.0,0.0,0.0,0.0,0.0,0.0,0.0,0.0,0.0,0.0,0.0,0.0,0.0,0.0,0.0,0.0,0.0,0.0,0.0,0.0,0.0,0.0,0.0,0.0,0.0,0.0,0.0,0.0,0.0,0.0,0.0,0.0,0.0,0.0,0.0,0.0,0.0,0.0,0.0,0.0,0.0,0.0,0.0,0.0,0.0,0.0,0.0,0.0,0.0,0.0,0.0,0.0,0.0,0.0,0.0,0.0,0.0,0.0,0.0,0.0,0.0,0.0,0.0,0.0,0.0,0.0,0.0,0.0,0.0,0.0,0.0,0.0,0.0,0.0,0.0,0.0,0.0,0.0,0.0,0.0,0.0,0.0,0.0,0.0,0.0,0.0,0.0,0.0,0.0,0.0,0.0,0.0,0.0,0.0,0.0,0.0,0.0,0.0,0.0,0.0,0.0,0.0,0.0,0.0,0.0,0.0,0.0,0.0,0.0,0.0,0.0,0.0,0.0,0.0,0.0,0.0,0.0,0.0,0.0,0.0,0.0,0.0,0.0,0.0,0.0,0.0,0.0,0.0,0.0,0.0,0.0,0.0,0.0,0.0,0.0,0.0,healthy
11.43478,0.0,0.0,1.09783,0.92446,6.10408,1.51685,0.0,0.0,0.0,4.28462,2.45608,0.0,7.42783,4.7121,0.0,1.32941,0.0,0.56027,0.0,0.50993,5.68185,0.26023,1.48641,6.03442,0.0,1.18039,12.3284,3.04545,1.48728,0.0,0.07071,0.04327,0.0,0.32488,0.40269,0.13512,0.0,0.95791,0.0,0.0,0.6768,0.0,3.36824,0.0,0.0,0.0,0.0,0.16089,0.0,0.45419,0.1222,0.0,0.03818,0.0068,1.4081,0.14815,0.67961,0.0,0.0,0.0,0.0,0.09171,0.0,0.09916,0.2153,0.0,0.0,0.0,0.0,0.0,0.0,0.0,0.00863,0.0,0.07423,0.0,0.0,0.0,0.0,0.0,0.0,0.00579,0.0,0.0,0.0,0.0,5.82484,0.0,0.0,0.0,0.37876,1.32801,0.0,0.0,0.0,0.0,0.0,0.0503,0.06864,0.6972,0.0,0.16464,0.0,0.0,0.0,0.13956,0.0,0.0,0.0,0.0,0.0,0.0,0.0,0.0,0.0,0.0,0.0,0.03047,0.0,0.0,0.0,0.0,0.0,0.0,0.0,0.0,0.0,1.97693,0.0,0.0,0.0,0.0,0.0,0.0,0.0,0.0,0.0,0.0,0.0,0.0,0.0,0.0,0.0,0.0,0.0,0.0,0.06244,0.0,0.0,0.0,0.0,0.0,0.10438,0.0,0.0,0.0,0.14069,0.0,0.0,0.0,0.0,0.69742,0.0,0.0,0.0,0.0,0.0,0.0,0.0,0.0,0.0,0.0,0.0,0.0,0.0,0.0,0.0,0.0,0.0,0.07395,0.0,0.0,0.0,0.0,0.0,0.0,0.0,0.0,0.0,0.0,0.0,0.0,0.0,0.0,0.0,0.0,0.0,1.90592,0.02378,0.0,0.0,0.0,0.0,0.0,0.0,0.0,0.0,0.0,0.0,0.0,0.0,0.0,0.0,0.0,0.0,0.0,0.0,0.0,0.0,0.0,0.0,0.0,0.0,0.0,0.0,0.0,0.0,0.0,0.0,0.0,0.0,0.0,0.0,0.0,0.0,0.0,0.0,0.0,0.01485,0.0,0.0,0.0,0.0,0.0,0.0,0.0,0.0,0.0,0.0,0.0,0.0,0.0,0.0,0.0,0.0,0.0,0.0,0.0,0.0,0.0,0.0,0.00349,0.0,0.0,0.0,0.0,0.0,0.0,0.0,0.0,0.0,0.0,0.0,0.0,0.0,2.70492,0.0,0.0,0.0,0.0,0.0,0.0,0.0,0.0,0.0,0.0,0.0,0.0,0.0,0.0,0.0,0.0,0.0,0.01192,0.0,0.0,0.0,0.0,0.0,0.0,0.0,0.0,0.06844,0.0645,0.02581,0.0229,0.00871,0.00062,0.0,0.0,0.0,0.0,0.0,0.0,0.0,0.0,0.0,0.0,0.0,0.0,0.0,0.0,0.0,0.0,0.0,0.0,0.0,0.0,0.0,0.0,0.0,0.0,0.0,0.0,0.0,0.0,0.0,0.0,0.0,0.0,0.0,0.0,0.0,0.0,0.0,0.0,0.0,0.0,0.0,0.0,0.0,0.0,0.0,0.0,0.0,0.0,0.0,0.0,0.0,0.0,0.0,0.0,0.0,0.0,0.0,0.0,0.0,0.0,0.0,0.0,0.0,0.0,0.0,0.0,0.0,0.0,0.0,0.0,0.0,0.0,0.0,0.0,0.0,0.0,0.0,0.0,0.0,0.0,0.0,0.0,0.0,0.0,0.0,0.0,0.0,0.0,0.0,0.0,0.0,0.0,0.0,0.0,0.0,0.0,0.0,0.0,0.0,0.0,0.0,0.0,0.0,0.0,0.0,0.0,0.0,0.0,0.0,0.0,0.0,0.0,0.0,0.0,0.0,0.0,0.0,0.0,0.0,0.0,0.0,0.0,0.0,0.0,0.0,0.0,0.0,0.0,0.0,0.0,0.0,0.0,0.0,0.0,0.0,0.0,0.0,0.0,0.0,0.0,0.0,0.0,0.0,0.0,0.0,0.0,0.0,0.0,0.0,0.0,0.0,0.0,0.0,0.0,0.0,0.0,0.0,0.0,0.0,0.0,0.0,0.0,0.0,0.0,0.0,0.0,0.0,0.0,0.0,0.0,0.0,0.0,0.0,0.0,0.0,0.0,0.0,0.0,0.0,0.0,0.0,0.0,0.0,0.0,0.0,0.0,0.0,0.0,0.0,T2D
4.07006,2.61716,3.09334,0.36679,1.20101,0.0,2.59726,1.79661,0.0,25.28729,1.21011,0.0,0.0,0.0898,1.53506,0.16823,0.82135,0.0,0.0,2.25378,0.0,0.03443,5.97544,0.25913,0.29786,0.0,0.05518,0.40167,0.0,0.0,0.0,0.05419,0.15193,0.0,0.29032,0.98237,0.00029,0.08474,0.18629,0.0,4.44651,0.07996,0.0674,0.25773,0.05503,0.0,0.0,1.06297,0.03207,0.0,0.0,0.0,0.0,0.01154,0.00352,0.01032,0.02186,0.04386,0.0,0.0,0.0,0.0,0.06399,0.0,0.0196,0.03816,0.00211,0.34462,0.01001,0.0,0.0,0.04111,0.0,0.0004,0.0,0.00126,0.66878,0.00629,0.11241,0.0,0.0,0.0,0.00813,0.10198,0.0,0.0,7.6379,0.0,0.0,0.0,0.0,0.0,0.11194,0.01155,0.0,0.0,0.26112,0.0,0.0,0.0,0.97538,0.0,0.0,0.0,0.0,0.0,0.0,0.00203,0.0,0.02858,0.0,0.0,0.0459,0.0,0.0,0.0,0.0,0.0,0.00914,0.0,0.0,0.0,0.0,1.95682,0.0,0.0,0.0,0.0,0.0,0.0,0.46606,0.0,0.0,0.0,0.0,0.0,0.33023,0.0,0.0,0.0,0.0,0.0,0.0,0.0,0.0,0.0,0.0,0.0,0.0,0.0,0.0,0.0,0.01296,0.0,0.0,0.0,0.0,0.19658,0.0,0.0,0.0,0.0,0.0,0.69152,0.0,0.0,0.0,0.0,0.0,0.0,0.0,0.0,0.0,0.0,0.0,0.00196,0.0,0.0,0.0,0.0,0.0,0.02408,0.0,0.0,0.0445,0.0,0.0,0.0,1.4697,0.0,0.0,0.02207,0.0,0.0,0.0,0.0,0.0,0.0,0.0,0.01999,0.0,0.01216,0.0,0.0,0.0,0.0099,0.72765,0.0,0.22524,0.0,0.0,0.0,0.0,0.0,0.02773,0.0,0.0,0.06123,0.0,0.0,0.0,0.0,0.0,0.0,0.0,0.00375,0.0,0.0,0.0,0.0,0.0,0.0,0.0,0.0,0.0,0.0,0.0,0.0,0.0,0.0,0.03972,0.0,0.0,0.0,0.0,0.0,0.0,0.01905,0.0,0.0,0.0,0.0,0.03431,0.0,0.0,0.0,0.0,0.0,0.0,0.0,0.0,0.0,0.0,0.0,0.0,0.0,0.0,0.0,0.0,0.0,0.04178,0.0,0.0,0.0,0.0,0.0,0.0,0.0,0.0,0.0,0.0,0.0,0.0,0.0,0.0,0.0,0.0,0.0,0.0,0.0,0.0,0.0,0.0,0.0,0.00799,0.0,0.0,0.0,0.0,0.0,0.0,0.0,0.00153,20.62715,0.0,0.0,0.0,0.0,0.0,0.0,0.0,0.0,0.0,0.0,0.0,0.0,0.0,0.42209,0.00365,0.0,0.0,0.0,0.0,0.0,0.0,0.0,0.0,0.0,0.0,0.0,0.0,0.0,0.0,0.0,0.0,0.0,0.0,0.0,0.0,0.0,0.0,0.0,0.0,0.0,0.0,0.0,0.0,0.0,0.0,0.0,0.0,0.0,0.0,0.0,0.0,0.0,0.0,0.0,0.0,0.0,0.0,0.0,0.0,0.0,0.0,0.0,0.0,0.0,0.0,0.0,0.0,0.0,0.0,0.0,0.0,0.0,0.0,0.0,0.0,0.0,0.0,0.0,0.0,0.0,0.0,0.0,0.0,0.0,0.0,0.0,0.0,0.0,0.0,0.0,0.0,0.0,0.0,0.0,0.0,0.0,0.0,0.0,0.0,0.0,0.0,0.0,0.0,0.0,0.0,0.0,0.0,0.0,0.0,0.0,0.0,0.0,0.0,0.0,0.0,0.0,0.0,0.0,0.0,0.0,0.0,0.0,0.0,0.0,0.0,0.0,0.0,0.0,0.0,0.0,0.0,0.0,0.0,0.0,0.0,0.0,0.0,0.0,0.0,0.0,0.0,0.0,0.0,0.0,0.0,0.0,0.0,0.0,0.0,0.0,0.0,0.0,0.0,0.0,0.0,0.0,0.0,0.0,0.0,0.0,0.0,0.0,0.0,0.0,0.0,0.0,0.0,0.0,0.0,0.0,0.0,0.0,0.0,0.0,0.0,0.0,0.0,0.0,0.0,0.0,0.0,0.0,0.0,0.0,0.0,0.0,0.0,0.0,0.0,0.0,0.0,0.0,0.0,0.0,T2D
6.20034,3.79638,2.81345,0.25943,2.60503,0.37178,2.55772,3.78579,1.23928,9.64103,0.64491,0.23012,1.44174,4.01433,2.30713,0.00648,1.1136,0.0,0.70636,0.66678,0.31213,0.0,0.72346,1.26998,1.5907,0.249,0.59134,0.0,1.4903,4.18593,0.0,0.00341,0.52093,0.0,0.22082,0.07882,0.0,0.0,0.13708,0.01825,0.25911,0.00536,0.01253,3.69506,0.03132,0.0,0.0,0.0,0.00586,0.0,0.06606,0.03842,0.0,0.00071,0.01499,0.02785,0.0,0.03064,0.0039,0.0,0.0,0.03409,0.1643,0.0,1.34526,0.0,0.1003,0.0,0.0,0.0,0.0,0.01356,0.02789,0.00085,0.0,0.0,0.14481,0.06884,0.0,0.0,0.0,0.0,0.03637,0.21488,0.01077,0.0,1.48438,2.11805,0.30173,0.0,0.0,9.08217,3.68103,0.10103,0.0,0.0,0.01939,0.0,0.31933,0.06459,0.0,0.00757,0.0,0.0,0.00166,0.00819,4.12452,0.0,0.0,0.0,0.0,0.0,0.14051,0.0,0.01284,0.0,0.0,0.0,0.0,0.0,0.0,0.0,0.0,0.0,0.25258,0.05805,0.0,0.09158,0.0,0.0,0.0,0.0,0.0,0.0,0.0,0.0,0.0,0.0,0.0,0.0,0.0,0.0,0.12925,0.0,0.0,0.0,0.0,0.01262,0.0,0.0,0.0,0.0,0.0,0.00331,0.0,0.0,0.06479,0.0,0.0,6.01977,0.0,0.0,1.40416,0.0,0.0,0.0,0.0,0.0,0.0,0.0,0.0131,0.0,0.0,0.0,0.0,0.0,0.0,0.0,0.0,0.0,0.0,0.09912,0.0,0.0,0.0,0.0,0.0,0.0,0.0,0.0,0.0,4.03246,0.0,0.0,0.0,0.0,0.0,0.0,0.0,0.0,0.0,0.00978,0.0,0.0,0.02031,0.0,0.0,0.0,1.19291,0.0,0.0,0.0,0.0,0.0,0.0006,0.0,0.0,0.0,0.0,0.0,0.0,0.0,0.0,0.0,0.0,0.0,0.0,0.0,0.0,0.0,0.0,0.0,0.0,0.0,0.0,0.0,0.0,0.0,0.0,0.0,0.0,0.0,0.0,0.0,0.0,0.0,0.0,0.0,0.0,0.0,0.08395,0.0,0.0,0.0,0.0,0.0,0.0,0.0,0.0,0.0,0.0,0.0,0.0,0.0,0.0,0.0,0.0,0.0,0.0,0.0,0.57859,0.0,0.0,0.0,0.0,0.0,0.0,0.0,0.0,0.0,0.0,0.0,0.0,0.0,0.0,0.0,0.0,0.0,0.0,0.0,0.0,0.0,0.0,0.0,0.0,0.0,0.0,0.0,0.0,0.0,0.0,0.0,0.0,0.0,0.0,0.05284,0.0,0.0,0.0,0.0,0.0,0.0,0.0,0.0,0.0,0.0,0.0,0.0,0.0,1.51393,0.31688,0.16084,0.03567,0.01637,0.01254,0.01065,0.00595,0.00246,0.0,0.0,0.0,0.0,0.0,0.0,0.0,0.0,0.0,0.0,0.0,0.0,0.0,0.0,0.0,0.0,0.0,0.0,0.0,0.0,0.0,0.0,0.0,0.0,0.0,0.0,0.0,0.0,0.0,0.0,0.0,0.0,0.0,0.0,0.0,0.0,0.0,0.0,0.0,0.0,0.0,0.0,0.0,0.0,0.0,0.0,0.0,0.0,0.0,0.0,0.0,0.0,0.0,0.0,0.0,0.0,0.0,0.0,0.0,0.0,0.0,0.0,0.0,0.0,0.0,0.0,0.0,0.0,0.0,0.0,0.0,0.0,0.0,0.0,0.0,0.0,0.0,0.0,0.0,0.0,0.0,0.0,0.0,0.0,0.0,0.0,0.0,0.0,0.0,0.0,0.0,0.0,0.0,0.0,0.0,0.0,0.0,0.0,0.0,0.0,0.0,0.0,0.0,0.0,0.0,0.0,0.0,0.0,0.0,0.0,0.0,0.0,0.0,0.0,0.0,0.0,0.0,0.0,0.0,0.0,0.0,0.0,0.0,0.0,0.0,0.0,0.0,0.0,0.0,0.0,0.0,0.0,0.0,0.0,0.0,0.0,0.0,0.0,0.0,0.0,0.0,0.0,0.0,0.0,0.0,0.0,0.0,0.0,0.0,0.0,0.0,0.0,0.0,0.0,0.0,0.0,0.0,0.0,0.0,0.0,0.0,0.0,0.0,0.0,0.0,0.0,0.0,0.0,0.0,0.0,T2D
4.8294,1.60632,3.50758,0.66921,2.62288,4.56053,2.02205,0.33478,4.48454,12.24292,8.77235,0.00679,0.14491,0.0,5.66082,0.0,0.53069,0.0,0.0,9.20844,0.0,5.12395,1.02326,0.80235,1.17052,0.0,0.0,1.77983,1.29474,0.32934,0.0,0.16511,0.41116,0.0,4.60621,0.24488,0.0,0.0,0.0,0.0,0.21771,0.50065,0.01288,0.0221,0.0,0.0,0.0,0.07916,0.03467,0.0,0.0,0.12344,0.0,0.0,0.0,0.05547,0.15024,0.10909,0.0,0.0,0.0,0.0,0.12778,0.0,0.01052,0.0,0.0,0.0,0.0,0.0,0.0,0.05846,0.0,0.00647,0.0,0.06334,0.44216,0.00715,0.00056,0.0,0.0,0.0,0.0,0.01815,0.0,0.0,10.60142,0.99903,0.0,0.0,0.0,0.0,1.04285,2.31851,0.0,0.0,0.0,0.0,0.00194,0.01865,0.82796,1.86003,0.0,0.0,0.0,0.0,0.0,0.0,0.0,0.0,0.0,0.06131,0.6448,0.0,0.0,0.0,0.0,0.0,0.0,0.0,0.0,0.0,0.0,0.0,0.0,0.09493,0.0,0.0,0.0,0.0,0.0,0.0,0.0,0.0,0.0,0.0,0.02377,0.0,0.07016,0.0,0.0,0.0,0.0,0.0,0.0,0.0,0.0,0.0,0.0,0.0,0.0,0.0,0.0,0.0,0.0,0.0,0.0,0.03327,0.0,0.0,0.0,0.0,0.0,0.17481,0.0,0.0,0.0,0.0,0.0,0.0,0.05968,0.0,0.0,0.0,0.0,0.0,0.22571,0.0,0.05299,0.0,0.0,0.0,0.0,0.0,0.07693,0.0,0.0,0.0,0.0,0.0,0.0,0.0,0.0,0.0,0.0,0.0,0.0,0.0,0.0,0.0,0.0,0.0,0.0,0.0,0.0,0.0,0.0,0.0,0.0,0.0,0.0,0.0,0.0,0.0,0.0,0.0,0.0,0.01288,0.0,0.0,0.00132,0.00035,0.0,0.0,0.0,0.0,0.0,0.0,0.0,0.0,0.0,0.0,0.0,0.0,0.0,0.0,0.0,0.0,0.0,0.0,0.0,0.0,0.0,0.0,0.0,0.0,0.0,0.0,0.0,0.0,0.0,0.0,0.00622,0.0,0.0,0.0,0.0,0.0,0.0,0.0,0.0,0.0,0.0,0.0,0.0,0.0,0.0,0.0,0.0,0.0,0.0,0.0,0.0,0.0,0.0,0.0,0.0,0.0,0.0,0.0,0.0,0.0,0.0,0.0,0.0,0.0,0.0,0.0,0.0,0.0,0.0,0.0,0.0,0.0,0.0,0.0,0.0,0.0,0.0,0.0,0.0,0.0,0.0,0.0,0.0,0.0,0.0,0.0,0.0,0.0,0.0,0.0,0.0,0.0,0.0,0.0,0.0,0.0,0.0,0.0,0.0,0.0,0.0,0.0,0.0,0.0,0.0,0.0,0.0,0.0,0.09948,0.44328,0.01711,0.0,0.0,0.0,0.0,0.0,0.0,0.0,0.0,0.0,0.0,0.0,0.0,0.0,0.0,0.0,0.0,0.0,0.0,0.0,0.0,0.0,0.0,0.0,0.0,0.0,0.0,0.0,0.0,0.0,0.0,0.0,0.0,0.0,0.0,0.0,0.0,0.0,0.0,0.0,0.0,0.0,0.0,0.0,0.0,0.0,0.0,0.0,0.0,0.0,0.0,0.0,0.0,0.0,0.0,0.0,0.0,0.0,0.0,0.0,0.0,0.0,0.0,0.0,0.0,0.0,0.0,0.0,0.0,0.0,0.0,0.0,0.0,0.0,0.0,0.0,0.0,0.0,0.0,0.0,0.0,0.0,0.0,0.0,0.0,0.0,0.0,0.0,0.0,0.0,0.0,0.0,0.0,0.0,0.0,0.0,0.0,0.0,0.0,0.0,0.0,0.0,0.0,0.0,0.0,0.0,0.0,0.0,0.0,0.0,0.0,0.0,0.0,0.0,0.0,0.0,0.0,0.0,0.0,0.0,0.0,0.0,0.0,0.0,0.0,0.0,0.0,0.0,0.0,0.0,0.0,0.0,0.0,0.0,0.0,0.0,0.0,0.0,0.0,0.0,0.0,0.0,0.0,0.0,0.0,0.0,0.0,0.0,0.0,0.0,0.0,0.0,0.0,0.0,0.0,0.0,0.0,0.0,0.0,0.0,0.0,0.0,0.0,0.0,0.0,0.0,T2D
1.79808,0.76844,0.00044,0.02883,0.24531,1.78589,1.36435,0.0,0.0,0.00158,13.51819,0.06931,0.06766,0.0,1.39047,0.0,0.14756,0.0,0.30395,0.02331,0.94708,0.0,2.07592,0.51221,0.0,0.0,0.40899,1.75548,0.10925,0.00853,0.0,0.2629,0.38842,0.6253,1.34221,0.0,0.0,0.0,0.0,0.01998,0.0016,0.0,0.08339,0.03183,0.0,0.0,0.0,0.49071,0.46267,0.00534,0.28746,0.0,0.00127,0.0,0.0,0.01328,0.2796,0.70937,0.0,0.0,0.0,0.0,0.01219,0.0,0.01672,0.00942,0.02841,0.0,0.0,0.0,0.0,0.30209,0.33826,0.03311,0.0,0.0,0.0,0.00806,0.0,0.0,0.0,0.0,0.00326,0.0,0.0017,0.0,21.34609,9.86977,0.0406,0.37922,0.0,0.0,0.0,0.0,0.0,0.0,0.0,0.0,9.31794,0.1238,0.0,0.76768,0.25548,0.0,0.05911,0.0,0.0,0.0,0.0,0.0,0.0,0.0,0.01711,0.0,0.31859,0.0,0.0,0.0,0.14074,0.0,0.24501,0.0,0.0,0.0,0.0,0.0,0.0,0.0,0.0,0.0,0.0,0.0,0.0,0.0,0.0,0.0,0.0,18.48625,0.0,0.0,0.0,0.0,0.0,0.0,0.0,0.0,0.0,0.0,0.0,0.0,0.83971,0.0,0.0,0.0,0.0,0.0,0.0,0.0,0.0,0.0,0.0,0.0,0.0,0.0,0.51856,0.0,0.0,0.0,0.0,0.59668,0.0,0.0,0.06596,0.02833,0.0,0.06158,0.05271,0.0,0.03219,0.00362,0.12084,1.25752,0.0,0.02837,0.00607,0.0,0.0,0.10146,0.0,0.11782,0.0,0.0,0.0,0.0,0.0,0.0,0.0,0.0,0.0,0.0,0.0,0.0,0.0,0.0,0.0,0.0,0.0,0.0,0.0,0.0,0.0,0.0,0.0,0.0,0.00712,0.0,0.0,0.0,0.0,0.0,0.02298,0.01249,0.0,0.0,0.01104,0.0,0.0,0.0,0.0,0.0,0.0,0.0,0.0,0.0,0.0,0.0,0.0,0.0,0.0,0.0,0.06478,0.0,0.0,0.0,0.0,0.0,0.88035,0.0,0.0,0.0,0.0,0.0,0.0,0.03016,0.0,0.0,0.0,0.0,0.0,0.0,0.0,0.0,0.05402,0.0,0.0,0.0,0.0,0.0,0.0,0.0,0.0,0.0,0.0,0.0,0.0,0.0,0.0,0.0,0.0,0.0,0.00139,0.0,0.0,0.0,0.0,0.0,0.0,0.0,0.0,0.0,0.0,0.0,0.0,0.01215,0.19479,0.0,0.0,0.0,0.0,0.0,0.0,0.0,0.00082,0.0,0.0,0.0,0.01496,0.0,0.0,0.0,0.0,0.0,0.0,0.0,0.0,0.0,0.0,0.0,0.00149,0.0,0.0,0.0,0.0,0.0,0.0,0.0,0.0,0.0,0.0,0.0,0.0,0.0,0.0,0.25739,0.09068,0.02146,0.00717,0.0,0.0,0.0,0.0,0.0,0.0,0.0,0.0,0.0,0.0,0.0,0.0,0.0,0.0,0.0,0.0,0.0,0.0,0.0,0.0,0.0,0.0,0.0,0.0,0.0,0.0,0.0,0.0,0.0,0.0,0.0,0.0,0.0,0.0,0.0,0.0,0.0,0.0,0.0,0.0,0.0,0.0,0.0,0.0,0.0,0.0,0.0,0.0,0.0,0.0,0.0,0.0,0.0,0.0,0.0,0.0,0.0,0.0,0.0,0.0,0.0,0.0,0.0,0.0,0.0,0.0,0.0,0.0,0.0,0.0,0.0,0.0,0.0,0.0,0.0,0.0,0.0,0.0,0.0,0.0,0.0,0.0,0.0,0.0,0.0,0.0,0.0,0.0,0.0,0.0,0.0,0.0,0.0,0.0,0.0,0.0,0.0,0.0,0.0,0.0,0.0,0.0,0.0,0.0,0.0,0.0,0.0,0.0,0.0,0.0,0.0,0.0,0.0,0.0,0.0,0.0,0.0,0.0,0.0,0.0,0.0,0.0,0.0,0.0,0.0,0.0,0.0,0.0,0.0,0.0,0.0,0.0,0.0,0.0,0.0,0.0,0.0,0.0,0.0,0.0,0.0,0.0,0.0,0.0,0.0,0.0,0.0,0.0,0.0,0.0,0.0,0.0,0.0,0.0,0.0,0.0,0.0,0.0,0.0,0.0,0.0,T2D
6.37375,1.62433,4.83533,0.66095,1.26219,5.6673,2.64604,1.12755,0.09058,13.83289,0.41136,0.00185,0.11616,0.05872,0.97683,0.90932,4.30017,0.0,1.19001,2.97604,1.84954,0.0,2.52069,0.64111,1.93074,0.0,0.31879,0.0,0.12385,1.25949,0.0,0.00274,0.01374,1.63934,0.03472,0.78697,0.0,0.0,0.01223,0.16799,0.18803,2.29701,0.01972,0.00776,0.09504,0.0,0.0,0.40027,0.07301,0.13244,0.18176,0.0,0.0,0.25775,0.0,0.0,0.51846,0.24166,0.01085,0.0,0.0,0.0,0.0,0.0,0.0,0.0,0.0,0.0,0.06836,0.0,0.0,0.0,0.15951,0.00794,0.0,0.01856,0.67889,0.0,0.04007,0.0,0.0,0.0,0.00749,0.0,0.00412,0.0,11.37965,4.28517,0.0,0.31995,0.41536,0.0,0.0376,0.07056,0.0,0.01978,0.05562,0.11602,0.6827,0.38014,0.28966,0.26009,0.0,0.0,0.0,0.0,0.0,0.0,0.1507,0.0,0.83526,0.0,0.07059,0.0,0.00894,0.06822,0.0,0.0,0.0,0.0,0.0,0.0,0.0,0.0,0.44141,0.0,0.07683,0.0,0.0,0.0,0.0,0.0,0.0,0.0,0.0,0.0,0.0,3.58049,0.0,0.0,0.0,0.0,0.0,0.0,0.0,0.0,0.0,0.63359,0.0,1.2423,0.0,0.0,0.0956,0.0,0.0,0.0,0.0,0.0,0.0,0.0,0.0,0.0,0.0,0.0,0.0,0.0,0.0,0.0,0.0,0.10112,0.0,0.0,0.0,0.0,0.0,0.0,0.0,0.0,0.0,0.0,0.0,0.0,0.0,0.0,0.0,0.0,0.08907,0.0,8.0791,0.0,0.0,0.09487,0.0,0.0,0.0,0.0,0.0,0.0,0.0,0.0,0.0,0.0,0.0,0.04359,0.0,0.0,0.0,0.0,0.0,0.00088,0.0,0.0,0.0,0.0,0.01745,0.0,0.0,0.0,0.0,0.0,0.0,0.0,0.0,0.0,0.0,0.0,0.0,0.0,0.0,0.0,0.08557,0.0,0.0,0.0,0.0,0.0,0.0,0.0,0.0,0.0,0.0,0.0,0.0,0.0,0.0,0.0,0.0,0.0,0.0,0.0,0.0,0.0,0.0,0.0,0.0,0.0,0.0,0.03994,0.0,0.0,0.0,0.0,0.0,0.0,0.0,0.0,0.0,0.0,0.0,0.0,0.0,0.0,0.0,0.0,0.0,0.0,0.0,0.0,0.0,0.0,0.0,0.0,0.0,0.0,0.0,0.0,0.0,0.0,0.0,0.0,0.0,0.0,0.0,0.0,0.0,0.0,0.0,0.0,0.0,0.0,0.0,0.0,0.0,0.0,0.0,0.0,0.0,0.0,0.0,0.0,0.0,0.0,0.0,0.0,0.0,0.0,0.0,0.0,0.0,0.0,0.0,0.0,0.0,0.0,0.0,0.0,0.0,0.0,0.0,0.0,0.0,0.0,0.0,0.0,0.0,0.0,0.0,0.09721,0.0,0.0,0.0,0.0,0.0,0.0,0.0,0.0,0.0,0.0,0.0,0.0,0.0,0.0,0.0,0.0,0.0,0.0,0.0,0.0,0.0,0.0,0.0,0.0,0.0,0.0,0.0,0.0,0.0,0.0,0.0,0.0,0.0,0.0,0.0,0.0,0.0,0.0,0.0,0.0,0.0,0.0,0.0,0.0,0.0,0.0,0.0,0.0,0.0,0.0,0.0,0.0,0.0,0.0,0.0,0.0,0.0,0.0,0.0,0.0,0.0,0.0,0.0,0.0,0.0,0.0,0.0,0.0,0.0,0.0,0.0,0.0,0.0,0.0,0.0,0.0,0.0,0.0,0.0,0.0,0.0,0.0,0.0,0.0,0.0,0.0,0.0,0.0,0.0,0.0,0.0,0.0,0.0,0.0,0.0,0.0,0.0,0.0,0.0,0.0,0.0,0.0,0.0,0.0,0.0,0.0,0.0,0.0,0.0,0.0,0.0,0.0,0.0,0.0,0.0,0.0,0.0,0.0,0.0,0.0,0.0,0.0,0.0,0.0,0.0,0.0,0.0,0.0,0.0,0.0,0.0,0.0,0.0,0.0,0.0,0.0,0.0,0.0,0.0,0.0,0.0,0.0,0.0,0.0,0.0,0.0,0.0,0.0,0.0,0.0,0.0,0.0,0.0,0.0,0.0,0.0,0.0,0.0,0.0,0.0,healthy
14.13868,2.25599,4.59361,0.4881,1.46185,1.78658,2.66629,1.58169,0.40007,17.02632,2.21166,0.0,0.22166,3.41197,1.10313,0.07599,0.0,0.0247,0.0983,7.47726,0.45565,0.0,0.4943,0.6684,1.95291,0.0,0.71666,0.0,0.76577,0.62133,0.62865,0.00859,0.09425,0.12819,0.78133,0.33991,0.0,0.75391,0.0,0.01889,13.86396,0.12829,0.0,0.33248,0.49665,0.08104,0.0,0.05978,0.16342,0.04435,0.11851,0.42201,0.0,0.00842,0.03194,0.01861,0.14614,0.24927,0.0,0.00749,0.01599,0.0,0.00483,0.0,0.05458,0.03554,0.01302,0.00257,0.0,0.0,0.0,0.00907,0.03407,0.0061,0.0,0.06085,0.6386,0.0,0.1279,0.0,0.0,0.0,0.00855,0.0,0.01296,0.0,2.97895,0.0,0.0,0.14842,3.27917,0.0,0.03889,0.39566,0.0,0.02113,0.0,0.49634,0.01336,0.02826,0.19897,0.21822,0.28419,0.0,0.0,0.0,0.0,0.0,0.0,0.0,0.0,0.0,0.13095,0.19133,0.0,0.09367,0.0,0.0,0.0,0.0,0.0,0.0,0.0,1.53023,0.0,0.0,0.0,0.0,0.0,0.0,0.0,0.0,0.0,0.0,0.0,0.0,0.0,0.0,0.0,0.0,0.0,0.0,0.0,0.0,0.0,0.0,0.0,0.01562,0.0,0.0,0.0,0.0,0.29864,0.0,0.0,0.0,0.0,0.0,0.0,0.0,0.0,0.0,0.0,0.0,0.00188,0.0,0.0,0.0,0.0,0.0,0.0,0.0,0.0,0.0,0.0,0.0,0.0,0.0,0.0,0.0,0.0,0.0,0.0,0.0,0.02382,0.0,0.0,0.0,0.0,0.0,0.0,2.19974,0.0,0.0,0.10907,0.0,0.0,0.0,0.0,0.0,0.0,0.0,0.0,0.0,0.0,0.0,0.0,0.0,0.0,0.0,0.0,0.0,0.0,0.0,0.00068,0.0,0.0,0.0,0.0,0.0,0.0,0.0,0.0,0.0,0.0,0.0,0.0,0.0,0.0,0.0,0.0,0.0,0.0,0.0,0.39179,0.0,0.0,0.0,0.0,0.0,0.0,0.0,0.0,0.0,0.0,0.0,0.0,0.0,0.0,0.0,0.0,0.0,0.0,0.0,0.0,0.0,0.0,0.20821,0.0,0.0,0.0,0.0,0.0,0.0,0.0,0.0,0.0,0.0,0.0,0.0,0.0,0.0,0.0,0.0,0.0,0.0,0.0,0.0,0.0,0.0,0.0,0.0,0.0,0.0,0.0,0.0,0.0,0.0,0.0,0.0,0.0,0.0,0.0,0.0,0.0,0.0,0.0,0.0,0.0,0.0,0.0,0.0,0.0,0.0,0.0,0.0,0.0,0.0,0.0,0.0,0.0,0.0,0.0,0.0,0.0,0.0,0.0,0.0,0.0,0.0,0.0,0.0,0.0,0.0,0.0,0.0,0.0,0.0,0.0,0.0,0.0,0.0,0.0,0.0,0.0,0.0,0.0,0.0,0.01175,0.00271,0.0,0.0,0.0,0.0,0.0,0.0,0.0,0.0,0.0,0.0,0.0,0.0,0.0,0.0,0.0,0.0,0.0,0.0,0.0,0.0,0.0,0.0,0.0,0.0,0.0,0.0,0.0,0.0,0.0,0.0,0.0,0.0,0.0,0.0,0.0,0.0,0.0,0.0,0.0,0.0,0.0,0.0,0.0,0.0,0.0,0.0,0.0,0.0,0.0,0.0,0.0,0.0,0.0,0.0,0.0,0.0,0.0,0.0,0.0,0.0,0.0,0.0,0.0,0.0,0.0,0.0,0.0,0.0,0.0,0.0,0.0,0.0,0.0,0.0,0.0,0.0,0.0,0.0,0.0,0.0,0.0,0.0,0.0,0.0,0.0,0.0,0.0,0.0,0.0,0.0,0.0,0.0,0.0,0.0,0.0,0.0,0.0,0.0,0.0,0.0,0.0,0.0,0.0,0.0,0.0,0.0,0.0,0.0,0.0,0.0,0.0,0.0,0.0,0.0,0.0,0.0,0.0,0.0,0.0,0.0,0.0,0.0,0.0,0.0,0.0,0.0,0.0,0.0,0.0,0.0,0.0,0.0,0.0,0.0,0.0,0.0,0.0,0.0,0.0,0.0,0.0,0.0,0.0,0.0,0.0,0.0,0.0,0.0,0.0,0.0,0.0,0.0,0.0,0.0,0.0,0.0,0.0,0.0,healthy
4.31904,3.39219,1.20832,2.39915,2.36022,2.42853,0.0,0.0,0.0,9.52117,5.47131,0.0,0.00399,0.0,4.91783,0.34082,1.37475,0.0,0.0,6.19331,0.0,1.63431,0.0,0.61372,1.20182,0.0,0.0,0.0,0.78944,0.34193,0.0,0.57734,0.36332,0.8906,2.61673,0.74467,0.0,0.0,0.1103,0.0,2.04734,0.37401,0.54674,1.08119,0.04373,0.40475,0.0,1.91707,0.75042,0.30121,0.04837,0.25473,0.01478,0.16367,0.00752,0.02833,0.08084,1.87508,0.0,0.0,0.01478,0.0,0.11696,0.0,0.15085,0.14041,0.0,0.0,0.0,0.0,0.0,0.40933,0.05502,0.04331,0.13627,0.00365,0.53426,0.0,0.0,0.0,0.04973,0.0,0.0,0.0,0.0,0.0,11.38888,12.6475,0.0,0.0,0.0,0.32174,0.05573,0.8496,0.0,0.0,0.0,0.0,1.96243,0.03977,0.0,1.6372,0.45606,0.0,0.0,0.0,0.0,0.0,0.12166,0.0,0.21689,0.03336,0.0,0.0,0.0,0.10898,0.0,0.0,0.0,0.0,0.0,0.0,0.0,0.0,0.0,0.0,0.0,0.0,0.0,0.0,0.2675,0.0,0.0,0.0,0.0,0.0,0.0,0.0,0.0,0.0,0.0,0.0,0.0,0.0,0.0,0.0,0.0,0.05433,0.0,0.0,0.0,0.0,0.0,0.0,0.0,0.0,0.0,1.96425,0.0,0.0,0.0,0.0,0.0,0.02555,1.69438,0.0,0.0,0.0,0.0,0.0,0.0,0.0,0.0,0.0,0.0,0.01215,0.0,0.0,0.0,0.0,0.0,0.07056,0.0,0.0,0.02001,0.0,0.0,0.0,0.0,0.0,0.0,0.0,0.0,0.0,0.03201,0.0,0.0,0.0,0.0,0.0,0.0,0.0241,0.0,0.0,0.01248,0.0,0.0,0.0,0.0,0.0,0.03048,0.0,0.0,0.0,0.0,0.0465,0.0,0.0,0.0,0.0,0.0,0.02456,0.0,0.0,0.00733,0.0514,0.0,0.0,0.0,0.0,0.0,0.0,0.0,0.0,0.0,0.0,0.0,0.0,0.0,0.0,0.01542,0.0,0.31225,0.0,0.0,0.0,0.0,0.00722,0.0,0.0,0.0,0.0,0.0,0.0,0.0,0.0,0.0,0.0,0.0,0.0,0.0,0.0,0.0,0.0,0.0,0.0,0.05676,0.0,0.0,0.0,0.0,0.0,0.0,0.0,0.0,0.0,0.0,0.0,0.0,0.0,0.0,0.0,0.0,0.0,0.0,0.0,0.0,0.0,0.0,0.0,0.0,0.0,0.0,0.0,0.0,0.0,0.0,0.0,0.0,0.0,0.0,0.0,0.0,0.0,0.0,0.0,0.0,0.0,0.0,0.0,0.0,0.0,0.0,0.0,0.0,0.0,0.0,0.0,0.0,0.0,0.0,0.0,0.0,0.0,0.0,0.0,0.0,0.0,0.0,0.0,0.0,0.0,0.02095,0.0,0.0,0.0,0.0,0.0,0.0,0.0,0.00086,0.0,0.0,0.0,0.0,0.0,0.0,0.0,0.0,0.0,0.0,0.0,0.0,0.0,0.0,0.0,0.0,0.0,0.0,0.0,0.0,0.0,0.0,0.0,0.0,0.0,0.0,0.0,0.0,0.0,0.0,0.0,0.0,0.0,0.0,0.0,0.0,0.0,0.0,0.0,0.0,0.0,0.0,0.0,0.0,0.0,0.0,0.0,0.0,0.0,0.0,0.0,0.0,0.0,0.0,0.0,0.0,0.0,0.0,0.0,0.0,0.0,0.0,0.0,0.0,0.0,0.0,0.0,0.0,0.0,0.0,0.0,0.0,0.0,0.0,0.0,0.0,0.0,0.0,0.0,0.0,0.0,0.0,0.0,0.0,0.0,0.0,0.0,0.0,0.0,0.0,0.0,0.0,0.0,0.0,0.0,0.0,0.0,0.0,0.0,0.0,0.0,0.0,0.0,0.0,0.0,0.0,0.0,0.0,0.0,0.0,0.0,0.0,0.0,0.0,0.0,0.0,0.0,0.0,0.0,0.0,0.0,0.0,0.0,0.0,0.0,0.0,0.0,0.0,0.0,0.0,0.0,0.0,0.0,0.0,0.0,0.0,0.0,0.0,0.0,0.0,0.0,0.0,0.0,0.0,0.0,0.0,0.0,0.0,0.0,0.0,0.0,0.0,0.0,0.0,0.0,0.0,0.0,healthy
15.04923,1.00066,3.77062,0.78809,2.8685,16.70475,1.767,0.11927,0.05277,2.32533,6.76254,0.0,0.13395,0.89392,4.64745,0.0,2.61727,0.00661,0.92524,1.03386,0.50775,0.0,1.04109,0.20916,1.55209,1.90142,0.04172,0.0,0.24014,0.23959,0.0,0.0,0.03401,0.11768,0.20455,0.54811,0.0,0.01123,0.04316,0.43832,0.3218,1.28641,0.0,0.26896,0.0,0.0,0.0,0.06461,0.05606,0.0,1.2345,0.23484,0.0,0.05263,0.0,0.01284,0.09327,0.08442,0.0,0.0,0.0,0.0,0.0,0.0,0.19694,0.0,0.0,0.0215,0.0,0.0,0.0,0.0,0.35786,0.0,0.0,0.10717,0.23395,0.07877,0.0,0.0,0.0,0.0,0.0,0.0,0.0,0.0,9.59367,3.18257,0.08718,0.01013,0.30725,0.0,0.33101,0.34655,0.0,0.11381,0.12488,0.00774,0.81235,0.1899,0.97783,0.21906,0.19097,0.0,0.11835,0.0,0.0,0.02414,0.0,0.0,0.0,0.0,0.01237,0.0,0.03923,0.0,0.0,0.0,0.0,0.0,0.04605,0.06126,0.0,0.0,0.0,0.0,0.0,0.0,0.01377,0.0,0.0,0.0,0.0,0.0,0.0,0.0,0.0,0.29753,0.08039,0.0111,0.0,0.0,0.02849,0.06349,0.0,0.0,0.0,0.01859,0.0,0.00922,0.0,0.0,0.01685,0.0,0.1094,0.0,0.0,0.0,0.00519,0.0,0.0,0.0,0.0,0.06011,0.0164,0.0,0.0,0.0,0.0,0.0,0.0,0.0,0.0,0.0,0.0,0.0,0.0,0.0,0.25977,0.0,0.0,0.00897,0.01316,0.0,0.0,0.0,0.05902,0.0,0.35144,0.0,0.11184,1.27954,5.70638,0.06191,0.0,0.0,0.0,0.0,0.0,0.0,0.0,0.0,0.0,0.0,0.0,0.0,0.13632,0.0,0.0,0.0,0.0,0.0,0.0,0.0,0.03957,0.0,0.0,0.00871,0.0,0.0,0.0,0.0,0.0,0.0,0.0,0.0,0.0,0.0,0.0,0.0,0.0,0.0,0.0,0.0,0.0,0.0,0.0,0.0,0.0,0.0,0.0,0.00483,0.05235,0.0,0.0,0.0,0.0,0.0,0.0,0.0,0.0,0.0,0.0,0.0,0.0,0.0,0.0,0.02422,0.0,0.0,0.0,0.0,0.0,0.0,0.0,0.0,0.0,0.0,0.0,0.0,0.0,0.0,0.0,0.0,0.0,0.0,0.0,0.0,0.0,0.0,0.0,0.0,0.0,0.0,0.0,0.0,0.0,0.0,0.0,0.0,0.0,0.0,0.0,0.0,0.0,0.0,0.0,0.0,0.0,0.0,0.0,0.0,0.0,0.0,0.0,0.0,0.0,0.0,0.0,0.0,0.0,0.0,0.0,0.0,0.0,0.0,0.0,0.0,0.0,0.0,0.0,0.0,0.0,0.0,0.0,0.0,0.0,0.0,0.0,0.0,0.0,0.0,0.07803,0.0,0.0,0.0,0.0,0.0,0.0,0.0,0.0,0.0,0.0,0.0,0.0,0.93408,0.0,0.0,0.0,0.0,0.0,0.0,0.0,0.0,0.0,0.0,0.0,0.0,0.0,0.0,0.0,0.0,0.0,0.0,0.0,0.0,0.0,0.0,0.0,0.0,0.0,0.0,0.0,0.0,0.0,0.0,0.0,0.0,0.0,0.0,0.0,0.0,0.0,0.0,0.0,0.0,0.0,0.0,0.0,0.0,0.0,0.0,0.0,0.0,0.0,0.0,0.0,0.0,0.0,0.0,0.0,0.0,0.0,0.0,0.0,0.0,0.0,0.0,0.0,0.0,0.0,0.0,0.0,0.0,0.0,0.0,0.0,0.0,0.0,0.0,0.0,0.0,0.0,0.0,0.0,0.0,0.0,0.0,0.0,0.0,0.0,0.0,0.0,0.0,0.0,0.0,0.0,0.0,0.0,0.0,0.0,0.0,0.0,0.0,0.0,0.0,0.0,0.0,0.0,0.0,0.0,0.0,0.0,0.0,0.0,0.0,0.0,0.0,0.0,0.0,0.0,0.0,0.0,0.0,0.0,0.0,0.0,0.0,0.0,0.0,0.0,0.0,0.0,0.0,0.0,0.0,0.0,0.0,0.0,0.0,0.0,0.0,0.0,0.0,0.0,0.0,0.0,0.0,0.0,0.0,0.0,0.0,0.0,0.0,0.0,0.0,0.0,0.0,T2D
2.44041,0.38443,5.38979,1.03462,2.06371,10.54079,2.25338,0.0,0.3873,13.87093,12.23771,0.0,0.0,0.0,5.0616,0.09551,2.01507,0.0,0.19285,0.43355,0.32798,0.0,4.19549,0.63864,0.0,0.0,0.0,0.0,0.32688,0.22195,0.0,0.23246,0.37324,1.55014,0.57802,0.0,0.0,0.67289,0.0,0.0,0.12883,0.0,2.23049,0.0,0.0,0.56464,0.16816,0.89914,0.27595,0.01536,0.59011,0.17888,0.0,0.04996,0.0,0.17693,0.00644,0.56826,0.0,0.0,0.0,0.0,1.45575,0.0,0.0,0.04233,0.33741,0.00754,0.0,0.0,0.0,0.10787,0.4662,0.01616,0.0,0.18039,0.97192,0.0,0.0,0.0,0.0,0.0,0.0136,0.0,0.00718,0.0,0.0,8.03017,0.00944,0.1801,0.0,0.0,0.58022,2.89808,0.0,0.0,0.0,0.0,0.0,0.05967,0.52186,1.07144,0.0,0.0,0.02416,0.0,0.0,0.0,0.0,0.01103,0.0,0.0,0.31369,0.01598,0.17885,0.0,0.0,0.0,0.65168,0.0,2.49444,0.0,0.0,0.0,0.0,0.0,0.0,0.59497,0.0,0.0,0.0,0.0,0.0,0.0,0.0,0.0,0.0,0.0,0.0,0.0,0.0,0.0,0.0,0.0,0.0,0.0,0.0,0.01917,0.0,0.0,0.0,0.0,0.0,0.0,0.05822,0.0,0.0,0.0716,0.0,0.0,0.0,0.00225,0.0,0.29342,0.00155,0.97244,0.0,0.0,0.0,0.0,0.0,0.0,0.0,0.0,0.0,0.09076,0.0,0.0,1.08125,0.0,0.0,0.0288,0.0,0.0,0.0135,0.0,0.0,0.0,0.0,1.54813,0.0,0.0,0.0,0.0,0.0,0.0,0.39861,0.0,0.0,0.0,0.0,0.0,0.0,0.0,0.0,0.0,0.02867,0.0,0.00223,0.0,0.0,0.09404,0.0,0.0,0.02334,0.0,0.0,0.0,0.01723,0.0,0.0,0.01847,0.0,0.0,0.04351,0.0,0.0,0.0,0.0,0.0,0.0,0.0,0.0,0.0,0.0,0.0,0.0,0.0,0.0,0.0,0.0,0.0,0.0,0.0,0.0,0.01574,0.0,0.0,0.0,0.0,0.0,0.0,0.0,0.27524,0.0,0.0,0.0,0.0,0.0,0.0,0.0,0.0,0.0,0.0,0.0,0.0,0.0,0.0,0.0,0.0,0.0,0.0,0.0,0.0,0.0,0.0,0.0,0.0,0.0,0.0,0.0,0.0,0.0,0.0,0.0,0.0,0.0,0.0,0.0,0.0,0.0,0.0,0.0,0.0,0.0,0.0,0.0,0.0,0.0,0.0,0.0,0.0,0.0,0.0,0.0,0.0,0.0,0.0,0.0,0.0,0.0,0.0,0.0,0.0,0.0,0.0,0.0,0.0,0.0,0.0,0.0,0.0,0.0,0.0,0.0,0.0,0.0,0.0,0.0,0.0,0.22899,0.0,0.0,0.0,0.0,0.0,0.0,0.0,0.0,0.0,0.0,0.0,0.0,0.0,0.0,0.0,0.00394,0.00289,0.0,0.0,0.0,0.0,0.0,0.0,0.0,0.0,0.0,0.0,0.0,0.0,0.0,0.0,0.0,0.0,0.0,0.0,0.0,0.0,0.0,0.0,0.0,0.0,0.0,0.0,0.0,0.0,0.0,0.0,0.0,0.0,0.0,0.0,0.0,0.0,0.0,0.0,0.0,0.0,0.0,0.0,0.0,0.0,0.0,0.0,0.0,0.0,0.0,0.0,0.0,0.0,0.0,0.0,0.0,0.0,0.0,0.0,0.0,0.0,0.0,0.0,0.0,0.0,0.0,0.0,0.0,0.0,0.0,0.0,0.0,0.0,0.0,0.0,0.0,0.0,0.0,0.0,0.0,0.0,0.0,0.0,0.0,0.0,0.0,0.0,0.0,0.0,0.0,0.0,0.0,0.0,0.0,0.0,0.0,0.0,0.0,0.0,0.0,0.0,0.0,0.0,0.0,0.0,0.0,0.0,0.0,0.0,0.0,0.0,0.0,0.0,0.0,0.0,0.0,0.0,0.0,0.0,0.0,0.0,0.0,0.0,0.0,0.0,0.0,0.0,0.0,0.0,0.0,0.0,0.0,0.0,0.0,0.0,0.0,0.0,0.0,0.0,0.0,0.0,0.0,0.0,0.0,0.0,0.0,0.0,0.0,0.0,0.0,0.0,healthy
18.19144,3.25793,1.96107,1.23916,1.7362,1.52485,1.54954,1.58919,0.29516,0.55606,4.37355,0.06993,0.15026,7.88357,2.54751,0.0,1.44506,0.0,0.64091,13.06417,0.24977,0.0,0.6748,0.544,1.9423,0.72985,1.0458,0.0,0.2154,3.80714,0.0,0.0,0.0,0.24934,0.31006,0.96482,0.0,0.0,0.13299,0.30097,0.99323,0.27265,0.0,0.23478,0.0,0.0,0.0,0.19294,0.02016,0.19975,0.15114,0.87344,0.0,0.0,0.0,0.0,0.01519,0.02828,0.0,0.0,0.0,0.0,0.0,0.0,0.11621,0.0,0.0,0.01841,0.0,0.0,0.0,0.0,0.01906,0.0,0.0,0.00234,1.13199,0.22443,0.0,0.0,0.0,0.0,0.05897,0.0,0.0,0.0,1.02887,0.38282,0.11921,0.15519,5.07728,0.0905,0.04952,0.02078,0.0,0.79574,0.0,0.0,0.10034,0.07627,0.37679,0.26181,0.72255,0.0,0.0,0.0,0.0,0.0,0.0,0.0,0.25219,0.03049,0.03683,0.0,0.0,0.13672,0.0,0.0,0.0,0.0,0.02274,1.60533,0.00388,0.0,0.0,0.0,0.0,0.0,0.01464,0.0,0.0,0.0,0.0,0.0,0.0,0.0,0.0,0.2403,1.14647,0.0,0.0,0.0,0.0,1.60197,0.0,0.0,0.0,0.04772,0.0,0.80629,0.0,0.0,0.0,0.0,0.0,0.0,0.0,0.0,0.0,0.0,0.0,0.0,0.0,0.00446,0.0,0.0,0.0,0.0,0.0,0.0,0.0,0.0,0.0,0.0,0.0,0.0,0.0,0.17998,0.28517,0.0,0.0,0.0,0.0,0.0,0.0,0.0,0.07695,0.0,0.25516,0.0,2.0588,0.77076,0.18065,2.32134,0.0,0.0,0.0,0.0,0.0,0.0,0.0,0.0,0.0,0.0,0.0,0.0,0.0,0.0,0.0,0.0,0.0,0.0,0.0,0.0,0.0,0.0,0.0,0.00415,0.0,0.0,0.0,0.0,0.0,0.0,0.0,0.0,0.0,0.0,0.0,0.0,0.0,0.0,0.0,0.0,0.0,0.0,0.0,0.0,0.0,0.00971,0.0,0.0,0.0,0.0,0.0,0.0,0.0,0.0,0.0,0.0,0.0,0.0,0.0,0.0,0.0,0.0,0.0,0.72867,0.0,0.0,0.0,0.0,0.0,0.0,0.0,0.0,0.0,0.0,0.0,0.0,0.0,0.0,0.0,0.0,0.0,0.0,0.0,0.0,0.0,0.0,0.0,0.0,0.0,0.0,0.0,0.0,0.0,0.0,0.0,0.0,0.0,0.0,0.0,0.0,0.0,0.00387,0.0,0.0,0.0,0.0,0.0,0.0,0.0,0.0,0.0,0.0,0.0,0.0,0.0,0.0,0.0,0.0,0.0,0.0,0.0,0.0,0.0,0.0,0.0,0.0,0.0,0.0,0.0,0.0,0.0,0.0,0.0,0.0,0.0,0.0,0.02219,0.0,0.0,0.0,0.0,0.0,0.0,0.0,0.0,0.0,0.0,0.0,0.0,0.0,0.0,0.01062,0.0,0.0,0.0,0.0,0.0,0.0,0.0,0.0,0.0,0.0,0.0,0.0,0.0,0.0,0.0,0.0,0.0,0.0,0.0,0.0,0.0,0.0,0.0,0.0,0.0,0.0,0.0,0.0,0.0,0.0,0.0,0.0,0.0,0.0,0.0,0.0,0.0,0.0,0.0,0.0,0.0,0.0,0.0,0.0,0.0,0.0,0.0,0.0,0.0,0.0,0.0,0.0,0.0,0.0,0.0,0.0,0.0,0.0,0.0,0.0,0.0,0.0,0.0,0.0,0.0,0.0,0.0,0.0,0.0,0.0,0.0,0.0,0.0,0.0,0.0,0.0,0.0,0.0,0.0,0.0,0.0,0.0,0.0,0.0,0.0,0.0,0.0,0.0,0.0,0.0,0.0,0.0,0.0,0.0,0.0,0.0,0.0,0.0,0.0,0.0,0.0,0.0,0.0,0.0,0.0,0.0,0.0,0.0,0.0,0.0,0.0,0.0,0.0,0.0,0.0,0.0,0.0,0.0,0.0,0.0,0.0,0.0,0.0,0.0,0.0,0.0,0.0,0.0,0.0,0.0,0.0,0.0,0.0,0.0,0.0,0.0,0.0,0.0,0.0,0.0,0.0,0.0,0.0,0.0,0.0,0.0,0.0,0.0,0.0,0.0,0.0,0.0,T2D
1.07446,4.49518,1.43004,0.97615,1.96602,0.0,4.31777,6.55262,0.15496,6.42575,7.71372,0.0,4.8995,0.0,2.6519,0.36445,0.17649,0.0,0.0,1.06193,0.0,0.02915,0.24186,0.66083,2.06463,0.0,0.88788,0.0,1.6516,0.0026,0.0,0.06709,0.27602,0.05203,0.79067,0.0,0.0,0.05443,0.0307,0.0,0.0,0.03216,0.11655,0.25284,0.0,0.0,0.0,0.12164,0.07336,0.0,0.0455,0.0,0.0,0.05147,0.0,0.13583,0.0,0.26886,0.00818,0.0,0.0,0.0,0.02651,0.01819,0.04005,0.19517,0.0,0.0059,0.0,0.0,0.0,0.06243,0.0,0.00682,0.0,0.00428,0.12637,0.0,0.0,0.00115,0.0,0.0,0.00566,0.01697,0.00401,0.02808,22.03388,0.63596,0.0,0.07736,2.62857,0.0,0.02008,0.29593,0.0,3.30351,0.0,0.10178,0.18403,0.0,0.0,0.36606,0.23216,0.0,0.0,0.0,0.0,0.0,0.0,0.0,0.0,0.0,0.03802,0.0,0.00312,0.0,0.0,0.0,0.0,0.0,0.0,0.0,0.0,0.0,0.0,0.0,0.0,0.0,0.00559,0.0,0.0,0.0,0.0,0.0,0.0,0.0,0.00473,0.0,0.0,0.0,0.0,0.0,0.0,0.0,0.0,0.0,0.0,0.03524,0.0,0.0,0.0,0.0,0.0,0.00886,0.01437,0.0,0.0,0.02648,0.0,0.0,0.0,0.0,0.0,0.0,0.59408,0.0,0.0,0.0,0.0,0.0,0.0063,0.0,0.0,0.0,0.0,0.0,0.0,0.0,0.0,0.0,0.0,0.08701,0.0,0.0,0.0,0.0,0.0,0.0,0.0,0.0,0.0,3.30136,2.15226,0.0,0.0,0.0,0.0,0.0,0.0,0.0,0.0,0.0,0.0,0.0,0.0,0.0,0.0,0.0,0.00253,0.0,0.0,0.0,0.0,0.0,0.0,0.0,0.0,0.0,0.0,0.0,0.01731,0.02067,0.0,0.0,0.00202,0.0,0.0,0.0,0.0,0.0,0.0,0.0,0.0,0.0,0.0,0.0,0.0,0.0,0.0,0.01103,0.0,0.0,0.01569,0.00573,0.0,0.0,0.0,0.0,0.0,0.0,0.0,0.0,0.0,0.0,0.0,0.0,0.0,0.0,0.0,0.0,0.0,0.0,0.0,0.0,0.0,0.0,0.0,0.0,0.0,0.0,0.0,0.0,0.0,0.0,0.0,0.0,0.0,0.0,0.0,0.0,0.0,0.0,0.0,0.0,0.0,0.0,0.0,0.0,0.0,0.0,0.0,0.0,0.0,0.0,0.0,0.0,0.0,0.0,0.0,0.0,0.0,0.0,0.0,0.0,0.0,0.00329,0.0,0.0,0.0,0.0,0.0,0.0,0.0,0.0,0.0,0.0,0.0,0.0,0.0,0.0,0.0,0.0,0.0,0.0,0.0,0.0,0.0,0.0,0.0,0.0,0.0,0.0,0.0,0.0,0.0,0.0,0.0,0.0,0.0,0.0,10.78084,0.0,0.0,0.0,0.0,0.0,0.0,0.0,0.0,0.0,0.0,0.0,0.0,0.0,0.0,0.0,0.0,0.0,0.0,0.0,0.0,0.0,0.0,0.0,0.0,0.0,0.0,0.0,0.0,0.0,0.0,0.0,0.0,0.0,0.0,0.0,0.0,0.0,0.0,0.0,0.0,0.0,0.0,0.0,0.0,0.0,0.0,0.0,0.0,0.0,0.0,0.0,0.0,0.0,0.00532,0.0,0.0,0.0,0.0,0.0,0.0,0.0,0.0,0.0,0.0,0.0,0.0,0.0,0.0,0.0,0.0,0.0,0.0,0.0,0.0,0.0,0.20447,0.0,0.0,0.0,0.0,0.0,0.0,0.0,0.0,0.0,0.0,0.0,0.0,0.0,0.0,0.0,0.0,0.0,0.0,0.0,0.0,0.0,0.0,0.0,0.0,0.0,0.0,0.0,0.0,0.0,0.0,0.0,0.0,0.0,0.0,0.0,0.0,0.0,0.0,0.0,0.0,0.0,0.0,0.0,0.0,0.0,0.0,0.0,0.0,0.0,0.0,0.0,0.0,0.0,0.0,0.0,0.0,0.0,0.0,0.0,0.0,0.0,0.0,0.0,0.0,0.0,0.0,0.0,0.0,0.0,0.0,0.0,0.0,0.0,0.0,0.0,0.0,0.0,0.0,0.0,0.0,0.0,T2D
3.42814,2.03183,5.17437,0.62481,1.31526,21.44211,2.01055,0.0,0.0,7.1489,3.4233,0.0,0.0,0.07845,5.31532,0.04621,1.65782,0.0,0.0,0.50151,3.26553,0.0,0.0,1.16397,1.11222,0.0,0.0,0.0,0.70316,0.47878,0.0,0.21156,0.24773,8.42082,2.71616,0.87973,0.0,0.0,0.0,0.0,0.07592,0.07861,0.0,0.3185,0.0,0.2648,0.55704,0.07031,0.0,0.11954,2.18644,1.54679,0.02016,0.0,0.0,0.13558,0.07914,0.0,0.0,0.0,0.0,0.0,0.74779,0.0,0.35782,0.26953,0.0,0.0,0.0,0.0,0.0,0.30973,0.00038,0.0,0.0,0.46366,0.84001,0.0,0.30093,0.0,0.0,0.01231,0.00287,0.136,0.00339,0.00339,13.53036,0.01776,0.0,0.87443,0.0,1.06885,0.0,0.08183,0.0,0.0,0.00683,0.0,0.0,0.34418,0.50899,0.0,0.0,0.0,0.0048,0.0,0.0,0.0,0.0,0.0,0.0,0.14734,0.0,0.0,0.0,0.0,0.0,0.0,0.05437,0.0,0.0,0.0,0.0,0.0,0.0,0.10048,0.0,0.0,0.0,0.0,0.0,0.0,0.0,0.0,0.0,0.0,0.0,0.0,0.0,0.0,0.0,0.0,0.0,0.0,0.0,0.0,0.0,0.0,0.0,0.0,0.0,0.0,0.0,0.0,0.0,0.0,0.0,0.37436,0.0,0.0,0.0,0.0,0.0,0.0,0.10041,0.0,0.0,0.0,0.0,0.0,0.0,0.0,0.0,0.0,0.0,0.02854,0.0,0.0,0.0,0.0,0.0,0.0,0.0,0.04123,0.10528,0.0,0.0,0.0,0.0,0.0,0.0,0.0,0.0,0.0,0.0,0.0,0.0,0.0,0.0,0.0248,0.0,0.00084,0.0,0.0,0.0,0.0,0.0,0.0,0.00368,0.0,0.0,0.0,0.0,0.0,0.0,0.0,0.0,0.00948,0.0,0.0,0.0189,0.00851,0.0,0.0,0.001,0.12486,0.0,0.0,0.0,0.0,0.0,0.0,0.0,0.0,0.0,0.0,0.0,0.0,0.0,0.0,0.02746,0.01188,0.0,0.0,0.0,0.0,0.00803,0.0,0.0,0.0,0.0,0.0,0.0,0.0,0.0,0.0,0.0,0.0,0.0,0.0,0.0,0.0,0.01435,0.0,0.0,0.0,0.0,0.0,0.0,0.0,0.0,0.0,0.0,0.0,0.0,0.0,0.0,0.0,0.0,0.0,0.0,0.0,0.0,0.0,0.0,0.0,0.0,0.0,0.0,0.0,0.0,0.0,0.0,0.0,0.01557,0.0,0.0,0.0,0.0,0.0,0.0,0.0,0.0,0.0,0.0,0.0,0.01671,0.0,0.0,0.0,0.0,0.0,0.0,0.0,0.0,0.0,0.0,0.0,0.0,0.0,0.0,0.0,0.0,0.0,0.0,0.0,0.0,0.0,0.0,0.0,0.0,0.0,0.0,0.0,0.0,0.0,0.0,0.0,0.0,0.0,0.0,0.0,0.0,0.0,0.0,0.0,0.0,0.0,0.0,0.0,0.0,0.0,0.0,0.0,0.0,0.0,0.0,0.0,0.0,0.0,0.0,0.0,0.0,0.0,0.0,0.0,0.0,0.0,0.0,0.0,0.0,0.0,0.0,0.0,0.0,0.0,0.0,0.0,0.0,0.0,0.0,0.0,0.0,0.0,0.0,0.0,0.0,0.0,0.0,0.0,0.0,0.0,0.0,0.0,0.0,0.0,0.0,0.0,0.0,0.0,0.0,0.0,0.0,0.0,0.0,0.0,0.0,0.0,0.0,0.0,0.0,0.0,0.0,0.0,0.0,0.0,0.0,0.0,0.0,0.0,0.0,0.0,0.0,0.0,0.0,0.0,0.0,0.0,0.0,0.0,0.0,0.0,0.0,0.0,0.0,0.0,0.0,0.0,0.0,0.0,0.0,0.0,0.0,0.0,0.0,0.0,0.0,0.0,0.0,0.0,0.0,0.0,0.0,0.0,0.0,0.0,0.0,0.0,0.0,0.0,0.0,0.0,0.0,0.0,0.0,0.0,0.0,0.0,0.0,0.0,0.0,0.0,0.0,0.0,0.0,0.0,0.0,0.0,0.0,0.0,0.0,0.0,0.0,0.0,0.0,0.0,0.0,0.0,0.0,0.0,0.0,0.0,0.0,0.0,0.0,0.0,0.0,0.0,T2D
9.37864,6.2427,4.30056,0.45168,4.3357,0.57654,0.73403,2.51771,1.85536,0.43649,3.97846,0.0,0.21246,0.2691,2.07069,6.38422,1.67959,0.0,0.04801,4.54111,0.0676,0.88856,0.35397,0.23491,0.57347,0.05965,2.1466,0.11658,0.36887,3.08405,0.0,0.00496,0.07616,0.0,0.03857,0.37017,0.0,2.24725,0.0,0.11666,2.27764,1.04257,0.02208,0.13332,0.54382,0.0,0.13968,0.0022,0.0239,0.15624,0.20679,0.16777,0.0,0.0,0.17867,0.00161,0.0,0.08265,0.00992,0.00467,0.05928,0.0,0.0,0.0,0.00442,0.0,0.0,2.25137,0.0,0.0,0.0,0.0,0.10534,0.00096,0.0,0.0,3.60976,0.0,0.0,0.0,0.0,0.0,0.00726,0.0,0.0,0.0,7.69178,0.24885,0.94274,0.14548,5.11845,0.0,0.0,0.58483,0.28402,1.06517,0.0,0.68739,0.35252,0.01894,0.05398,0.58803,0.0,0.0,0.10277,0.0,2.52228,0.0,2.37859,0.0,1.76472,0.0,0.09969,0.09281,0.0,0.34915,0.0,0.0,0.02131,0.0,1.48745,0.0,0.0,0.0,0.0,0.0,0.20962,0.0,0.0,0.0,0.0,0.0,0.0,0.0,0.0,0.0,0.0,0.0,0.0,0.10679,0.0,0.0,0.0,0.0,0.0,0.0,0.0,0.0,0.0,0.0,0.01617,0.0,0.08091,0.0,0.0,0.0,0.0,0.0,0.00579,0.0,0.0,0.02012,0.0,0.0,0.0,0.0,0.0,0.0,0.0,0.0,0.0,0.0,0.12572,0.0,0.0,0.0,0.0,0.07311,0.0,0.0,0.0,0.0,0.0,0.0,0.02313,0.0,0.0,0.0,0.0,0.0,0.0,0.0,0.0,0.0,0.0,0.0,0.0,0.0,0.0,0.0,0.0,0.02737,0.0,0.31755,0.0,0.0,0.0,0.0,0.0,0.0,0.0,0.0799,0.0,0.0,0.0,0.0,0.0,0.0,0.0,0.0,0.0,0.00056,0.0,0.0,0.0,0.0,0.0,0.00826,0.0,0.0,0.0,0.0,0.0,0.0,0.0,0.01587,0.0,0.22969,0.0,0.0,0.0,0.0,0.0,0.0,0.0,0.0,0.0,0.0,0.0,0.0,0.0,0.0,0.0,0.0,0.0,0.0,0.0,0.0,0.0,0.0,0.0,0.0,0.0,0.0,0.0,0.0,0.0,0.0,0.0,0.0,0.01854,0.0,0.0,0.0,0.0,0.0,0.0,0.0,0.0,0.0,0.0,0.0,0.0,0.0,0.0,0.0,0.0,0.0,0.0,0.02617,0.0,0.0,0.0,0.0,0.0,0.0,0.0,0.0,0.0,0.0,0.0,0.0,0.0,0.0,0.0,0.0,0.0,0.0,0.0,0.0,0.0,0.0,0.0,0.0,0.0,0.0,0.0,0.0,0.0,0.0,0.0,0.0,0.0,0.0,0.0,0.0,0.0,0.0,0.0,0.0,0.0,0.0,0.0,0.0,0.0,0.0,0.0,0.0,0.0,0.0,0.0,0.0,0.0,0.02534,0.0,0.0,0.0,0.0,0.0,0.0,0.0,0.0,0.0,0.0,0.0,0.0,0.0,0.0,0.0,0.0,0.0,0.0,0.0,0.0,0.0,0.0,0.0,0.0,0.0,0.0,0.0,0.0,0.0,0.0,0.00785,0.0,0.0,0.0,0.0,0.0,0.0,0.0,0.0,0.0,0.0,0.0,0.0,0.0,0.0,0.0,0.0,0.0,0.0,0.0,0.0,0.0,0.0,0.0,0.0,0.0,0.0,0.0,0.0,0.0,0.0,0.0,0.0,0.0,0.0,0.0,0.0,0.0,0.0,0.0,0.0,0.0,0.0,0.11923,0.02686,0.0,0.01234,0.00543,0.0,0.0,0.0,0.0,0.0,0.0,0.0,0.0,0.0,0.0,0.0,0.0,0.0,0.0,0.0,0.0,0.0,0.0,0.0,0.0,0.0,0.0,0.0,0.0,0.0,0.0,0.0,0.0,0.0,0.0,0.0,0.0,0.0,0.0,0.0,0.0,0.0,0.0,0.0,0.0,0.0,0.0,0.0,0.0,0.0,0.0,0.0,0.0,0.0,0.0,0.0,0.0,0.0,0.0,0.0,0.0,0.0,0.0,0.0,0.0,0.0,0.0,0.0,0.0,0.0,0.0,0.0,0.0,0.0,0.0,0.0,0.0,0.0,0.0,0.0,0.0,T2D
1.12498,0.05142,0.08921,0.6899,0.1568,10.11658,0.80882,0.07709,0.4771,0.00345,2.44936,0.00408,0.14402,0.02958,2.3158,0.03129,1.80428,0.0,0.76503,0.02087,0.27028,0.02168,0.0,0.21746,0.72168,0.0,0.6319,0.0,0.19058,0.66418,0.26921,0.05025,0.52982,1.18639,0.01787,0.0,0.0,0.01756,2.03985,0.0,0.17462,0.70238,0.0,0.18216,0.91069,0.0,0.0,0.14756,0.05349,0.0,0.67288,1.44752,0.0,0.08069,0.0,0.02436,0.89486,0.09387,0.0,0.0,0.0,0.0,0.00054,0.0,0.00645,0.0,0.0,0.0,0.01742,0.0,0.0,0.0,0.0515,0.00239,0.0,0.00173,0.00967,0.0,0.43803,0.0,0.0,0.00966,0.00938,0.08028,0.00283,0.0,5.48141,9.50439,0.0,0.0,0.00584,0.91244,38.70233,0.05092,0.0,0.90369,0.0,0.0,1.66364,0.19872,0.02352,0.0,0.0,0.0,0.0,0.0,0.00052,0.0,0.01254,0.01518,0.0,0.01063,0.16512,0.0,0.0,0.0,0.0,0.0,0.0,0.0,0.0,0.0,0.15485,0.0,0.0,0.0,0.0,0.0,0.01125,0.38997,0.0,0.0,0.0,0.0,0.0,0.0,0.0,3.66428,0.0,0.50374,0.0,0.0,0.0,0.0,1.08087,0.0,0.0,0.0,0.0,0.0,0.0,0.0,0.19608,0.0,0.07671,0.0,0.01612,0.01256,0.01482,0.0,0.0,0.0,0.83833,0.0,0.02102,0.0,0.0,0.0,0.0,0.02456,0.0,0.0,0.0,0.0,0.0,0.0,0.0,0.0,0.0,0.0,0.0,0.03287,0.0,0.01252,0.0,0.0,0.0,0.0,0.0,0.0,0.0,0.00268,0.0,0.0,0.04984,0.0,0.0,0.0,0.0,0.0,0.0,0.0,0.0,0.00659,0.0,0.0,0.0,0.0,0.0,0.0,0.0,0.0,0.0,0.0,0.0,0.0,0.0,0.0,0.0,0.0,0.00393,0.01743,0.0,0.0,0.0,0.00355,0.0,0.0,0.0,0.0,0.0,0.0,0.00328,0.0,0.0,0.0,0.0,0.0,0.0,0.0,0.0,0.0,0.0,0.0,0.0,0.0,0.0,0.0,0.0,0.0,0.0,0.0,0.0,0.0,0.0,0.0,0.0,0.0,0.0,0.1305,0.0,0.0,0.00154,0.0,0.0,0.0,0.0,0.0,0.0,0.0,0.0,0.0,0.0,0.0,0.0,0.0,0.0,0.0,0.11471,0.0,0.0,0.0,0.0,0.0,0.0,0.0,0.0,0.0,0.0,0.0,0.0,0.0,0.0,0.0,0.0,0.0,0.0,0.0,0.0,0.00356,0.0,0.0,0.0,0.0,0.0,0.0,0.0,0.0,0.0,0.0,0.0,0.0,0.0,0.0,0.0,0.0,0.0,0.0,0.0,0.0,0.0,0.0,0.0,0.0,0.0,0.0,0.0,0.0,0.0,0.0,0.0,0.0,0.0,0.0,0.0,0.0,0.0,0.0,0.0,0.0,0.0,0.0,0.0,0.0,0.0,0.0,0.0,0.0,0.0,0.0,0.0,0.0,0.0,0.0,0.0,0.0,0.0,0.0,0.0,0.0,0.0,0.0,0.0,0.0,0.0,0.0,0.0,0.0,0.0,0.0,0.0,0.0,0.0,0.0,0.0,0.0,0.0,0.0,0.0,0.0,0.0,0.0,0.0,0.0,0.0,0.0,0.0,0.0,0.0,0.0,0.0,0.0,0.0,0.0,0.0,0.0,0.0,0.0,0.0,0.0,0.0,0.0,0.0,0.0,0.0,0.0,0.0,0.0,0.0,0.0,0.0,0.0,0.0,0.0,0.0,0.0,0.0,0.0,0.0,0.0,0.0,0.0,0.0,0.60677,0.29473,0.00794,0.00074,0.0,0.0,0.0,0.0,0.0,0.0,0.0,0.0,0.0,0.0,0.0,0.0,0.0,0.0,0.0,0.0,0.0,0.0,0.0,0.0,0.0,0.0,0.0,0.0,0.0,0.0,0.0,0.0,0.0,0.0,0.0,0.0,0.0,0.0,0.0,0.0,0.0,0.0,0.0,0.0,0.0,0.0,0.0,0.0,0.0,0.0,0.0,0.0,0.0,0.0,0.0,0.0,0.0,0.0,0.0,0.0,0.0,0.0,0.0,0.0,0.0,0.0,0.0,0.0,0.0,0.0,0.0,0.0,0.0,0.0,0.0,healthy
7.78043,0.59948,0.87906,0.75252,0.0,0.0,0.41176,0.0,0.0,6.10301,0.34802,0.00161,0.23636,0.08659,1.58423,0.00684,3.66168,0.0,0.0,0.05788,1.96398,0.0,0.0,0.24655,0.59365,0.0,0.0,0.0,0.53418,1.7298,0.36226,0.06384,0.18504,7.94188,0.86764,0.13902,0.05987,0.0,0.0,0.29532,0.02068,0.0,0.08818,2.6753,0.0,0.08836,0.0,2.24275,0.0,0.0,0.72279,1.94307,0.03981,0.05695,0.01156,0.01377,0.03824,0.0,0.0,0.0,0.0,0.00459,0.02965,0.0,1.63823,0.16955,0.0,0.0,0.00652,0.0,0.0,0.03597,0.0,0.0133,0.0,0.00856,0.0888,0.0,0.18381,0.00137,0.0,0.0,0.35609,0.0,0.0,0.00951,7.92331,0.38328,0.0,0.0,34.51577,0.67554,0.94717,0.0446,0.0,0.0,0.19907,0.0,0.02924,0.0,0.00871,0.0,3.21694,0.0,0.0,0.0,0.0,0.00461,0.0,0.01955,0.0,0.03103,0.05316,0.0,0.0,0.00222,0.0,0.0,0.0,0.0,0.0,0.0,0.0,0.83756,0.0,0.0,0.0,0.0,0.03378,0.0,0.0,0.0,0.0,0.0,0.0,0.0,0.0,0.0,0.0,0.0,0.0,0.0,0.0,0.0,0.0,0.0,0.0,0.31555,0.0,0.0,0.0,0.0,0.0,0.0,0.0,0.0,0.0,0.01155,0.0,0.0,0.0,0.0,0.0,0.024,0.4019,0.0,0.0,0.0,0.0,0.0,0.10683,0.0,0.0,0.0,0.0,0.00748,0.01637,0.0,0.0,0.0,0.0,0.0,0.0,0.0156,0.0,0.0,0.0,0.0,0.0,0.01777,0.0,1.26437,0.0,0.0,0.0,0.0,0.0,0.0,0.0,0.0,0.0,0.0,0.00334,0.0,0.1799,0.0,0.12672,0.0,0.03086,0.0,0.07437,0.0,0.0,0.0,0.0,0.0,0.0,0.0,0.00392,0.0,0.0,0.0,0.0,0.0,0.0,0.0,0.0,0.0,0.0,0.0,0.0,0.0,0.0,0.0,0.0,0.00501,0.0,0.0,0.0,0.0,0.00029,0.0,0.0,0.0,0.0,0.0,0.0,0.0,0.0,0.0,0.0,0.0,0.0,0.01386,0.0,0.0,0.0,0.0,0.0,0.0,0.0,0.0,0.0,0.0,0.0,0.0,0.0,0.0,0.0,0.0,0.0,0.0,0.0,0.0,0.0,0.0,0.0,0.0,0.0,0.0,0.0,0.0,0.0,0.0,0.0,0.0,0.0,0.0,0.0,0.0,0.0,0.0,0.0,0.0,0.0,0.0,0.0,0.0,0.0,0.0,0.0,0.0,0.0,0.0,0.0,0.0,0.0,0.0,0.0,0.0,0.0,0.0,0.0,0.0,0.0,0.0,0.0,0.0,0.0,0.0,0.0,0.0,0.0,0.0,0.0,0.0,0.0,0.0,0.0,0.0,0.00243,0.0,0.0,0.0,0.0,0.0,0.0,0.0,0.0,0.0,0.0,0.0,0.0,0.00425,0.0,0.0,0.0,0.0,0.00509,0.0,0.0,0.0,0.0,0.0,0.0,0.0,0.00708,0.0,0.0,0.0,0.0,0.0,0.0,0.0,0.0,0.0,0.0,0.0,0.0,0.0,0.0,0.0,0.0,0.0,0.0,0.0,0.0,0.0,0.0,0.0,0.0,0.0,0.0,0.0,0.0,0.0,0.0,0.0,0.0,0.0,0.0,0.0,0.0,0.0,0.0,0.0,0.0,0.0,0.0,0.0,0.0,0.0,0.0,0.0,0.0,0.0,0.0,0.0,0.0,0.0,0.0,0.0,0.0,0.0,0.0322,0.0,0.04644,0.0,0.0,0.0,0.0,0.0,0.0,0.0,0.0,0.0,0.0,0.0,0.0,0.31762,0.00926,0.00805,0.0,0.0,0.0,0.0,0.0,0.0,0.0,0.0,0.0,0.0,0.0,0.0,0.0,0.0,0.0,0.0,0.0,0.0,0.0,0.0,0.0,0.0,0.0,0.0,0.0,0.0,0.0,0.0,0.0,0.0,0.0,0.0,0.0,0.0,0.0,0.0,0.0,0.0,0.0,0.0,0.0,0.0,0.0,0.0,0.0,0.0,0.0,0.0,0.0,0.0,0.0,0.0,0.0,0.0,0.0,0.0,0.0,0.0,0.0,0.0,0.0,0.0,0.0,0.0,0.0,0.0,T2D
4.45044,1.26147,1.75125,0.27094,1.59351,1.13176,0.4834,0.13038,0.44999,1.08181,1.23364,0.00509,0.04374,0.0492,0.52279,0.82501,1.2487,0.02514,0.01061,1.97004,1.17204,0.15336,2.95708,0.12825,0.29916,0.0,0.69297,0.0,0.23426,2.33476,0.0,0.0,0.03342,0.12104,0.21697,0.16877,0.0,0.0,0.0,0.38472,0.41462,0.02096,0.0,0.02054,0.62953,0.0,0.40409,0.01564,0.0,0.0658,0.74768,0.09049,0.0,0.07396,0.26135,0.0,0.66683,0.0,0.03234,0.0,0.0,0.0,0.0,0.0,0.00708,0.0,0.0,0.0004,0.0,0.0,0.0,0.0,0.12029,0.0,0.00654,0.05231,1.64783,0.0,0.0,0.0,0.0,0.0,0.0,0.0,0.0,0.0,14.14736,0.00844,0.0,0.35898,0.29835,0.0,0.02211,0.21397,0.0277,0.05364,0.0,0.01606,0.46996,0.24055,0.25516,0.10773,0.00156,0.00903,0.25354,0.08833,0.43993,0.0,0.1778,0.0,0.00297,0.0,1.25544,0.0,0.0,0.0,0.0,0.0,0.0,0.0547,0.0,0.0,15.50397,0.0,0.0,0.0,0.0,0.03069,0.04438,0.0,0.0,0.0,0.0,0.0,0.0,0.0,0.0,0.94741,0.01415,0.82352,0.05677,4.34058,0.0,0.0,0.0,0.0,0.0,0.0,0.0,0.0,0.0,0.0,0.31626,0.0,0.0,0.0,0.0,0.16109,0.0,12.66846,0.0,0.05081,0.0,0.0,0.0,3.30144,0.0,0.0,0.0,0.0,0.0,0.0,0.0,0.0,0.0,0.0,0.0,0.0,0.148,0.0,0.0,0.0129,0.0,0.0,0.0,0.0,0.0,0.0,3.24331,0.03795,0.0,0.0,0.0,0.0,0.01252,0.0,0.00223,0.0,0.0,0.0,0.0,0.0,0.0,0.06164,0.0,0.0,0.0,0.0,0.0,0.0,0.0362,0.0,0.0,0.0,0.0,0.0,0.0,0.0,0.0,0.0,0.0,0.0,0.0,0.0,0.0,0.07387,0.0,0.0,0.0,0.0,0.0,1.81336,0.05705,0.0,0.0,0.00188,0.01337,0.00877,0.0,0.0,0.0,0.02176,0.0,0.0,0.0,0.0,0.0,0.0,0.0,0.0,0.0,0.0,0.0,0.0,0.0,0.0,0.0,0.00915,0.0,0.0,0.0,0.0,0.0,0.0,0.0,0.0,0.0,0.0,0.12051,0.0,0.0,0.0,0.0,0.0,0.0,0.00176,0.0,0.0,0.0,0.0,0.0,0.0,0.0,0.0,0.0,0.0,0.01258,0.0,0.0,0.0,0.0,0.0,0.0,0.0,0.0,0.0,0.0,0.0,0.0,0.0,0.0,0.0,0.0,0.0,0.0,0.0,0.0,0.0,0.0,0.0,0.0,0.0,0.0,0.0,0.0,0.0,0.0,0.0,0.0,0.0,0.0,0.0,0.0,0.0,0.0,0.0,0.0,0.0,0.0,0.0,0.0,0.0,0.0,0.0,0.0,0.0,0.0,0.0,0.0,0.0,0.0,0.0,0.0,0.04994,0.0,0.0,0.0,0.0,0.0,0.0,0.0,0.0,0.0,0.0,0.0,0.0,0.0,0.0,0.0,0.0,0.0,0.0,0.0,0.0,0.0,0.0,0.0,0.0,0.0,0.0,0.0,0.0,0.0,0.0,0.0,0.0,0.0,0.0,0.0,0.0,0.0,0.0,0.0,0.0,0.0,0.0,0.0,0.0,0.0,0.0,0.0,0.0,0.0,0.0,0.0,0.0,0.0,0.0,0.0,0.0,0.0,0.0,0.0,0.0,0.0,0.0,0.0,0.0,0.0,0.0,0.0,0.0,0.0,0.0,0.0,0.0,0.0,0.0,0.0,0.0,0.0,0.0,0.0,0.0,0.0,0.17005,0.0,0.0,0.0,0.0,0.0,0.0,0.0,2.61489,0.59779,0.27566,0.15305,0.0,0.0,0.0,0.0,0.0,0.0,0.0,0.0,0.0,0.0,0.0,0.0,0.0,0.0,0.0,0.0,0.0,0.0,0.0,0.0,0.0,0.0,0.0,0.0,0.0,0.0,0.0,0.0,0.0,0.0,0.0,0.0,0.0,0.0,0.0,0.0,0.0,0.0,0.0,0.0,0.0,0.0,0.0,0.0,0.0,0.0,0.0,0.0,0.0,0.0,0.0,0.0,0.0,0.0,0.0,0.0,0.0,0.0,0.0,0.0,0.0,T2D
12.01818,7.75168,2.3417,5.52156,1.44525,1.61209,4.37127,1.09546,1.70522,8.96191,1.11473,0.0,0.36425,0.0,2.82075,0.11449,0.28754,0.0,0.74835,7.57078,0.56692,0.43207,0.76331,0.84201,0.47779,0.0,0.92243,0.0,0.78682,0.1412,0.08559,0.00197,0.14215,0.0,0.13428,0.53725,0.0,0.11636,1.2591,0.08134,0.03403,0.0,0.14682,0.56956,0.0,0.01611,0.06651,0.02098,0.06266,0.0,0.0,0.0,0.0,0.03815,0.0,0.14053,0.0,0.1234,0.03733,0.0,0.02652,0.0,0.0,0.0,0.12839,0.0,0.0,0.00755,0.0,0.0,0.0,0.0,0.01216,0.00727,0.0,0.00918,0.3246,0.0,0.0,0.0,0.0,0.0,0.01332,0.0,0.01768,0.0,13.83811,0.87211,0.0,0.0,0.0,0.0,0.0,0.53226,0.03738,0.01833,0.0,0.82158,0.05225,0.09749,0.08286,0.29482,0.0,0.0,0.01382,0.0,4.01441,0.0,0.0259,0.0,0.0,0.0,0.08727,0.01868,0.00435,0.02401,0.0,0.0,0.0,0.0,0.0,0.0,0.0,2.9746,0.0,0.0,0.0,0.0,0.18098,0.0,0.0,0.0,0.0,0.0,0.0,0.02015,0.0,2.05301,0.0,0.0,0.0,0.0,0.0,0.0,0.0,0.0,0.0,0.05017,0.0,0.0,0.0,0.0,0.49858,0.0,0.0,0.0,0.0,0.0,0.0,3.15165,0.0,0.0,0.0,0.0,0.0,0.55219,0.0,0.0,0.0,0.0,0.0,0.0,0.0,0.0,0.0,0.0,0.0,0.0,0.0,0.0,0.0,0.0,0.0,0.0,0.0,0.0,0.0,0.0,0.0,0.0,0.0,0.0,0.0,0.0,0.0,0.0,0.0,0.0,0.0,0.0,0.0,0.02831,0.01517,0.0,0.0,0.0,0.02655,0.0,0.0,0.0,0.01423,0.08253,0.0,0.0,0.02399,0.0,0.0,0.0,0.0,0.0,0.00522,0.0,0.0,0.0,0.0,0.0,0.0,0.0,0.0,0.0,0.0,0.0,0.0,0.0,0.02881,0.0,0.0,0.0,0.0,0.0,0.0,0.0,0.0,0.0,0.0,0.0,0.0,0.0,0.0,0.0,0.0,0.0,0.0,0.0,0.0,0.0,0.0,0.0,0.0,0.0,0.0,0.0,0.03074,0.0,0.0,0.0,0.0,0.0,0.0,0.0,0.0,0.0,0.0,0.0,0.0,0.0,0.0,0.0,0.0,0.0,0.0,0.0,0.0,0.0,0.0,0.0,0.0,0.0,0.0,0.0,0.0,0.0,0.0,0.0,0.0,0.0,0.0,0.0,0.0,0.0,0.0,0.0,0.0,0.0,0.0,0.0,0.0,0.0,0.0,0.0,0.0,0.0,0.0,0.0,0.0,0.0,0.0,0.0,0.0,0.0,0.3961,0.0,0.0,0.0,0.0,0.0,0.0,0.0,0.0,0.0,0.0,0.0,0.0,0.0,0.0,0.0,0.0,0.0,0.0,0.0,0.0,0.0,0.0,0.0,0.0,0.0,0.0,0.0,0.0,0.0,0.0,0.0,0.0,0.0,0.0,0.0,0.0,0.0,0.0,0.0,0.0,0.0,0.0,0.0,0.0,0.0,0.0,0.0,0.0,0.0,0.0,0.0,0.0,0.0,0.0,0.0,0.0,0.0,0.0,0.0,0.0,0.0,0.0,0.0,0.0,0.0,0.0,0.0,0.0,0.0,0.0,0.0,0.0,0.0,0.0,0.0,0.0,0.0,0.0,0.0,0.0,0.0,0.0,0.0,0.0,0.0,0.0,0.0,0.0,0.0,0.0,0.0,0.0,0.0,0.0,0.0,0.0,0.0,0.0,0.0,0.0,0.0,0.0,0.0,0.0,0.0,0.0,0.0,0.0,0.0,0.0,0.0,0.0,0.0,0.0,0.0,0.0,0.0,0.0,0.0,0.0,0.0,0.0,0.0,0.0,0.0,0.0,0.0,0.0,0.0,0.0,0.0,0.0,0.0,0.0,0.0,0.0,0.0,0.0,0.0,0.0,0.0,0.0,0.0,0.0,0.0,0.0,0.0,0.0,0.0,0.0,0.0,0.0,0.0,0.0,0.0,0.0,0.0,0.0,0.0,0.0,0.0,0.0,0.0,0.0,0.0,0.0,0.0,0.0,0.0,0.0,0.0,0.0,0.0,0.0,0.0,0.0,0.0,T2D
4.62338,1.37567,1.23058,0.89037,1.39589,1.31377,3.06007,1.52926,0.35857,1.09133,1.01928,0.29498,0.0914,2.83365,0.61658,1.06929,1.91845,0.0,0.47008,0.07766,0.44493,0.0,1.94853,0.41603,2.59056,0.0,0.59856,0.0,0.27975,0.9588,0.0,0.03346,0.03356,0.8107,0.05185,0.14675,0.0,0.0,14.70515,0.16068,0.31204,0.0,0.0,0.18928,0.0334,0.06235,0.0,0.83232,0.09451,0.69479,0.28961,0.41665,0.0,0.01748,0.04456,0.03015,0.0885,0.09751,0.0,0.0,0.00879,0.01761,0.0,0.0,0.12046,0.16213,0.0,0.09247,0.0,0.0,0.00151,0.00124,0.17972,0.00731,0.0,0.02869,2.13922,0.00369,0.0,0.0,0.00535,0.0,0.01018,0.0043,0.00893,0.0,10.10319,0.0,0.0,0.75532,1.75321,0.03147,5.48392,0.42996,0.0,1.89485,0.00337,0.96398,0.6108,0.17252,0.0,0.12236,0.83144,0.00767,0.0,0.0,0.10084,0.0,0.0,0.0,0.0,0.02415,0.75316,0.0,0.04926,0.05866,0.0,0.0,0.00165,0.0,0.96036,0.0,0.0,0.50526,0.0,0.02365,0.0,0.07916,0.00902,0.06396,0.0,0.0,0.0,0.0,0.0,0.0,0.0,3.6972,0.0,0.06187,0.0,0.0,0.0,0.0,0.0,0.0,0.0,0.69172,0.00084,0.0,0.01143,0.0,0.0,0.0,0.0,0.0,0.0,14.00943,0.0,0.0,0.0,0.0,0.00501,0.0,0.0,0.0,0.0,0.0,0.0,0.0,0.0,0.0,0.0,0.0,0.0,0.0,0.0,0.0,0.0,0.0,0.0,0.0,0.02322,0.0,0.03378,0.0,0.0,0.0,0.0,0.0,0.0,0.0,0.0,0.0,0.0,0.0,0.0,0.0,0.0,0.0,0.0,0.0,0.01932,0.06133,0.0,0.0,0.0,0.0,0.0,0.0,0.0,0.0,0.0,0.0,0.0,0.0,0.0,0.0,0.0,0.0,0.01041,0.00183,0.0,0.0,0.00117,0.0,0.0,0.0,0.0,0.0,0.0,0.0,0.21543,0.0,0.0,0.0,0.0,0.0,0.00292,0.00313,0.0,0.0,0.0,0.0,0.0,0.0,0.0,0.01438,0.0,0.0,0.0039,0.0,0.0,0.0,0.0,0.0,0.0,0.0,0.0,0.0,0.0,0.0,0.00063,0.0,0.0,0.0,0.0,0.0,0.0,0.0,0.0,0.0,0.0,0.0,0.0,0.0,0.0,0.0,0.0,0.0,0.0,0.0,0.0,0.0,0.0,0.0,0.0,0.0,0.0,0.0,0.0,0.0,0.0,0.0,0.0,0.0,0.42137,0.0,0.0,0.0,0.0,0.0,0.0,0.0,0.0,0.0,0.00856,0.0,0.0,0.0,0.0,0.0,0.0,0.0,0.0,0.0,0.0,0.0,0.0,0.0,0.0,0.0,0.0,0.0,0.0,0.0,0.0,0.0,0.0,0.0,0.0,0.0,0.0,0.0,0.0,0.0,0.0,0.0,0.0,0.0,0.0,0.0,0.0,0.0,0.0,0.0,0.0,0.0,0.0,0.0,0.0,0.0,0.0,0.0,0.0,0.0,0.0,0.0,0.0,0.0,0.0,0.0,0.0,0.13097,0.0,0.0,0.0,0.0,0.0,0.0,0.0,0.0,0.0,0.0,0.0,0.0,0.0,0.0,0.0,0.0,0.0,0.0,0.0,0.0,0.0,0.0,0.0,0.0,0.0,0.0,0.0,0.0,0.0,0.0,0.0,0.0,0.0,0.0,0.0,0.0,0.0,0.0,0.0,0.0,0.0,0.0,0.0,0.0,0.0,0.0,0.0,0.0,0.0,0.0,0.0,0.0,0.0,0.0,0.0,0.0,0.0,0.0,0.0,0.0,0.0,0.0,0.0,0.0,0.0,0.0,0.0,0.0,0.0,0.0,0.0,0.0,0.0,0.09006,0.0,0.0,0.0,0.0,0.0,0.0,0.0,0.0,0.0,0.0,0.0,0.0,0.0,0.0,0.0,0.0,0.0,0.0,0.0,0.0,0.0,0.0,0.0,0.0,0.0,0.0,0.0,0.0,0.0,0.0,0.0,0.0,0.0,0.0,0.0,0.0,0.0,0.0,0.0,0.0,0.0,0.0,0.0,0.0,0.0,0.0,0.0,0.0,0.0,0.0,0.0,0.0,0.0,0.0,0.0,0.0,0.0,0.0,0.0,0.0,healthy
13.62905,2.0897,2.76279,5.3917,4.10381,0.0,4.06256,2.18808,0.0,0.21032,5.00166,0.0,0.26704,2.70391,8.30281,0.0,2.72978,0.0,0.0,1.22142,0.0,0.0,0.0,1.06348,0.36329,0.0,2.58014,0.0,0.33308,2.80793,0.0,0.20369,0.1585,0.0,0.96401,0.63062,0.0,0.19375,1.188,0.0,0.06471,1.22055,0.03708,1.67453,0.0,0.3371,0.0,0.411,0.32293,0.04832,0.0,0.0,0.0,0.22558,0.0,0.01145,0.05666,0.24974,0.0,0.0,0.0,0.03943,0.0,0.0,0.15536,0.0,0.0,0.00758,0.0,0.0,0.0,0.13324,0.09885,0.0116,0.0,0.0,0.64655,0.36508,0.47854,0.0,0.0,0.0,0.00442,0.02123,0.01324,0.0,8.54256,1.61294,0.0,0.0,0.0,0.0,2.18113,0.1202,0.0,0.78785,0.0,0.0,0.54762,0.0,0.63526,0.6393,1.40017,0.0,0.0,0.0,0.0,0.0,0.0,0.02234,0.0,0.27018,0.13164,0.00929,0.0,0.0,0.0,0.0,0.0,0.0,0.0,0.0,0.0,0.0,0.0,0.0,0.0,0.0,0.0,0.01128,0.0,0.05191,0.0,0.00071,0.0,0.0,0.0,0.0,0.0,0.0,0.0,0.0,0.0,0.0,0.0,0.0,0.0,0.0,0.0,0.0,0.0,0.0,0.0,0.0,0.0,0.0,0.02399,0.07817,0.0,0.78122,0.0,0.0,0.68873,0.0,0.0,0.0,0.0,0.0,0.0,0.38086,0.0,0.0,0.0,0.0,0.0,0.0,0.0,0.0,0.0,0.00211,0.0,0.04089,0.0,0.00416,0.04255,0.0,0.0,0.0,0.0,0.0,0.0,1.51474,0.0,0.0,0.0,0.0,0.0,0.0,0.0,0.0,0.0,0.0,0.0,0.0,0.0,0.01541,0.0,0.0,0.00349,0.0,0.0,0.0,0.0,0.0,0.00671,0.0,0.0,0.0,0.0,0.0,0.0,0.0,0.0,0.0,0.0,0.25395,0.0,0.0,0.0,0.0,0.0,0.0,0.0,0.0,0.0,0.0,0.0,0.0,0.0,0.0,0.02222,0.0,0.0,0.0,0.0,0.0,0.0,0.0,0.0,0.0,0.0,0.0,0.0,0.0,0.0,0.0,0.0,0.0,0.0,0.0,0.0,0.0,0.01691,0.0,0.0,0.0,0.0,0.0,0.0,0.0,0.29888,0.0,0.0,0.00059,0.00921,0.0,0.0,0.0,0.0,0.0,0.0,0.0,0.0,0.0,0.0,0.0,0.0,0.0,0.0,0.0,0.0,0.0,0.0,0.0,0.0,0.0,0.0,0.0,0.0,0.0,0.0,0.0,0.0,0.0,0.0,0.0,0.02359,0.0,0.0,0.0,0.0,0.0,0.0,0.0,0.0,0.0,0.0,0.0,0.0,0.0,0.0,0.10477,0.0,0.0,0.0,0.0,0.28806,0.0,0.0,0.0,0.00462,0.0,0.0,0.0,0.0,0.0,0.0,0.0,0.0,0.0,0.0,0.0,0.0,0.0,0.0,0.0,0.0,0.0,0.0,0.0,0.0,0.0,0.0,0.0,1.67881,0.0,0.0,0.0,0.0,0.0,0.19608,0.0,0.0,0.0,0.0,0.0,0.0,0.0,0.0,0.0,0.06163,0.0,0.0,0.0,0.0,0.0,0.0,0.0,0.0,0.0,0.0,0.0,0.0,0.0,0.0,0.0,0.0,0.0,0.0,0.0,0.0,0.0,0.0,0.0,0.0,0.0,0.0,0.0,0.0,0.0,0.0,0.0,0.0,0.0,0.0,0.0,0.0,0.0,0.0,0.0,0.0,0.0012,0.0,0.0,0.0,0.0,0.0,0.0,0.0,0.0,0.0,0.0,0.0,0.0,0.0,4.66957,0.0,0.0,0.0,0.0,0.0,0.0,0.0,0.0,0.0,0.0,0.0,0.0,0.0,0.0,0.0,0.0,0.0,0.0,0.0,0.0,0.0,0.0,0.0,0.0,0.0,0.0,0.0,0.0,0.0,0.0,0.0,0.0,0.0,0.0,0.0,0.0,0.0,0.0,0.0,0.0,0.0,0.0,0.0,0.0,0.0,0.0,0.0,0.0,0.0,0.0,0.0,0.0,0.0,0.0,0.0,0.0,0.0,0.0,0.0,0.0,0.0,0.0,0.0,0.0,0.0,0.0,0.0,0.0,0.0,0.0,0.0,0.0,T2D
7.49393,3.22512,3.87554,0.00916,0.35154,14.09947,0.0,0.0,0.00949,8.81455,1.20456,0.0,5.65738,5.07134,2.99977,0.30354,4.52955,0.0,0.0,0.00181,0.0,0.54984,0.0,0.34544,4.89501,0.0,0.0,0.0,0.25461,2.72635,0.0,0.27781,0.31522,5.29659,3.02253,0.0,0.0,1.34728,2.6084,0.0,0.0,0.34904,0.15231,0.06795,0.0,0.0,0.0,0.0,0.0,0.09417,0.77158,0.0,0.0,0.0,0.03045,0.30545,0.3581,0.0,0.00647,0.0,0.0,0.0,0.16513,0.0,0.00636,0.21454,0.0,0.00744,0.0,0.0,0.0,0.42412,0.0,0.00142,0.0,0.13633,0.06724,0.0,0.12687,0.0,0.0,0.0,0.0,0.0,0.0,0.0,6.16003,1.07585,0.0,0.0,0.0,0.9088,0.0,4.14894,0.0,0.0,0.0,0.14529,0.0,0.48151,0.78258,0.47162,0.0,0.0,0.0,0.0,0.0,0.0,0.0,0.00458,0.0,0.0,0.0,0.04056,0.0,0.0,0.0,0.0,0.05238,0.0,0.0,0.0,0.0,2.05744,0.0,0.04704,0.0,0.0,0.0,0.00498,0.0,0.0,0.0,0.0,0.0,0.0,0.02612,0.0,0.0,0.0,0.0,0.0,0.0,0.0,0.0,0.0,0.0,0.78731,0.0,0.0,0.0,0.0,0.0,0.0,0.0,0.0,0.03835,0.0,0.0,0.0,0.0,0.0,0.0,0.0,0.0,0.0,0.0,0.0,0.0,0.0,0.0,0.0,0.0,0.0,0.0,0.00802,0.01137,0.0,0.0,0.0,0.0,0.0311,0.0,0.0,0.06929,0.0,0.0,0.0,0.0,0.0,0.0,0.0,0.0,0.0,0.0,0.0,0.0,0.0,0.0,0.0,0.0,0.00191,0.00308,0.0,0.0,0.0337,0.0,0.0,0.00117,0.0,0.0,0.0,0.0,0.0,0.0,0.0,0.00046,0.0,0.0,0.0,0.00075,0.0,0.0,0.0,0.0,0.0,0.0,0.0,0.0,0.0,0.0,0.0,0.0,0.0,0.0,0.0,0.0,0.0,0.0,0.0,0.0,0.0,0.0,0.0,0.0,0.0,0.0,0.0,0.0,0.0,0.0,0.0,0.0,0.0,0.0,0.0,0.0,0.0,0.0,0.0,0.0,0.0,0.03498,0.0,0.0,0.0,0.0,0.0,0.0,0.0,0.0,0.0,0.0,0.0,0.0,0.0,0.0,0.0,0.0,0.0,0.0,0.0,0.0,0.0,0.0,0.0,0.0,0.0,0.0,0.0,0.0,0.0,0.0,0.0,0.0,0.0,0.0,0.0,0.0,0.0,0.0,0.0,0.0,0.0,0.0,0.0,0.0,0.0,0.0,0.0,0.0,0.0,0.0,0.0,0.0,0.0,0.0,0.0,0.0,0.0,0.0,0.0,0.0,0.0,0.0,0.0,0.0,0.0,0.0,0.0,0.0,0.0,0.0,0.0,0.0,0.0,0.0,0.0,0.0,0.0,0.0,0.0,0.0,0.0,0.0,0.0,0.0,0.0,0.0,0.0,0.0,0.0,0.0,0.0,0.0,0.0,0.0,0.0,0.0,0.0,0.0,0.0,0.0,0.0,0.0,0.0,0.0,0.0,0.0,0.0,0.0,0.0,0.0,0.0,0.0,0.0,0.0,0.0,0.0,0.0,0.0,0.0,0.0,0.0,0.0,0.0,0.0,0.0,0.0,0.0,0.0,0.0,0.0,0.0,0.0,0.0,0.0,0.0,0.0,0.0,0.0,0.0,0.0,0.0,0.0,0.0,0.0,0.0,0.0,0.0,0.0,0.0,0.0,0.0,0.0,0.0,0.0,0.0,0.0,0.0,0.0,0.0,0.0,0.0,0.0,0.0,0.0,0.0,0.0,0.0,0.0,0.0,0.0,0.0,0.0,0.0,0.0,0.0,0.0,0.0,0.0,0.0,0.0,0.0,0.0,0.0,0.0,0.0,0.0,0.0,0.0,0.0,0.0,0.0,0.0,0.0,0.0,0.0,0.0,0.0,0.0,0.0,0.0,0.0,0.0,0.0,0.0,0.0,0.0,0.0,0.0,0.0,0.0,0.0,0.0,0.0,0.0,0.0,0.0,0.0,0.0,0.0,0.0,0.0,0.0,0.0,0.0,0.0,0.0,0.0,0.0,0.0,0.0,0.0,0.0,0.0,0.0,0.0,T2D
2.35589,2.60034,3.21161,1.59621,0.0,2.00175,1.42355,0.03691,0.0,8.95062,14.98193,0.72506,1.38899,16.30311,2.4966,0.23714,0.85451,0.0,0.13158,1.20683,0.06216,0.0,0.67474,1.67289,1.28966,0.4298,0.49222,0.0,0.5759,2.5851,0.0,0.00426,0.06662,0.41366,0.00766,0.61048,0.00046,0.2895,2.29439,0.0,5.37838,0.0,0.35122,0.66796,0.0,0.36254,0.0,0.0,0.00575,0.01729,0.04964,0.08231,0.02318,0.02716,0.0,0.01804,0.0,0.01464,0.01157,0.0,0.01131,0.0,0.23125,0.0,0.17155,0.0,0.0,0.26844,0.0,0.00056,0.00131,0.01151,0.01527,0.00263,0.00505,0.04062,0.16449,0.0,0.0,0.00214,0.009,0.02592,0.00209,0.03417,0.00309,0.0,7.36416,0.03994,0.0,0.30499,0.0,0.0,0.0,0.42567,0.0,0.0,0.00279,0.25918,0.85137,0.0,0.21231,0.01505,0.06823,0.0,0.0,0.0,0.0,0.0,0.0,0.00489,0.5242,0.02082,0.0,0.1125,0.0,0.20657,0.0,0.0,0.02507,0.04692,0.67,0.0,0.0,5.48501,0.0,0.00179,0.0,0.0,0.00749,0.02902,0.0,0.0,0.00089,0.0,0.0,0.0,0.0,0.0036,0.0,0.0,0.0,0.0,0.0,0.0,0.0,0.0,0.0,0.03665,0.0,0.0,0.0,0.0,0.0,0.00136,0.02274,0.0,0.0,0.45846,0.0,0.0,0.0,0.0,0.0,0.00449,0.2113,0.0,0.0,0.0,0.0,0.0,0.01951,0.0,0.0,0.0,0.0,0.00243,0.3834,0.0,0.05506,0.0,0.0,0.00088,0.0,0.0,0.06377,0.0,0.0,0.0,0.01512,0.00542,0.0,1.74187,0.0,0.0,0.0,0.0,0.0,0.0,0.04907,0.0,0.0,0.0139,0.00401,0.0,0.0,0.01194,0.02891,0.0,0.0,0.0,0.0,0.0,0.0,0.0,0.0,0.00092,0.01565,0.00149,0.0,0.0,0.0,0.00049,0.0,0.0,0.0,0.00272,0.0,0.0,0.0,0.0,0.0,0.0,0.0,0.0,0.0,0.0,0.0,0.0,0.0,0.0,0.03486,0.0,0.0,0.0,0.0,0.0,0.0,0.0,0.0,0.0,0.0,0.0,0.06403,0.0,0.0,0.0,0.0,0.0,0.0,0.0,0.0,0.0,0.0,0.0,0.00084,0.0,0.0,0.0,0.0,0.0,0.0,0.0,0.0,0.0,0.0,0.0,0.0,0.0,0.0,0.0,0.0,0.0,0.0,0.0,0.0,0.0,0.0,0.0,0.0,0.0,0.0,0.0,0.0,0.0,0.001,0.0,0.0,0.0,0.0,0.0,0.0,0.0,0.0,0.0,0.0,0.0,0.00335,0.0,0.0,0.0,0.0,0.0,0.0,0.0,0.0,0.0,0.0,0.0,0.0,0.0,0.0,0.0,0.0,0.0,0.0,0.0,0.0,0.0,0.0,0.0,0.0,0.0,0.0,0.0,0.0,0.0,0.0,0.0,0.00308,0.0,0.0,0.0,0.0,0.0,0.0,0.0,0.0,0.0,0.0,0.0,0.0,0.0,0.0,0.00633,0.0,0.0,0.0,0.0,0.0,0.0,0.0,0.0,0.0,0.00794,0.0,0.0,0.0,0.0,0.0,0.0,0.0,0.0,0.0,0.0,0.0,0.0,0.0,0.0,0.0,0.0,0.0,0.0,0.0,0.00933,0.0,0.0,0.0,0.0,0.0,0.0,0.0,0.0,0.0,0.0,0.0,0.0,0.0,0.0,0.00125,0.0,0.0,0.0,0.0,0.0,0.0,0.0,0.0,0.0,0.0,0.0,0.0,0.0,0.0,0.0,0.0,0.0,0.0,0.0,0.0,0.0,0.0,0.0,0.0,0.0,0.0,0.0,0.0,0.0,0.0,0.0,0.0,0.0,0.0,0.0,0.0,0.0,0.0,0.0,0.0,0.0,0.0,0.0,0.0,0.0,0.0,0.0,0.0,0.0,0.0,0.0,0.0,0.0,0.0,0.0,0.0,0.0,0.0,0.0,0.0,0.0,0.0,0.0,0.0,0.0,0.0,0.0,0.0,0.0,0.0,0.0,0.0,0.0,0.0,0.0,0.0,0.0,0.0,0.0,0.0,0.0,0.0,0.0,0.0,0.0,0.0,0.0,0.0,0.0,0.0,0.0,0.0,0.0,0.0,0.0,0.0,0.0,0.0,0.0,T2D
8.05879,1.58287,3.88693,1.80661,2.22905,1.95766,1.75305,0.82991,1.9732,16.52012,1.11275,0.00775,0.31211,0.01535,2.23838,0.09977,1.29918,0.22473,0.44343,0.00381,0.27558,0.0,0.16485,0.33088,0.263,0.0,0.43029,0.0,0.21635,2.829,0.03624,0.0171,0.12027,1.86358,0.41973,0.14678,0.0,0.0,1.4901,0.20725,0.0,0.64702,0.05729,11.82947,0.0,0.215,0.11708,0.1189,0.1039,0.01155,0.08394,0.14257,0.00103,0.00683,0.64334,0.02975,0.0,0.15135,0.0,0.0,0.0106,0.07864,0.00379,0.02461,2.06311,0.0,0.0,0.00964,0.0,0.0,0.0,0.00101,0.10663,0.00974,0.00361,0.11512,0.37908,1.34721,0.0,0.00406,0.0,0.0,0.00451,0.10392,0.00853,0.0,0.0,0.00425,0.00222,0.5131,8.71219,0.0,0.09047,3.33488,0.0,0.07047,0.0,0.5682,0.80415,0.11757,0.06742,0.7317,0.12211,0.0,0.02358,0.0,0.0,0.0,0.08732,0.0,0.0,0.06074,3.4564,0.0,0.0012,0.0,0.0,0.47983,0.0,0.08354,0.4192,0.0,0.01929,0.0,0.0,0.41384,0.0,0.34232,0.09495,0.07163,0.0,0.0,0.0,0.03799,0.0,0.0,0.0,0.77516,0.0,0.03455,0.0,0.0,0.02569,0.0,0.0,0.00769,0.0,0.0,0.0,0.00166,0.01358,0.0,0.0,0.00135,0.05722,0.0,0.60462,0.0,0.00392,0.0,0.0,0.0,0.02853,0.0,0.0,0.0,0.0,0.0,0.0,0.0,0.0,0.00275,0.0,0.02855,0.0,0.0,0.00108,0.05428,0.02906,0.00449,0.0,0.03705,0.0,0.0,0.0,0.0,0.0,0.0,0.0,0.0,0.0,0.0,0.0,0.00075,0.0,0.0,0.0,0.0,0.0,0.0,0.0,0.0,0.0,0.00667,0.00053,0.00835,0.0,0.0,0.0,0.0,0.03791,0.0,0.0,0.0,0.0,0.00666,0.00348,0.0,0.0,0.0,0.0,0.0,0.0,0.0,0.0,0.0,0.0,0.0,0.0,0.0,0.0,0.0,0.0,0.0,0.0,0.00616,0.0,0.02911,0.02426,0.0051,0.0,0.01489,0.0,0.01498,0.0,0.0,0.0,0.0,0.0,0.0,0.0,0.0,0.0,0.0,0.0,0.02705,0.0,0.0,0.0,0.0,0.0,0.0,0.0,0.0,0.0,0.0,0.0,0.0,0.0,0.01047,0.94864,0.0,0.0,0.0,0.01619,0.0,0.0,0.0,0.0,0.0,0.0,0.0,0.0,0.0,0.0,0.0,0.0,0.0,0.0,0.2035,0.0,0.0,0.0,0.0,0.0,0.0,0.0,0.0,0.0,0.0,0.0,0.0,0.0,0.0,0.0,0.0,0.01424,0.0,0.0,0.0,0.0,0.0,0.0,0.0,0.0,0.0,0.0,0.0,0.0,0.0,0.0,0.75538,0.0,0.01242,0.0,0.0,0.00623,0.0,0.0,0.0,0.0,0.0,0.0,0.0,0.0,0.0,0.0,0.0,0.0,0.0,0.0,0.0,0.0,0.0,0.0,0.0,0.0,0.0,0.0,0.0,0.0,0.00069,0.0,0.0,0.0,0.0,0.0,0.0,0.0,0.0,0.0,1.69307,0.0,0.0,0.0,0.0,0.0,0.0,0.0,0.0,0.0,0.0,0.0,0.0,0.0,0.0,0.0,0.00219,0.0,0.0,0.0,0.0,0.00743,0.0,0.0,0.0,0.0,0.0,0.0,0.0,0.0,0.0,0.0,0.0,0.0,0.0,0.0,0.0,0.0,0.0,0.0,0.0,0.0,0.0,0.0,0.0,0.0,0.0,0.0,0.0,0.0,0.0,0.0,0.0,0.0,0.0,0.0,0.0,0.0,0.0,0.0,0.0,0.0,0.0,0.0,0.0,0.0,0.0,0.0,0.0,0.0,0.0,0.0,0.0,0.0,0.0,0.03052,0.0,0.0,0.0,0.0,0.0,0.0,0.0,0.00401,0.00364,0.00211,0.0,0.0,0.0,0.0,0.0,0.0,0.0,0.0,0.0,0.0,0.0,0.0,0.0,0.0,0.0,0.0,0.0,0.0,0.0,0.0,0.0,0.0,0.0,0.0,0.0,0.0,0.0,0.0,0.0,0.0,0.0,0.0,0.0,0.0,0.0,0.0,0.0,0.0,0.0,0.0,0.0,0.0,0.0,0.0,0.0,0.0,0.0,0.0,0.0,0.0,0.0,T2D
4.53798,1.81862,1.65229,1.76235,0.21089,5.66135,6.18268,0.0214,2.556,0.84717,8.57045,0.0267,0.12006,0.06762,1.68978,0.03685,4.05667,0.0,0.20376,0.0,1.73132,0.0,2.62966,1.86192,0.0,0.25879,0.20512,0.0,0.39116,0.58603,0.0,0.10711,1.0483,0.0,0.69352,1.19354,0.00255,0.0,0.0,0.58716,0.39961,0.0,1.02287,0.04273,0.0,0.22412,0.22479,0.1234,0.52337,0.00154,0.99045,0.09972,0.01214,0.08176,0.0,0.02383,0.80107,0.52454,0.0,0.0,0.0,0.0,0.18514,0.03314,0.04548,0.0,0.20387,0.0,0.0,0.0,0.0,0.04449,0.0,0.03562,0.01117,0.93387,0.09142,0.0,0.15128,0.00679,0.0,0.0,0.02945,0.0057,0.01905,0.00398,25.07012,5.95621,0.00571,0.0,0.0,0.01975,0.0,0.0,0.0,0.0,0.0,0.95133,4.90635,0.12673,0.00644,0.15601,0.29867,0.0,0.06988,0.0,0.26645,0.0,0.02066,0.0,0.0,0.0394,0.07986,0.0,0.12165,0.0,0.0,0.0,0.07354,0.07931,0.0,0.0,0.0,0.0,0.0,0.0,0.0,0.0,0.0513,0.0,0.0,0.0,0.00744,0.0,0.0,0.0,0.0,0.0,0.0,0.0,0.61521,0.0,0.0,0.03294,0.0,0.0,0.0,0.0,0.0,0.0,0.32866,0.0,0.0,0.0048,0.0022,0.0,0.0,0.0,0.00193,0.0,0.0,0.0,0.0,0.01568,0.05782,0.0,0.0,0.0,0.0,0.0,0.02236,0.0,0.0,0.0,0.0,0.0015,0.01396,0.0425,0.37665,0.02912,0.0,0.09308,0.0,0.0,0.07969,0.0,0.0,0.7381,0.0,0.27011,0.0,0.02358,0.0,0.0,0.0,0.0,0.18046,0.0,0.0,0.0092,0.0,0.00111,0.0,0.0,0.00475,0.0,0.0,0.0,0.0,0.0,0.0,0.0,0.19966,0.0,0.02429,0.00038,0.0,0.0,0.01603,0.0,0.0,0.04383,0.0,0.0,0.0088,0.0,0.0,0.0,0.0,0.0,0.0,0.0,0.0,0.0,0.0,0.0,0.0,0.0,0.0,0.0,0.03026,0.0,0.0,0.00364,0.0,0.0,0.0,0.0,0.0,0.0,0.0,0.0,0.0,0.0,0.0,0.0,0.0,0.0,0.0,0.0,0.0,0.0,0.0,0.0,0.0,0.0,0.0,0.0,0.0,0.0,0.0,0.0,0.0,0.0,0.00463,0.0,0.0,0.0,0.0,0.0,0.0,0.0,0.0,0.0,0.0,0.0,0.0,0.0,0.0,0.0,0.0,0.0,0.0,0.0,0.0,0.0,0.0,0.0,0.0,0.0,0.0,0.0,0.0,0.0,0.0,0.0,0.0,0.0,0.0,0.0,0.0,0.0,0.0,0.0,0.0,0.0,0.0,0.0,0.0,0.0,0.0,0.0,0.0,0.0,0.0,0.0,0.0,0.0,0.0,0.0,0.0,0.0,0.0,0.0,0.0,0.0,0.0,0.0,0.0,0.0,0.0,0.0,0.0,0.0,0.0,0.0,0.0,0.0,0.0,0.0,0.0,0.0,0.0,0.0,0.0,0.0,0.0,0.0,0.0,0.0,0.0,0.0,0.0,0.0,0.0,0.0,0.0,0.0,0.0,0.0,0.0,0.0,0.0,0.0,0.0,0.0,0.0,0.0,0.0,0.0,0.0,0.0,0.0,0.0,0.0,0.0,0.0,0.0,0.0,0.0,0.0,0.0,0.0,0.0,0.0,0.0,0.0,0.0,0.0,0.0,0.0,0.0,0.0,0.0,0.0,0.0,0.0,0.0,0.0,0.0,0.0,0.0,0.0,0.0,0.0,0.0,0.0,0.0,0.0,0.0,0.0,0.0,0.0,0.0,0.0,0.0,0.0,0.0,0.0,0.0,0.0,0.0,0.0,0.0,0.0,0.0,0.0,0.0,0.0,0.0,0.0,0.0,0.0,0.02414,0.0,0.0,0.0,0.0,0.0,0.0,0.0,0.0,0.0,0.0,0.0,0.0,0.0,0.0,0.0,0.0,0.0,0.0,0.0,0.0,0.0,0.0,0.0,0.0,0.0,0.0,0.0,0.0,0.0,0.0,0.0,0.0,0.0,0.0,0.0,0.0,0.0,0.0,0.0,0.0,0.0,0.0,0.0,0.0,0.0,0.0,0.0,0.0,0.0,0.0,0.0,0.0,0.0,0.0,healthy
16.29931,0.0,2.47978,8.78114,0.0,9.10512,0.01046,0.00197,2.26595,0.00958,0.50041,0.0,0.07213,0.0,5.4247,0.01089,1.07758,0.0,0.49328,5.40978,0.24021,0.0,1.98558,1.17624,0.29391,0.9078,0.05391,0.0,0.52159,3.73593,0.39142,0.33591,0.12073,0.87475,3.40254,1.82136,0.00829,0.0,0.0,0.1228,0.16986,0.0,0.17448,0.17395,0.00506,0.0,0.0,0.08946,0.32239,0.02788,0.41878,0.20448,0.00835,0.0,0.0,0.02198,0.05548,0.89749,0.00279,0.0,0.0,0.0,0.18595,0.04979,0.13073,0.0,0.0,0.0,0.0,0.0,0.0,0.53205,0.11802,0.03343,0.02228,0.17017,0.0142,0.01622,0.0,0.0,0.0,0.00817,0.0,0.50527,0.0,0.0,16.90245,1.96057,0.0,0.20348,0.0,0.0,0.0,0.0,0.0,0.0,0.0,0.8753,0.1278,0.06167,1.00919,0.76197,0.0,0.0,0.08776,0.0073,0.0,0.0,0.0,0.0,0.0,0.09381,0.0,0.0,0.0,0.0,0.0,0.13937,0.07939,0.07194,0.0,0.0,0.0,0.0,0.0,0.0,0.0,0.90355,0.0,0.0,0.0,0.0,0.0,0.0,0.0,0.0,0.00556,0.0,0.0,0.0,0.0,0.0,0.11095,0.0,0.0,0.0,0.0,0.0,0.0,0.0,0.00141,0.0,0.013,0.0,0.0,0.0,0.0,0.38624,0.00253,0.09584,0.0,0.0,0.0,0.0,0.37383,0.5245,0.0,0.0,0.0,0.0,0.17464,0.0,0.0,0.0,0.0,0.26241,0.0,0.0,0.26815,0.0059,0.0,0.00998,0.0,0.0054,0.21275,0.0,0.0,0.0,0.0,0.0,0.0,0.0,0.0,0.0,0.0,0.0,0.0,0.32255,0.0,0.0,0.0,0.04022,0.0,0.0,0.0,0.01431,0.0,0.0,0.0,0.0,0.0,0.0,0.0,0.0,0.0,0.0,0.0277,0.0,0.00042,0.0,0.01225,0.02575,0.0,0.0,0.01051,1.14038,0.00751,0.00576,0.0,0.0,0.0,0.0,0.0,0.0,0.0,0.0,0.0,0.0,0.04703,0.0,0.0,0.0,0.05188,0.00372,0.0,0.0,0.0022,0.11692,0.0,0.0,0.0,0.0,0.0,0.00499,0.0,0.0,0.0,0.0,0.0,0.0,0.0,0.0,0.0,0.0,0.0,0.0,0.0,0.0,0.0,0.0,0.0,0.0,0.0,0.0,0.00282,0.0,0.0,0.0,0.0,0.0,0.0,0.0,0.0,0.0,0.0,0.0,0.0,0.0,0.0,0.0,0.0,0.0,0.0,0.0,0.03392,0.0,0.0,0.0,0.0,0.0,0.0,0.0,0.0,0.0,0.0,0.0,0.0,0.0,0.0,0.0,0.0,0.0,0.0,0.0,0.0,0.0,0.0,0.0,0.0,0.0,0.0,0.0,0.0,0.0,0.0,0.0,0.0,0.0,0.0,0.0,0.0,0.0,0.0,0.0,0.0,0.0,0.0,0.0,0.0,0.0,0.0,0.0,0.0,0.0,0.0,0.0,0.0,0.0,0.00363,0.0,0.02,0.0,0.0,0.0,0.0,0.0,0.0,0.0,0.0,0.0,0.0,0.0,0.0,0.0,0.0,0.0,0.0,0.0,0.0,0.0,0.0,0.0,0.0,0.0,0.0,0.0,0.0,0.0,0.0,0.0,0.0,0.0,0.0,0.0,0.0,0.0,0.0,0.0,0.0,0.0,0.0,0.0,0.0,0.0,0.0,0.0,0.0,0.0,0.0,0.0,0.0,0.0,0.0,0.0,0.0,0.0,0.0,0.0,0.0,0.0,0.0,0.0,0.0,0.0,0.0,0.0,0.0,0.0,0.0,0.0,0.0,0.0,0.0,0.0,0.0,0.0,0.0,0.0,0.0,0.0,0.0,0.0,0.0,0.0,0.0,0.0,0.0,0.0,0.0,0.0,0.0,0.0,0.0,0.0,0.0,0.0,0.0,0.0,0.00983,0.0284,0.01065,0.00969,0.00731,0.00141,0.0,0.0,0.0,0.0,0.0,0.0,0.0,0.0,0.0,0.0,0.0,0.0,0.0,0.0,0.0,0.0,0.0,0.0,0.0,0.0,0.0,0.0,0.0,0.0,0.0,0.0,0.0,0.0,0.0,0.0,0.0,0.0,0.0,0.0,0.0,0.0,0.0,0.0,0.0,0.0,0.0,0.0,0.0,0.0,T2D
3.66827,0.06971,4.12664,0.00629,0.52094,6.04386,3.42813,0.0,2.53418,0.08019,2.50787,0.25122,0.57539,0.06879,0.57735,0.0,0.8258,0.9579,0.41149,0.0,0.45405,1.18266,7.91215,0.23831,0.00819,0.0,0.29331,0.00765,0.17975,0.72865,0.58269,0.00572,0.13882,5.67759,2.18499,0.28098,0.0,0.04636,0.01437,0.86703,0.1126,0.00098,0.0,0.0,0.0,0.0,1.46075,0.05639,0.00059,0.0,0.58214,0.36031,0.0,0.04297,0.0,0.0023,0.15754,0.00393,0.0,0.0,0.0,0.0,0.00615,0.0,0.0,0.0,0.0,0.01196,0.0,0.0,0.0,0.0,0.09975,0.00254,0.0,0.23331,0.02954,0.0,0.0,0.0,0.0,0.0,0.01347,0.0,0.01978,0.0,0.0,10.9995,0.0,0.82396,0.00065,0.0,0.0,0.81416,0.0,0.26643,0.00578,0.23629,0.12949,0.4075,0.00293,0.3398,0.12815,0.3535,0.14554,0.0,0.20982,0.0,1.75075,0.0,0.0,0.05477,0.02383,0.0038,0.11457,0.31617,0.0,0.0,0.01879,0.0,0.0,0.0,0.0,1.00263,0.0,0.0,0.0,0.8918,0.0,0.0,0.0,0.0,0.0,0.0,0.0,0.0,0.0,8.78834,0.0,0.74411,0.0,0.0,0.0,0.17945,0.27648,0.0,0.0,0.35302,0.0,0.0,0.22136,0.0,0.0,0.00207,0.82312,0.0,0.0,0.0,0.00181,0.0,0.0,0.0,0.0,0.0,0.58668,0.0,0.0,0.0,0.0,0.0,0.0,0.0,0.0,0.0,0.0,0.0,0.0,0.0,0.0,0.0,0.0,0.0,0.0,0.0,0.04176,0.00338,0.0,0.0,0.02948,0.0,0.0,0.0,0.01672,0.0,0.0,0.0,0.0,0.0,0.0,0.00276,0.0,0.0,0.0,0.0,0.0,0.0,0.0,0.0,0.0,0.0,0.0,0.0,0.0,0.0,0.0,0.0,0.0,0.0,0.0,0.0,0.0,0.0,0.0,0.0,0.0,0.0,0.0,0.0,0.0,0.0,0.0,0.0,0.0,0.0,0.00569,0.0,0.0,0.0,0.0,0.0,0.0,0.0,0.0,0.0,0.0,0.02192,0.0,0.0,0.0018,0.0,0.0,0.0,0.0,0.0,0.0,0.0,0.0,0.0,0.0,0.0,0.0,0.0,0.0,0.0,0.0,0.0,0.0,0.0,0.0,0.00093,0.0,0.0,0.0,0.0,0.0,0.0,0.0,0.0,0.0,0.0,0.00524,0.0,0.0,0.0,0.0,17.88503,0.0,0.0,0.0,0.0,0.0,0.0,0.0,0.0,0.0,0.0,0.0,0.0,0.0,0.0,0.0,0.0,0.0,0.0,0.0,0.0,0.0,0.0,0.0,0.0,0.0,0.0,0.0,0.0,0.0,0.0,0.0,0.0,0.0,0.0,0.0,0.0,0.0,0.0,0.0,0.0,0.0,0.0,0.0,0.0,0.0,0.0,0.0,0.0,0.0,0.0,0.0,0.0,0.0,0.0,0.0,0.0,0.0,0.0,0.0,0.0,0.0,0.0,0.0,0.0,0.0,0.0,0.0,0.0,0.0,0.0,0.0,0.0,0.0,0.0,0.0,0.0,0.0,0.0,0.0,0.0,0.0,0.0,0.0,0.0,0.0,0.0,0.0,0.0,0.0,0.0,0.0,0.0,0.0,0.0,0.0,0.0,0.0,0.0,0.0,0.0,0.0,0.0,0.0,0.0,0.0,0.0,0.0,0.0,0.0,0.0,0.0,0.0,0.0,0.0,0.0,0.0,0.0,0.0,0.0,0.0,0.0,0.0,0.0,0.0,0.0,0.0,0.0,0.0,0.0,0.0,0.06801,0.0,0.0,0.0,0.0,0.0,0.0,0.0,0.0,0.0,0.0,0.0,0.0,0.0,0.0,0.0,0.0,0.0,0.0,0.0,0.0,0.0,0.0,0.0,0.0,0.0,0.0,0.0,0.0,0.0,0.0,0.0,0.0,0.0,0.0,0.0,0.0,0.0,0.0,0.0,0.0,0.0,0.0,0.0,0.0,0.0,0.0,0.0,0.0,0.0,0.0,0.0,0.0,0.0,0.0,0.0,0.0,0.0,0.0,0.0,0.0,0.0,0.0,0.0,0.0,0.0,0.0,0.0,0.0,0.0,0.0,0.0,0.0,0.0,0.0,0.0,0.0,0.0,0.0,0.0,0.0,0.0,T2D
4.13695,0.27141,0.0,0.28427,0.16392,23.8897,0.00076,0.0,0.0,16.39001,2.34871,0.0,2.78552,0.0,1.05743,0.2797,0.0,0.0,1.6452,3.7378,0.0,0.0,8.70531,1.21475,1.29632,0.0,0.0,0.0,0.0,0.0,0.0,0.38369,1.10793,3.77498,2.5496,0.15305,0.0,0.0,0.0,0.0,1.66121,0.45022,0.21553,0.16787,0.0,0.3653,0.0,0.0,0.00288,0.0,1.42044,7.51296,0.01076,0.0383,0.01109,0.03393,0.0,0.00169,0.0,0.0,0.0,0.00912,0.41859,0.0,0.14899,0.09867,0.0,0.01551,0.0,0.0,0.0,0.64921,0.0,0.00777,0.0,0.21819,0.0,0.0,0.0,0.0,0.0,0.0,0.0,0.13826,0.0,0.04235,0.0,0.08786,0.0,1.14512,0.0,0.0,0.01341,0.6969,0.0,0.0,0.0,0.0,0.00044,0.0,0.0,0.0,2.54096,0.0,0.0,0.0,0.0,0.0,0.0,0.0,0.0,0.0,1.41883,0.0,0.0,0.0,0.0,0.0,0.09274,0.0,0.0,0.0,0.0,0.0,0.0,0.0,0.0,0.0,0.0,0.0,0.0,0.0,0.0,0.0,0.0,0.0,0.0,0.0,0.0,0.0,0.0,0.0,0.0,0.0,0.0,0.0,0.0,0.0,0.0,0.0,0.0,0.0,0.0,0.0,0.0,0.0,0.0,0.82877,0.00106,0.0,0.0,0.0,0.0,0.24269,0.25294,0.0,0.0,0.0,0.0,0.0,0.06898,0.0,0.0,0.0,0.0,0.27689,0.60922,0.0,0.0,0.0,0.0,0.36523,0.0,0.0,0.07201,0.0,0.0,0.0,0.0,0.0,0.0,0.0,0.0,0.0,0.0,0.0,0.0,0.0,0.0,0.15135,0.0,0.0,0.0,0.0,0.0,0.04981,0.0,0.0,0.04919,0.0,0.0,0.0,0.0,0.0,0.0,0.0,0.02605,0.30762,0.00462,0.0,0.0,0.0,0.0,0.0,0.0,0.10075,0.0,0.0,0.0,0.0,0.0,0.0,0.0,0.0,0.0,0.0,0.0,0.0,0.0,0.00144,0.49989,0.0,0.0,0.0,0.0,0.0,0.0,0.0078,0.0,0.0,0.0,0.0,0.00519,0.0,0.0,0.0,0.0,0.0,0.0,0.0,0.0,0.0,0.0,0.0,0.0,0.0,0.0,0.0,0.0,0.0,0.02723,0.0,0.0,0.0,0.0,0.0,0.0,0.0,0.0,0.06259,0.0,0.0,0.0,0.0,0.0,0.0,0.0,0.0,0.0,0.0,0.0,0.0,0.0,0.0,0.0,0.0,0.0,0.0,0.0,0.0,0.0,0.0,0.03537,0.0,0.0,0.0,0.0,0.0,0.0,0.0,0.0,0.0,0.0,0.0,0.0,0.0,0.0,0.0,0.0036,0.0,0.0,0.0,0.0,0.0,0.0,0.0,0.0,0.0,0.0,0.0,0.07209,0.0,0.0,0.0,0.0,0.0,0.0,0.0,0.01471,0.0,0.0,0.0,0.0,0.0,0.0,0.0,0.01019,0.0,0.0,0.0,0.0,0.0,0.0,0.0,0.0,0.0,0.0,0.0,0.0,0.0,0.0,0.0,0.0,0.0,0.0,0.0,0.0,0.0,0.0,0.0,0.0,0.0,0.0,0.0,0.0,0.0,0.0,0.0,0.0,0.0,0.0,0.0,0.0,0.0,0.0,0.0,0.0,0.0,0.0,0.0,0.0,0.0,0.0,0.0,0.0,0.0,0.0,0.0,0.0,0.0,0.0,0.0,0.0,0.0,0.0,0.0,0.0,0.0,0.0,0.0,0.0,0.0,0.0,0.0,0.0,0.0,0.0,0.0,0.0,0.0,0.0,0.0,0.0,0.0,0.0,0.0,0.0,0.0,0.0,0.0,0.0,0.0,0.0,0.0,0.0,0.0,0.0,0.0,0.0,0.0,0.0,0.0,0.0,0.0,0.0,0.0,0.0,0.0,0.0,0.0,0.0,0.0,0.0,0.0,0.04062,0.0,0.0,0.0,0.0,0.0,0.0,0.0,0.0,0.0,0.0,0.0,0.0,0.0,0.0,0.0,0.0,0.0,0.0,0.0,0.0,0.0,0.0,0.0,0.0,0.0,0.0,0.0,0.0,0.0,0.0,0.0,0.0,0.0,0.0,0.0,0.0,0.0,0.0,0.0,0.0,0.0,0.0,0.0,T2D
6.06747,1.54801,2.65368,0.33672,0.45952,14.9151,0.00707,0.0,1.88055,2.95235,1.16616,0.0,0.07292,0.61111,1.46518,0.0,0.0,0.0,0.0,1.38631,0.0,0.0,0.0,1.08007,0.0,0.0,0.15429,0.0,0.26181,4.23823,0.0,0.0,0.27344,0.0,0.50371,0.14395,0.0,0.196,0.48565,1.0099,0.41188,0.0,0.0,0.02362,0.0,0.0,0.0,0.0,0.11859,0.0907,0.0,0.0,0.0,0.0,0.0,0.10199,0.0,0.39262,0.0,0.03033,0.0,0.0,0.0,0.0,0.00599,0.0,0.0,0.06437,0.0,0.0,0.0,0.0,0.20652,0.00962,0.0,0.0626,5.38287,0.0,0.33521,0.0,0.0,0.0,0.0,0.0,0.0,0.0,0.0,0.0,0.0,0.0,11.61706,0.0,0.0,0.16598,0.0,0.32755,0.08078,0.12592,0.11201,0.0,3.39503,0.50962,0.0,0.00313,0.0,0.0,0.15984,0.0,0.19781,0.0,0.0,0.06419,14.45237,0.01834,0.0,0.79743,0.0,0.0,0.0642,0.0,0.0,0.0,13.59284,0.0,0.0,0.0,0.0,0.0,0.00628,0.0,0.0,0.0,0.0,0.0,0.0,0.0,0.0,1.01692,0.0,0.0211,0.0,0.0,0.0,0.0,0.0,0.0458,0.09346,0.0,0.0,0.0,0.0,0.0,0.0,0.0,0.0,0.0,0.0,0.0,0.0,0.0,0.0,0.0,0.0,0.0,0.0,0.0,0.0,0.0,0.0,0.0,0.0,0.0,0.0,0.0,0.0,0.00399,0.5106,0.0,0.0,0.01984,0.0,0.0151,0.0,0.0,0.00772,0.0,0.0,1.01871,0.0,0.0,0.0,0.0,0.0,0.0,0.0,0.0,0.0,0.0,0.0,0.0393,0.0,0.0,0.0,0.0,0.0,0.0,0.0,0.0,0.0,0.0,0.0,0.0,0.0,0.0,0.00098,0.0,0.0,0.0,0.00573,0.0,0.0,0.0,0.0,0.0,0.0,0.25819,0.0,0.0,0.0,0.0,0.0,0.0,0.0,0.0,0.0,0.0,0.0,0.0,0.0,0.0,0.0,0.0,0.0,0.0,0.0,0.0,0.0,0.0,0.0,0.0,0.0,0.0,0.0,0.0,0.0,0.0,0.0,0.0,0.0,0.0,0.0,0.0,0.0,0.0,0.0,0.0,0.0,0.0,0.14386,0.0,0.0,0.0,0.0,0.0,0.0,0.0,0.0,0.0,0.0,0.0,0.0,0.0,0.0,0.0,0.0,0.0,0.0,0.0,0.0,0.0,0.0,0.0,0.0,0.0,0.0,0.0,0.0,0.0,0.0,0.0,0.0,0.0,0.0,0.0,0.0,0.0,0.0,0.0,0.0,0.0,0.0,0.0,0.0,0.0,0.0,0.0,0.0,0.0,0.0,0.0,0.0,0.0,0.0,0.0,0.0,0.0,0.0,0.0,0.0,0.0,0.0,0.0,0.0,0.0,0.0,0.0,0.0,0.0,0.0,0.0,0.0,0.0,0.0,0.0,0.0,0.0,0.0,0.0,0.0,0.0,0.0,0.0,0.0,0.0,0.0,0.0,0.0,0.0,0.0,0.0,0.0,0.0,0.0,0.0,0.0,0.0,0.0,0.0,0.0,0.0,0.0,0.0,0.0,0.0,0.0,0.0,0.0,0.0,0.0,0.0,0.0,0.0,0.0,0.0,0.0,0.0,0.0,0.0,0.0,0.0,0.0,0.0,0.0,0.0,0.0,0.0,0.0,0.0,0.0,0.0,0.0,0.0,0.0,0.0,0.0,0.0,0.0,0.0,0.0,0.0,0.0,0.0,0.0,0.0,0.0,0.0,0.0,0.0,0.0,0.0,0.0,0.0,0.0,0.0,0.0,0.0,0.0,0.0,0.0,0.0,0.0,0.0,0.0,0.0,0.0,0.0,0.0,0.0,0.0,0.0,0.0,0.0,0.0,0.0,0.0,0.0,0.0,0.0,0.0,0.0,0.0,0.0,0.0,0.0,0.0,0.0,0.0,0.0,0.0,0.0,0.0,0.0,0.0,0.0,0.0,0.0,0.0,0.0,0.0,0.0,0.0,0.0,0.0,0.0,0.0,0.0,0.0,0.0,0.0,0.0,0.0,0.0,0.0,0.0,0.0,0.0,0.0,0.0,0.0,0.0,0.0,0.0,0.0,0.0,0.0,0.0,0.0,0.0,T2D
3.4251,1.23089,2.49482,1.11297,0.96909,5.33978,3.62407,0.0,3.12785,0.0699,6.56622,0.0076,9.46003,0.0,0.61351,0.36498,22.1594,0.0,0.0,0.0,0.0,0.02337,10.92983,1.20427,4.4301,1.78732,1.12025,0.28988,2.10456,0.03461,0.1478,0.09782,0.33615,0.0,0.37446,0.71859,0.0,0.0,0.0,0.0,0.0,0.83369,0.11264,0.28801,0.0,0.0,0.0,0.00088,0.03922,0.0,2.8382,0.0,0.11979,0.0,0.0,0.06258,0.0,0.12971,0.0,0.0,0.0,0.0,0.12087,0.01819,0.00827,1.5218,0.0,0.00543,0.00835,0.0,0.0,0.57791,0.03126,0.01069,0.0,0.0,0.03833,0.0,0.0,0.00293,0.0,0.0,0.01116,0.24354,0.00575,0.02106,0.0,0.0,0.0,0.0,0.0,0.0,0.21368,0.04283,0.0,0.0,0.1663,0.0,0.00341,0.0,0.0104,0.0,3.86797,0.0,0.19616,0.0,0.03389,0.0,0.0,0.10884,0.0,0.04089,0.0,0.0,0.33631,0.0,0.0,0.0,0.10202,0.0,0.0,0.0,0.0,0.0,0.0,0.0,0.0,0.0,0.0,0.0,0.07475,0.0,0.00118,0.0,0.0,0.0,0.0,0.0,0.0,0.0,0.0,0.0,0.0,0.0,0.0,0.0,0.0,0.0,0.00114,0.0,0.0,0.0,0.0,0.00239,0.0,0.0,0.0,0.0007,0.0,0.0,0.0,0.0,0.0,0.0,0.0,0.0,0.0,0.0,0.0,0.0,0.0,0.0,0.0,0.0,0.01403,0.02333,0.05905,0.0,0.0,0.0,0.0,0.98668,0.0,0.0,0.15456,0.0,0.0,0.0,0.0,0.0,0.0,0.0165,0.0,0.0,0.0,0.0,0.0,0.0,0.0,0.0,0.0,0.0,0.0,0.0,0.0,0.29868,0.4101,0.0,0.08513,0.0,0.0,0.0,0.0,0.0,0.04623,0.01341,0.03564,0.0,0.0,0.0,0.0,0.0,0.0,0.0,0.0,0.0,0.0,0.0,0.0,0.0,0.0,0.0,0.0,0.0,0.0,0.0,0.0,0.0,0.0,0.00587,0.21406,1.06812,0.0,0.00322,0.0,0.0,0.0,0.0,0.0,0.0,0.0,0.0,0.0,0.0,0.0,0.0,0.0,0.0,0.0,0.0,0.0,0.0,0.0,0.0,0.0,0.0,0.0,0.0,0.0,0.0,0.0495,0.0,0.0,0.0,0.0,0.0,0.0,0.0,0.0,0.0,0.0,0.0,0.0,0.0,0.0,0.0,0.0,0.0,0.0,0.0,0.0,0.0,0.0,0.0,0.0,0.0,0.0,0.0,0.0,0.0,0.0,0.0,0.00106,0.0,0.0,0.0,0.0,0.0,0.0,0.0,0.0,0.0,0.0,0.0,0.0,0.0,0.0,0.0,0.0,0.0,0.0,0.0,0.0,0.0,0.0,0.0,0.0,0.0,0.0,0.0,0.0,0.0,0.0,0.0,0.0,0.0,0.0,0.0,0.0,0.0,0.0,0.0,0.0,0.0,0.0,0.0,0.0,0.0,0.0,0.0,0.0,0.0,0.0,0.0,0.0,0.0,0.0,0.0,0.0,0.0,0.0,0.0,0.0,0.0,0.0,0.0,0.0,0.0,0.0,0.0,0.0,0.0,0.0,0.0,0.0,0.0,0.0,0.0,0.0,0.0,0.0,0.0,0.0,0.0,0.0,0.0,0.0,0.0,0.0,0.0,0.0,0.0,0.0,0.0,0.0,0.0,0.0,0.0,0.0,0.0,0.0,0.0,0.0,0.0,0.0,0.0,0.0,0.0,0.0,0.0,0.0,0.0,0.0,0.0,0.0,0.0,0.0,0.0,0.0,0.0,0.0,0.0,0.0,0.0,0.0,0.0,0.0,0.0,0.0,0.0,0.0,0.0,0.0,0.0,0.0,0.0,0.0,0.0,0.0,0.0,0.0,0.0,0.0,0.0,0.0,0.0,0.0,0.0,0.0,0.0,0.0,0.0,0.0,0.0,0.0,0.0,0.0,0.0,0.0,0.0,0.0,0.0,0.0,0.0,0.0,0.0,0.0,0.0,0.0,0.0,0.0,0.0,0.0,0.0,0.0,0.0,0.0,0.0,0.0,0.0,0.0,0.0,0.0,0.0,0.0,0.0,0.0,0.0,0.0,0.0,0.0,0.0,0.0,0.0,0.0,0.0,0.0,0.0,healthy
6.78669,0.33699,7.23704,2.41357,0.25314,1.7891,2.58986,0.00656,0.59132,0.1129,2.72811,0.0,1.02085,4.22719,1.38779,0.0,2.35727,0.0,0.7727,5.37485,0.1425,0.11641,5.03935,0.69503,1.21342,0.0,0.47789,0.1982,4.60424,0.41942,0.16352,0.04679,0.19452,0.0,0.5375,1.99772,0.0,0.01565,1.89711,0.0,1.26036,0.0,0.16033,0.02706,0.0,0.4859,0.0,1.23083,0.29369,0.08338,1.39922,0.05153,0.01738,0.0,0.0,0.0177,0.40832,0.85668,0.00207,0.0,0.0,0.0,0.17239,0.0,0.04547,0.0,0.0244,0.00189,0.0,0.0,0.0,0.10325,0.55296,0.02019,0.0,0.0823,0.16504,0.0,0.0,0.0,0.0,0.0,0.00626,0.0,0.00507,0.0,0.08629,1.4614,0.0,0.09333,1.7229,0.15391,0.0937,2.86397,0.0,0.0,0.0,0.11524,0.08925,0.03063,0.04448,0.49551,16.30145,0.0,0.00253,0.0,0.0,0.0,0.0,0.01039,0.0,0.33847,0.0,0.0,0.00451,0.0,0.0,0.0,0.06697,0.0,0.0,0.0,0.34103,0.0,0.0,0.00376,0.0,0.0,0.00035,0.05222,0.0,0.0,0.0,0.0,0.0,0.0,0.0,0.0,0.36719,0.0,0.0,0.0,0.0,0.0,0.0,0.0,0.0,0.183,0.0,0.0,0.0,0.0,0.0,0.0,0.01367,0.0,0.0,0.0,0.0,0.0,0.0,0.0,0.0,0.00652,0.42973,2.48979,0.0,0.0,0.0,0.0,0.0,0.0,0.0,0.36997,0.0,0.01148,0.00023,0.0,0.0,0.00198,0.0,0.0178,0.0,0.0,0.02333,0.0,0.0,0.0,4.96237,0.13554,0.0,0.0,0.0,0.0,0.0,0.0,0.0,0.0939,0.0,0.00118,0.0,0.01232,0.0,0.0,0.0,0.00025,0.0,0.0,0.0,0.0,0.0,0.0,0.0,0.0,0.00907,0.0,0.02033,0.0,0.0,0.0,0.0,0.01047,0.0,0.0,0.00432,0.0,0.00383,0.0,0.0,0.0,0.0,0.0,0.0,0.0,0.0,0.0,0.0,0.0,0.0,0.0,0.0,0.03414,0.0,0.00906,0.0,0.0,0.0,0.0,0.0,0.0,0.07837,0.0,0.0,0.0,0.0,0.0,0.0,0.43244,0.0,0.00305,0.02073,0.00196,0.00718,0.0,0.0,0.0,0.00783,0.0,0.0,0.00067,0.0,0.0,0.0,0.0,0.00105,0.0,0.0,0.0,0.0,0.0,0.0,0.0,0.0,0.0,0.0,0.0,0.0,0.0,0.0,0.0,0.0,0.0,0.0,0.59218,0.0,0.0,0.0,0.0,0.0,0.0,0.0,0.0,0.0,0.0,0.0,0.0,0.0,0.0,0.0,0.0,0.0,0.0,0.0,0.0,0.0,0.0,0.0,0.0,0.0,0.0,0.0,0.0,0.0,0.0,0.0,0.0,0.0,0.0,0.0,0.0,0.00513,0.0,0.0,0.0,0.0,0.0,0.0,0.0,0.0,0.0,0.0,0.0,0.0,0.0,0.0,0.0,0.0,0.0,0.0,0.0,0.0,0.0,0.0,0.0,0.0,0.0,0.0,0.0,0.0,0.0,0.0,0.0,0.0,0.0,0.0,0.0,0.0,0.0,0.0,0.0,0.0,0.0,0.0,0.0,0.0,0.0,0.0,0.0,0.0,0.0,0.0,0.0,0.0,0.0,0.0,0.0,0.0,0.0,0.0,0.0,0.0,0.0,0.0,0.0,0.0,0.0,0.0,0.0,0.0,0.0,0.0,0.0,0.0,0.0,0.0,0.0,0.0,0.0,0.0,0.0,0.0,0.0,0.0,0.0,0.0,0.0,0.0,0.0,0.0,0.0,0.0,0.0,0.0,0.0,0.0,0.0,0.0,0.0,0.0,0.0,0.0,0.0,0.0,0.0,0.0,0.0,0.0,0.0,0.0,0.0,0.0,0.0,0.0,0.0,0.0,0.0,0.0,0.0,0.0,0.0,0.0,0.0,0.0,0.0,0.0,0.0,0.0,0.0,0.0,0.0,0.0,0.0,0.0,0.0,0.0,0.0,0.0,0.0,0.0,0.0,0.0,0.0,0.0,0.0,0.0,0.0,0.0,0.0,0.0,0.0,0.0,0.0,0.0,0.0,0.0,0.0,0.0,0.0,0.0,0.0,0.0,0.0,0.0,0.0,0.0,0.0,0.0,0.0,healthy
9.86062,2.67081,2.44453,0.28636,0.79272,0.49588,7.20758,20.16353,0.97957,2.20183,1.14761,0.01318,0.20326,0.0,2.78489,0.0,0.68348,0.0,0.28702,2.25502,0.16547,0.15664,0.09605,0.26803,1.85728,0.0,0.46094,0.0,0.10818,0.29645,0.11784,0.01756,0.05148,2.81504,0.27648,0.57769,0.0,0.11889,0.06217,0.14722,0.48757,0.07297,0.0,1.20352,0.0,0.0,0.0,0.03946,0.08271,0.0092,0.27985,0.05058,0.0,0.05069,0.0,0.04906,0.16973,0.05646,0.0,0.08769,0.0,0.0,0.0,0.0,0.0693,0.0,0.0,0.0,0.0,0.0037,0.00023,0.0,0.0068,0.00558,0.0,0.01368,0.91714,0.03926,0.0,0.00207,0.0,0.0,0.02798,0.04279,0.03902,0.0,7.85903,0.8673,0.0,0.55446,0.5372,0.00023,0.0,0.07556,0.0,0.0804,0.0,0.08296,0.60818,0.0435,0.02591,0.0,0.0,0.11604,0.06137,0.0,0.0,0.0,0.0,0.0,0.0,0.09343,0.23275,0.15819,0.05061,0.01462,0.0,0.0,0.0,0.0,0.0,0.0,0.0,0.0,0.0,0.00259,0.0,0.337,0.00214,0.0,0.34088,0.0,0.0,0.0,0.0,0.0,0.00117,5.68421,0.0,0.03689,0.0,0.0,0.0,0.0,0.0,0.05364,0.0,0.0,0.00622,0.0,0.01652,0.0,0.00647,0.01044,0.0,0.0,0.00367,0.0,0.00064,0.0,0.0,0.0,0.0,0.0,0.0,0.0,0.0,0.0,0.0,0.0,0.0,0.00519,0.02402,0.0,0.0,0.0,0.0,0.0,0.11154,0.00187,0.0,0.0,0.0,0.00312,0.00172,0.0,0.0,0.0,11.71963,0.0,0.0,0.56312,0.0,0.0,0.0,0.0,0.0,0.0,0.82108,0.0,0.0,0.0,0.0,0.0,0.0,0.0,1.28085,0.0,0.0,0.0,0.0,0.0,0.0,0.0,0.00631,0.0,0.0,0.0,0.0,0.0,0.0,0.01367,0.0,0.0,0.0,0.0,0.0,0.0,0.0,0.0,0.04959,0.0,0.0,0.0,0.0,0.0,0.0,0.0,0.0,0.02211,0.0,0.0,0.0,0.0,0.0,0.05153,0.0,0.0,0.0,0.0,0.0,0.0,0.0,0.0,0.0,0.0,0.00162,0.0,0.0,0.0,0.0,0.0,0.00154,0.0,0.0,0.00997,0.0,0.0,0.0,0.0,0.01811,0.0,0.0,0.0,0.0,0.0,0.0,0.0,0.0,0.0,0.0,0.0,0.0,0.0,0.0,0.0,0.0,0.0,0.06787,0.0,0.0,0.0,0.0,0.0,0.0,0.84898,0.0,0.0,0.0,0.00404,0.0,0.0,0.0,0.0,0.0,0.00772,0.02071,0.0,0.0,0.0,0.0,0.0,0.0,0.0,0.0,0.0,0.0,0.0,0.0,0.0,0.0,0.0,0.0,0.0,0.0,0.0,0.0144,0.0,0.0,0.0,0.0,0.0,0.0,0.17897,0.0,0.0,0.0,0.0,0.01985,0.0,0.0,0.0,0.0,0.0,0.0,0.0,0.0,0.0,0.0,0.0,0.0,0.0,0.00318,0.03751,0.0,0.0,0.0,0.0,0.0,0.0,0.0,0.02198,0.00244,0.0,0.0,0.0,0.0,0.0,0.0,0.0,0.0,0.0,0.0,0.0,0.0,0.0,0.0,0.0,0.00676,0.0,0.0,0.0,0.0,0.0,0.0,0.0,0.0,0.0,0.0,0.0,0.0,0.0,0.0,0.0,0.0,0.0,0.0,0.0,0.0,0.0,0.0,0.0,0.0,0.0,0.0,0.0,0.0,0.0,0.0,0.0,0.0,0.0,0.0,0.0,0.0,0.0,0.0,0.0,0.0,0.0,0.0,0.0,0.00256,0.0,0.0,0.0,0.0,0.0,0.0,0.0,0.0,0.0,0.0,0.0,0.0,0.0,0.0,0.0,0.0,0.0,0.0,0.0,0.0,0.0,0.0,0.0,0.0,0.0,0.0,0.0,0.0,0.0,0.0,0.0,0.0,0.0,0.0,0.0,0.0,0.05619,0.00035,0.0,0.0,0.0,0.0,0.0,0.0,0.0,0.0,0.0,0.0,0.0,0.0,0.0,0.0,0.0,0.0,0.0,0.0,0.0,0.0,0.0,0.0,0.0,0.0,0.0,0.0,0.0,0.0,0.0,0.0,0.0,0.0,0.0,0.0,0.0,0.0,0.0,T2D
10.78155,0.54384,0.82407,0.07417,0.99682,2.16219,0.62696,0.0,0.29605,0.6017,0.28772,0.12678,0.14469,11.81379,0.75241,1.00438,1.72159,0.00466,0.60407,3.71873,0.31007,0.0,4.41243,0.48671,0.02611,0.61979,0.36463,0.02479,0.40829,0.64322,0.0,0.00227,0.05074,0.0039,0.05166,0.29128,0.0,0.0,0.02357,0.6116,0.01354,0.0,0.0,0.0,0.13448,0.16678,0.63789,0.06788,0.03382,0.1431,0.59381,0.00553,0.0,0.02265,0.0,0.00498,0.07733,0.08182,0.0049,0.0,0.0,0.0,0.09891,0.00983,0.0,0.00896,0.0,0.01046,0.04787,0.0,0.0,0.0,0.33284,0.00153,0.0,0.05694,0.12263,0.0,0.28605,0.0,0.0,0.0,0.00265,0.0,0.00157,0.0,0.82209,2.43439,4.10608,0.12711,0.0,0.0,0.04429,0.06805,0.21773,1.86527,0.99198,0.11522,0.07866,0.14912,0.0,0.27792,0.2558,0.04168,0.0,0.0213,3.09239,0.05665,0.07562,0.0,0.0,0.05551,0.3054,0.0,0.0,0.0825,0.0,0.0,0.00159,0.0,1.36915,0.0,13.86716,2.38964,0.02995,0.0,0.03887,0.0,0.27466,0.04382,0.0,0.0,0.0,0.0,0.0,0.0,0.0,1.27775,0.0,0.26257,0.0,0.0,0.0023,0.0,0.0,0.0,0.0,0.0162,0.00362,3.22154,0.0386,0.0,0.09901,0.01875,0.01201,0.0,0.0,0.00181,0.00125,0.0,0.29704,0.0,0.0,0.0,0.00257,0.0,0.0,0.58573,0.0,0.0,0.0,0.0,0.0,0.0,0.0,0.0,0.0,0.04283,1.20028,0.0,0.0,0.0,0.08466,0.0,0.00461,0.0,0.0,0.0,0.0,0.0,0.0,0.0,0.0,0.0,0.11343,0.0,0.0,0.65138,0.0,0.0,0.0,0.0,0.0,0.0,0.0,0.0,0.0,0.0,0.0,0.0,0.00259,0.0,0.0,0.0,0.0,0.0,0.0,0.0,0.0,0.0,0.0,0.0029,0.0,0.0,0.0,0.0,0.0,0.0,0.0,0.0,0.0,0.0,0.0,0.17522,0.0,0.0,0.0,0.0,0.0,0.0,0.0,0.01079,0.0,0.0,0.0,0.07716,0.0,0.0,0.0,0.0,0.0,0.0,0.0,0.0,0.0,0.0,0.0,0.0,0.0,0.0,0.0,0.0,0.0,0.0,0.0,0.0,0.0,0.0,3.43915,0.0,0.0,0.0,0.0,0.0,0.0,0.0,0.0,0.0,0.0,0.0,0.0,0.0,0.0,0.0,0.0,0.0,0.0,0.0,0.0,0.0,0.0,0.0,0.0,0.0,0.0,0.0,0.00076,0.0,0.0,0.0,0.0,0.0,0.0,0.0,0.0,0.0,0.0,0.0,0.0,0.0,0.0,0.0,0.0,0.0,0.0,0.0,0.0,0.0,0.0,0.0,0.0,0.0,0.0,0.0,0.0,0.0,0.0,0.0,0.0,0.0,0.0,0.0,0.0,0.0,0.0,0.0,0.0,0.0,0.0,0.0,0.0,0.0,0.0,0.0,0.0,0.0,0.0,0.0,0.0,0.0,0.0,0.0,0.0,0.0,0.0,0.0,0.0,0.0,0.0,0.0,0.0,0.0,0.0,0.02297,0.0,0.0,0.0,0.0,0.0,0.0,0.0,0.0,0.0,0.0,0.0,0.0,0.0,0.0,0.0,0.0,0.0,0.0,0.0,0.0,0.0,0.0,0.0,0.0,0.0,0.0,0.0,0.0,0.0,0.0,0.0,0.0,0.0,0.0,0.0,0.0,0.0,0.0,0.0,0.0,0.0,0.0,0.0,0.0,0.0,0.0,0.0,0.0,0.0,0.0,0.0,0.0,0.0,0.0,0.0,0.0,0.0,0.0,0.00239,0.0,0.0,0.0,0.0,0.0,0.0,0.0,0.0,0.0,0.0,0.0,0.0,0.0,0.0,0.0,0.0,0.0,0.0,0.0,0.0,0.0,0.0,0.0,5.89601,0.0,0.0,0.0,0.0,0.0,0.0,0.0,0.0,0.0,0.0,0.0,0.0,0.0,0.0,0.0,0.0,0.0,0.0,0.0,0.0,0.0,0.0,0.0,0.0,0.0,0.0,0.0,0.0,0.0,0.0,0.0,0.0,0.0,0.0,0.0,0.0,0.0,0.0,0.0,0.0,0.0,0.0,0.0,0.0,0.0,0.0,0.0,0.0,0.0,0.0,0.0,T2D
4.3822,2.72932,1.22933,2.95257,1.11883,1.50212,6.00944,7.32587,1.65178,22.01562,0.10218,0.84163,0.28878,0.08726,1.84786,0.0,2.38732,0.46256,0.08788,1.47742,0.60415,0.0,0.33047,0.60382,0.80852,0.0,0.79657,0.0,0.89065,0.29679,0.17252,0.03339,0.21233,0.13462,0.00685,0.42578,0.0,0.25946,0.0,0.24049,0.01702,0.0,0.01856,0.05068,0.0,0.15446,0.0,0.2546,0.04174,0.01456,0.29577,0.04265,0.0,0.0,0.0,0.08167,0.21557,0.05148,0.0,0.0,0.0,0.0,0.01694,0.0,0.00743,0.0,0.0,0.00331,0.0,0.0,0.0,0.01607,0.18016,0.01185,0.0,0.14159,0.36573,0.00485,0.45504,0.00363,0.0,0.0,0.02292,0.0,0.0154,0.0,17.12603,2.10818,1.07808,0.35634,0.0,0.05238,0.05661,0.00478,0.0,0.32793,0.0,0.41456,0.7243,0.14046,0.0,0.82765,0.16675,0.0,0.05091,0.0,0.0,0.0,0.0,0.05484,0.04025,0.02958,0.17586,0.00192,0.12434,0.02427,0.0,0.0,0.0038,0.0,0.42457,0.0,0.0,0.0,0.0,0.0,0.0,0.0,0.0,0.0,0.0,0.0,0.0,0.0,0.0,0.00231,0.0,0.32076,0.0,0.0,0.0,0.0,0.06788,0.0,0.0,0.0,0.0,0.01221,0.0,0.0,0.0,0.0,0.0,0.02423,0.0,0.0,0.0,0.0,0.0,0.0,0.0,0.0,0.0,0.0,0.0,0.0,0.0,0.0,0.0,0.0,0.0,0.0,0.0,0.0,0.02085,0.0,0.01203,0.0,0.03076,0.0,0.0,0.0,0.0,0.0,0.0,0.0,0.00244,0.0,0.0,0.48134,0.0,7.01169,0.0,0.0,0.0,0.0,0.0,0.0,0.0,0.0,0.0,0.0,0.0,0.0,0.0,0.0,0.0,0.0,0.0,0.0,0.0,0.0,0.0,0.0,0.00678,0.0,0.0,0.0,0.0,0.0,0.0,0.0,0.0,0.0,0.0,0.0,0.00415,0.0,0.0,0.0,0.0,0.0,0.0,0.0,0.0,0.0,0.0,0.0,0.0,0.00791,0.0,0.0,0.27877,0.0,0.0,0.0,0.0,0.0,0.0,0.0,0.0,0.0,0.0,0.0,0.0,0.0,0.0,0.0,0.0,0.0,0.0,0.0,0.0,0.0,0.0,0.0,0.0,0.0,0.0,0.0,0.0,0.0,0.0,0.0,0.0,0.0,0.24578,0.0,0.0,0.0,0.0,0.0,0.0,0.0,0.0,0.0,0.0,0.0,0.0,0.0,0.0,0.0,0.0,0.0,0.0,0.0,0.0,0.0,0.0,0.0,0.0,0.0,0.0,0.0,0.0,0.0,0.0,0.0,0.0,0.0,0.20047,0.0,0.0,0.0,0.0,0.0,0.0,0.0,0.0,0.0,0.0,0.0,0.0,0.0,0.0,0.0,0.0,0.0,0.0,0.0,0.0,0.0,0.0,0.0,0.0,0.0,0.0,0.0,0.0,0.0,0.0,0.0,0.0,0.0,0.0,0.0,0.0,0.0,0.0,0.0,0.0,0.0,0.0,0.0,0.0,0.0,0.0,0.0,0.0,0.0,0.0,0.0,0.0,0.0,0.0,0.0,0.0,0.0,0.0,0.0,0.0,0.0,0.0,0.0,0.0,0.0,0.0,0.0,0.0,0.0,0.0,0.0,0.0,0.0,0.0,0.0,0.0,0.0,0.0,0.0,0.0,0.0,0.0,0.0,0.0,0.0,0.0,0.0,0.0,0.0,0.0,0.0,0.0,0.0,0.0,0.0,0.0,0.0,0.0,0.0,0.0,0.0,0.0,0.0,0.0,0.0,0.0,0.0,0.0,0.0,0.0,0.0,0.0,0.0,0.0,0.0,0.0,0.0,0.0,0.0,0.0,0.0,0.0,0.0,0.0,0.0,0.0,0.0,0.0,0.0,0.0,0.0,0.0,0.0,0.0,0.0,0.0,0.0,0.0,0.0,0.0,0.0,0.0,0.0,0.0,0.0,0.0,0.0,0.0,0.0,0.0,0.0,0.0,0.0,0.0,0.0,0.0,0.0,0.0,0.0,0.0,0.0,0.0,0.0,0.0,0.0,0.0,0.0,0.0,0.0,0.0,0.0,0.0,0.0,0.0,0.0,0.0,0.0,0.0,0.0,0.0,0.0,0.0,0.0,0.0,0.0,0.0,0.0,healthy
11.59823,0.99965,0.43907,0.49716,1.47856,0.03546,3.4144,2.41155,1.16674,2.95706,0.04789,0.20461,0.07109,0.4239,0.78877,0.09718,0.05614,0.0,0.0,3.15247,0.0,0.0,0.00187,0.37076,0.67155,0.0,0.29412,0.0,0.05758,0.14891,0.0,0.0,0.00266,0.05038,0.03586,0.57698,0.0,0.0,0.0,0.15286,0.05104,0.0,0.0,0.18669,0.01637,0.0,0.0697,0.0,0.00121,0.01336,0.0,0.0,0.0,0.06727,0.12541,0.00814,0.0,0.0,0.0,0.0,0.0,0.0,0.0,0.0,0.99465,0.0,0.0,0.0,0.0,0.0,0.0,0.0,0.0,0.0,0.0,0.0,0.19132,0.02789,0.0,0.0,0.0,0.0,0.03013,0.0,0.02954,0.0,0.01888,0.0,0.0,0.0,0.0,0.0,0.05285,0.1059,0.0,0.04537,0.0,0.0165,0.00403,0.01005,0.0,0.01987,0.0,0.00195,0.0,0.0,0.14573,0.0,0.0,0.0,0.0,0.0,0.0,0.0,0.0,0.0,0.0,0.0,0.0,0.0,0.0,0.0,0.34044,0.0,1.12631,0.00452,0.0,0.07864,0.0,0.0,0.0,0.0,0.0,0.03349,0.0,0.0,0.0,0.45365,0.0,0.0,0.0,0.36638,0.0,0.0,0.13992,0.0,0.0,0.0,0.0,0.0,0.0,0.0,0.00693,0.07724,0.0,0.0,0.38468,0.0,0.0,32.74419,0.0,0.00253,0.0,0.0,0.0,0.0,0.0,0.0,0.0,0.0,0.0,1.45969,0.0,0.0,0.0,0.0,0.0,0.0,0.0,0.0,0.0,0.0,0.0,0.0,0.0,0.0,0.0,3.11322,0.65412,0.0,0.06274,0.0,0.0,0.0,0.0,0.0,0.0,0.0,0.0,0.0,0.0,0.0,0.0,0.0,0.02136,0.0,0.01074,0.04455,0.0,0.0,0.01683,0.0,0.0,0.0,0.0,0.0,0.0,0.0,0.0,0.0,0.0,0.02149,0.0,0.0,0.00062,0.0,0.0,0.0,0.0,0.0,0.18729,0.0,0.0,0.0,0.0,0.00476,0.0,0.0652,0.0,0.00404,0.0,0.0,0.0,0.17292,0.0,0.0,0.07545,0.0,0.0,0.0,0.05426,0.0,0.0,0.0,0.0,0.01818,0.0,0.0,0.0,0.0,0.0,0.0,0.0,0.0,0.00247,0.0,0.0,0.0,0.0,0.0,0.0,0.0,0.0,0.0,0.0,0.0,0.0,0.0,0.0,0.0,0.0,0.0,0.0,0.0,0.0,0.0,0.0,0.0,0.0,0.0,0.0,0.0,0.0,0.0,0.0,0.0,0.0,0.0,0.0,0.0,0.00373,0.0,0.0,0.0,0.0,0.0,0.04119,0.0,0.0,0.0,0.0,0.0,0.0,0.0,0.0,0.0,0.0,0.0,0.0,0.0,0.0,0.00084,0.0,0.05426,0.0,0.0,0.0,0.0,0.0,0.0,0.0,0.0,0.0,0.0,0.0,0.0,0.0,0.0,0.0,0.0,0.0,0.0,0.0,0.00647,0.0,0.0,0.0,0.0,0.0,0.0,0.00324,0.0,0.0,0.0,0.0,0.0,0.0,0.0,0.0,0.0,0.0,0.00897,0.0,0.0,0.0,0.0,0.0,0.0,0.0,0.0,0.0,0.0,0.0,0.0,0.0,0.0,0.0,0.0,0.0,0.0,0.0,0.0,0.0,0.0,0.0,0.0,0.0,0.0,0.0,0.0,0.0,0.0,0.0,0.0,0.0,0.02081,0.0,0.0,0.0,0.0,0.0,0.0,0.0,0.0,0.0,0.0,0.0,0.0,0.0,0.0,0.0,0.0,0.0,0.0,0.0,0.0,0.0,0.0,0.0,0.0,0.0,0.0,0.0,0.0,0.0,0.0,0.0,0.0,0.0,0.0,0.0,0.0,0.0,0.25322,0.0,0.0,0.0,0.0,1.67047,0.0,0.0,0.0,0.0,0.0,0.0,0.0,0.0,0.0,0.0,12.15276,0.0,0.0,7.28146,2.06148,0.0,0.0,0.0,0.0153,0.0,0.0,0.0,0.01094,0.00724,0.0,0.0,0.0,0.0,0.0,0.0,0.0,0.0,0.0,0.0,0.0,0.0,0.0,0.0,0.0,0.0,0.0,0.0,0.0,0.0,0.0,0.0,0.0,0.0,0.0,0.0,0.0,0.0,0.0,0.0,0.0,0.0,0.0,0.0,0.0,T2D
26.77411,1.85723,3.48981,1.36089,0.36485,3.94413,1.80464,2.82626,0.55125,0.14717,2.98342,0.0,0.08482,0.04632,2.16575,0.0,1.66018,0.0,1.44402,9.75206,0.71416,0.0,1.18738,0.31358,1.83909,0.02094,0.45427,0.04684,0.25251,0.214,0.0,0.1372,0.0,0.79625,0.2168,0.73391,0.0,1.75435,0.05518,0.08643,0.28478,0.11068,0.0,0.05416,0.0,0.0,0.78179,0.04807,0.04664,0.37198,0.71157,0.5054,0.0,0.0,0.0,0.0,0.12248,0.06023,0.0,0.0,0.0,0.0,0.0,0.0,0.06342,0.0,0.0,0.006,0.0,0.0,0.0,0.0,0.01033,0.0,0.0,0.02265,0.82645,0.0,0.0,0.0,0.0,0.0,0.0,0.0,0.00745,0.0,0.22054,0.28348,0.0,0.0,0.01978,0.4139,0.1308,0.0,0.0,1.01227,0.0,0.41101,0.0,0.07744,0.41283,0.21651,0.0,0.0,0.0,0.0,0.0,0.0,0.0,0.0,0.0,0.01785,0.14671,0.0,0.0,0.40701,0.0,0.0,0.0,0.0,0.00925,0.0,4.58698,0.34711,0.01337,0.11235,0.0,0.29741,0.0,0.0,0.52279,0.0,0.0,0.0,0.0,0.0,0.0,0.21254,1.59124,0.0,0.0,0.0,0.0,0.0,0.0,0.0,0.0,0.00859,0.0,0.0,0.0,0.0,0.0012,0.02066,0.0,0.0,0.0,0.0,0.0,0.0,0.0,0.07844,0.0,0.0,0.0,0.0,0.0,0.0,0.0,0.0,0.0,0.0,0.0,0.0,0.0,0.0,0.0,0.0,0.0,0.0,0.0,0.0,0.0,0.0,0.0,0.0,0.0,0.0,8.28883,0.0,0.0,0.53179,0.30916,0.0,0.0,0.0,0.0,0.0,0.0,0.0,0.0,0.0,0.0,0.0,0.0,0.0,0.0,0.0,0.0,0.0,0.0,0.0,0.0,0.0,0.0,0.0,0.0,0.0,0.0,0.0,0.0,0.0,0.0,0.0,0.0,0.0,0.0,0.0,0.0,0.0,0.0,0.0,0.0,0.0,0.28842,0.0,0.0,0.0,0.0,0.0,0.0,0.0,0.0,0.0,0.0,0.0,0.0,0.0,0.0,0.0,0.0,0.0,0.0,0.0,0.0,0.0,0.0,0.0,0.0,0.0,0.0,0.0,0.0,0.0,0.0,0.0,0.0,0.0,0.51789,0.0,0.0,0.0,0.0,0.0,0.0,0.0,0.0,0.0,0.0,0.0,0.0,0.0,0.0,0.0,0.0,0.0,0.0,0.0,0.0,0.0,0.02637,0.0,0.0,0.0,0.0,3.65759,0.0,0.0,0.0,0.0,0.0,0.0,0.0,0.0,0.0,0.0,0.0,0.0,0.0,0.0,0.0,0.0,0.0,0.0,0.0,0.0,0.0,0.0,0.0,0.0,0.0,0.0,0.0,0.0,0.0,0.0,0.0,0.0,0.0,0.0,0.0,0.0,0.0,0.0,0.0,0.0,0.0,0.0,0.0,0.0,0.0,0.6128,0.0,0.0,0.0,0.0,0.0,0.0,0.0,0.0,0.0,0.0,0.0,0.0,0.0,0.0,0.0,0.0,0.0,0.0,0.0,0.0,0.0,0.0,0.0,0.0,0.0,0.0,0.0,0.0,0.0,0.0,0.0,0.0,0.0,0.0,0.0,0.0,0.0,0.0,0.0,0.0,0.0,0.0,0.0,0.0,0.0,0.0,0.0,0.0,0.0,0.0,0.0,0.0,0.0,0.0,0.0,0.0,0.0,0.0,0.0,0.0,0.0,0.0,0.0,0.0,0.0,0.0,0.0,0.0,0.0,0.0,0.0,0.0,0.0,0.0,0.0,0.0,0.0,0.0,0.0,0.0,0.0,0.0,0.0,0.0,0.0,0.0,0.0,0.0,0.0,0.0,0.0,0.0,0.0,0.0,0.0,0.0,0.0,0.0,0.0,0.0,0.0,0.0,0.0,0.0,0.0,0.0,0.0,0.0,0.0,0.0,0.0,0.0,0.0,0.0,0.0,0.0,0.0,0.0,0.0,0.0,0.0,0.0,0.0,0.0,0.0,0.0,0.0,0.0,0.0,0.0,0.0,0.0,0.0,0.0,0.0,0.0,0.0,0.0,0.0,0.0,0.0,0.0,0.0,0.0,0.0,0.0,0.0,0.0,0.0,0.0,0.0,0.0,0.0,0.0,0.0,0.0,T2D
5.68463,1.12583,13.17649,0.98012,0.84943,3.87939,1.60099,0.90768,0.07313,4.9121,1.79681,0.36876,0.08637,2.89679,4.96621,0.0,0.84448,0.00338,0.42503,0.15557,0.07734,0.0,2.09295,1.4057,2.25951,0.08618,1.29711,0.0,0.32741,5.24886,0.0,0.0,0.04685,0.63078,0.68557,0.60827,0.0,0.0,1.7136,0.1201,0.11368,0.0,0.0,0.07008,0.0,0.0,0.03004,0.20471,0.0,0.65469,0.10407,0.0,0.0,0.0,0.0,0.06451,0.0,0.00212,0.0,0.0,0.0,0.0,0.0,0.0,0.00786,0.0,0.0,0.0,0.0,0.0,0.0,0.0,0.15308,0.0,0.0,0.05727,1.16536,0.11172,0.0,0.0,0.0,0.0,0.01233,0.0,0.00788,0.0,4.43527,2.14573,0.0,0.49737,0.46651,0.00323,0.30304,0.41153,0.0,0.77641,0.0,0.0,0.65369,0.11624,0.15807,0.51577,0.0,0.05507,0.0,0.0,0.0,0.0,0.0,0.0,0.0,0.04324,1.4171,0.0,0.0,0.0,0.0,0.0,0.0,0.0,1.85683,0.0,0.0,0.0,2.43938,0.0,0.46264,0.17938,0.0,0.0,0.0,0.0,0.05753,0.0,0.0,0.0,0.0,0.0,0.00272,0.0,0.0,0.22127,0.0,0.0,0.0,0.0,0.0,0.00638,0.0,0.0,0.0,0.0,0.0,0.02707,0.0,0.43443,0.0,0.0,0.0,0.0,0.0,0.03935,0.0,0.0,0.0,1.1822,0.0,0.0,0.0,0.0,0.0,0.0,0.0,0.0,0.0,0.0095,0.0,0.00146,0.0,0.0,0.0,0.0,0.0,0.0,0.0,0.0,0.0,0.0,13.36172,0.0,0.0,0.03895,0.0,0.0,0.00611,0.0,0.0,0.0,0.0,0.0,0.0,0.0,0.0,0.0,0.0,0.0,0.2015,0.0,0.0,0.0,0.0,0.0,0.0,0.0,0.0,0.0,0.0,0.01693,0.0,0.0,0.0,0.0,0.0,0.0,0.0,0.0,0.0,0.0,0.0,0.0,0.0,0.0,0.0,0.0,0.03656,0.0,0.0,0.0,0.0,0.0,0.0,0.0,0.11828,0.0,0.0,0.0,0.0,0.0,0.0,0.0,0.0,0.0,0.0,0.0,0.0,0.0,0.0,0.0,0.0,0.0,0.0,0.0,0.0,0.0,0.0,0.0,0.0,0.0,0.0,0.0,0.0,0.0,0.0,0.0,0.0,0.0,2.30726,0.0,0.0,0.0,0.0,0.0,0.0,0.0,0.0,0.0,0.02478,0.0,0.0,0.05843,0.06171,0.0,0.0,0.02048,0.0,0.00169,0.0,0.0,0.0,0.0,0.0,0.0,0.0,0.0,0.0,0.0,0.0,0.0,0.0,0.0,0.0,0.0,0.0,0.0,0.0,0.0,0.0,0.0,0.0,0.0,0.0,0.0,0.0,0.0,0.0,0.0,0.0,0.0,0.64348,0.0,0.01277,0.0,0.0,0.0,0.0,0.0,0.0,0.0,0.0,0.0,0.0,0.0,0.0,0.0,0.0,0.0,0.0,0.0,0.0,0.0,0.0,0.0,0.0,0.0,0.0,0.0,0.0,0.0,0.0,0.0,0.0,0.0,0.0,0.0,0.0,0.0,0.0,0.0,0.0,0.0,0.0,0.0,0.0,0.0,0.0,0.0,0.0,0.0,0.0,0.0,0.0,0.0,0.0,0.0,0.0,0.0,0.0,0.0,0.0,0.0,0.0,0.0,0.0,0.0,0.0,0.0,0.0,0.0,0.0,0.0,0.0,0.0,0.0,0.0,0.0,0.0,0.0,0.0,0.0,0.0,0.0,0.0,0.0,0.0,0.0,0.0,0.0,0.0,0.0,0.0,0.0,0.0,0.0,0.0,0.0,0.0,0.0,0.0,0.0,0.0,0.0,0.0,0.0,0.0,0.0,0.0,0.0,0.0,0.0,0.0,0.0,0.0,0.0,0.0,0.0,0.0,0.0,0.0,0.0,0.0,0.0,0.0,0.0,0.0,0.0,0.0,0.0,0.0,0.0,0.0,0.0,0.0,0.0,0.0,0.0,0.0,0.0,0.0,0.0,0.0,0.0,0.0,0.0,0.0,0.0,0.0,0.0,0.0,0.0,0.0,0.0,0.0,0.0,0.0,0.0,0.0,0.0,0.0,0.0,0.0,0.0,0.0,0.0,0.0,0.0,0.0,0.0,0.0,T2D
15.58472,1.56857,4.21415,0.32214,1.22269,9.28293,0.01893,2.57001,2.23704,1.65633,0.85397,0.0007,0.02853,4.73635,0.63056,0.0,0.03545,0.0,0.0,0.00092,1.55445,0.0,3.90469,0.54625,0.27126,0.0,0.08765,0.61175,0.56375,7.53253,3.62806,0.2289,0.0416,0.0,0.12689,2.00715,0.0,0.4104,0.0,0.98745,1.75486,0.18767,0.0,0.05964,0.0,0.0,0.0,0.0101,0.13892,0.02956,0.79371,0.27915,0.02209,0.00381,0.0479,0.00077,0.0,0.50987,0.0,0.00922,0.0,0.0,0.04833,0.0,0.05822,0.00573,0.0,0.00248,0.0,0.0,0.0329,0.01729,0.26154,0.01664,0.0,0.01435,2.8406,0.0,0.00985,0.0,0.0,0.0,0.00063,0.0,0.0,0.0,5.59699,1.41883,0.0,1.00383,0.0,0.36608,0.60464,1.58672,0.0,0.00819,0.0,0.01433,1.10366,0.25571,0.03032,0.63322,0.0,0.0,0.43412,0.00208,0.0,0.0,0.00539,0.0,0.0,0.08779,0.0,0.07643,0.00337,1.63959,0.0,0.0,0.0012,0.0,0.0,0.0,0.0,0.0,0.0,0.0,0.0,0.40744,0.05314,0.0,0.0,0.0,0.0,0.04158,0.0,0.0,0.0,0.0,0.0,0.0,0.0,0.0,0.0,0.0,0.0,0.0,0.0,0.0,0.0,0.0,0.0,0.0,0.0,0.0,0.0,0.0,0.23499,0.0,0.0,0.0,0.0,0.0,0.0,0.0,0.0,0.0,0.0,0.0,0.0,0.0,0.0,0.0,0.0,0.0,0.0,0.0,0.0,0.0,0.0,0.0,0.0,0.0,0.0,0.0,0.0,0.0,0.0,0.0,9.21859,0.0,0.0,0.0,0.0,0.0,0.0,0.0,0.00796,0.0,0.0,0.0,0.0,0.04028,0.0,0.02278,0.0124,0.0,0.0,0.0,0.0,0.0,0.0,0.0,0.0,0.0,0.0,0.0,0.0,0.0,0.0,0.0,0.0,0.00987,0.0,0.0,0.0,0.0,0.00313,0.0,0.0,0.0,0.0,0.0,0.0,0.0,0.0,0.0,0.0,0.00454,0.0,0.0,0.0,0.00022,0.0,0.059,0.0,0.0,0.0,0.0,0.0,0.0,0.0,0.0,0.0,0.0,0.0,0.0,0.0,0.0,0.0,0.0,0.0,0.0,0.0,0.0,0.00199,0.0,0.0,0.0,0.0,0.0,0.0,0.0,0.0,0.00028,0.0,0.0,0.0,0.0,0.0,0.0,0.0,0.0,0.0,0.0,0.0,0.0,0.0,0.0,0.0,0.0,0.0,0.0,0.0,0.0,0.0,0.0,0.0,0.0,0.0,0.0,0.0,0.0,0.0,0.0,0.0,0.00865,0.0,0.0,0.0,0.0,0.0,0.0,0.0,0.0,0.0,0.0,0.0,0.0,0.0,0.0,0.0,0.06867,0.0,0.0,0.0,0.0,0.0,0.0,0.0,0.0,0.0,0.0,0.0,0.0,0.0,0.0,0.0,0.0,0.0,0.0,0.0,0.0,0.0,0.0,0.0,0.0,0.0,0.0,0.0,0.0,0.01032,0.0,0.0,0.0,0.2803,0.0,0.0,0.0,0.0,0.0,0.0,0.0,0.0,0.0,0.0053,0.0,0.0,0.0,0.0,0.0,0.0,0.0,0.0,0.0,0.0,0.0,0.0,0.00216,0.0,0.0,0.0,0.0,0.0,0.0,0.0,0.0,0.0,0.0,0.0,0.0,0.0,0.0,0.0,0.0,0.0,0.0,0.0,0.0,0.0,0.0,0.0,0.0,0.0,0.0,0.0,0.0,0.0,0.0,0.0,0.0,0.0,0.0,0.0,0.0,0.0,0.0,0.0,0.0,0.0,0.0,0.0,0.0,0.0,0.0,0.0,0.0,0.0,0.0,0.0,0.0,0.0,0.0,0.0,0.0,0.0,0.0,0.0,0.0,0.0,0.0,0.0,0.0,0.0,0.0,0.0,0.0,0.0,0.0,0.0,0.0,0.0,0.0,0.0,0.0,0.0,0.0,0.0,0.0,0.0,0.0,0.0,0.0,0.0,0.00468,0.0,0.0,0.0,0.0,0.0,0.0,0.0,0.0,0.0,0.0,0.0,0.0,0.0,0.0,0.0,0.0,0.0,0.0,0.0,0.0,0.0,0.0,0.0,0.0,0.0,0.0,0.0,0.0,0.0,0.0,0.0,0.0,0.0,0.0,T2D
20.15333,3.56807,2.20039,0.95607,1.02065,5.79213,6.54136,0.0,0.88206,1.15148,4.29669,0.42078,0.82109,2.2788,1.50342,0.12861,2.76619,0.35373,0.26975,11.60636,1.51006,0.11307,1.42603,0.88964,6.65692,0.22664,0.83304,0.0,0.42945,0.74088,0.0,0.12453,0.07088,0.0,0.44152,0.27644,0.0,0.47225,0.0,0.16523,2.68043,0.10938,0.0,0.01886,0.41498,0.0,1.32025,0.4236,0.48433,0.02489,0.23533,0.14617,0.0,0.06582,0.01719,0.04083,0.40203,0.662,0.0,0.0,0.0,0.0,0.00771,0.0,0.0,0.02051,0.0,0.12883,0.0,0.0,0.0,0.00359,0.06811,0.02369,0.0,0.17943,0.46861,0.0,0.0,0.0,0.0,0.0,0.01483,0.0,0.01555,0.0,0.0,0.92469,0.54364,0.11566,0.0,0.0,0.00656,0.0261,0.0,0.06404,0.00575,0.03474,0.3626,0.0712,0.03502,0.12078,0.0,0.0,0.0,0.0,0.44446,0.0,0.0,0.0,0.0,0.00762,0.02982,0.00117,0.0,0.0,0.0,0.00942,0.0,0.04239,0.0,0.0,0.0,0.0,0.0,0.0,0.0,0.0,0.01703,0.0,0.30484,0.0,0.0,0.0,0.0,0.0,0.00197,0.0,0.0,0.0,0.0,0.0,0.0,0.0,0.0,0.0,0.0,0.54346,0.0,0.0,0.0,0.0,0.16141,0.00179,0.0,0.0,0.0,1.68485,0.0,0.0,0.0,0.0,0.0,0.0,0.0,0.0,0.0,0.0,0.0,0.0,0.0,0.0,0.0,0.0,0.0,0.0,0.0,0.06684,0.1055,0.0,0.0,0.0,0.0,0.0,0.0,0.0,0.0,0.0,0.0,0.02692,1.97414,0.0,0.0,0.0,0.0,0.0,0.0,0.07671,0.0,0.0,0.0,0.0,0.0,0.0,0.0,0.0,0.06694,0.0,0.0,0.0,0.0,0.0,0.0,0.0,0.0,0.0,0.0,0.0,0.0,0.0,0.0,0.00711,0.0,0.0,0.00781,0.0,0.0,0.0,0.0,0.0,0.0,0.0,0.0,0.0,0.0,0.0,0.0,0.0,0.12879,0.0,0.0,0.0,0.0,0.05156,0.0,0.0,0.0,0.0,0.0,0.0,0.0,0.0,0.0,0.0,0.0,0.0,0.0,0.0,0.0,0.0,0.0,0.0,0.0042,0.0,0.0,0.0,0.00177,0.0,0.0,0.48102,0.0,0.0,0.0,0.0,0.0,0.0,0.37718,0.0,0.0,0.0,0.0,0.0,0.0,0.0,0.0,0.0,0.0,0.0,0.0,0.0,0.0,0.0,0.0,0.0,0.0,0.0,0.0,0.0,0.0,0.0,0.0,0.0,0.0,0.0,0.0,0.0,0.0,0.0,0.0,0.0,0.0,0.0,0.0,0.0,0.0,0.0,0.0,0.0,0.0,0.0,0.0,0.0,0.0,0.0,0.0,0.0,0.0,0.0,0.0,0.0,0.0,0.0,0.0,0.0,0.0,0.0,0.0,0.0,0.0,0.0,0.0,0.0,0.0,0.0,0.0,0.0,0.0,0.0,0.0,0.0,0.0,0.0,0.0,0.0,0.0,0.0,0.0,0.0,0.0,0.0,0.0,0.0,0.0,0.0,0.0,0.0,0.0,0.0,0.0,0.0,0.0,0.0,0.0,0.0,0.0,0.0,0.0,0.0,0.0,0.0,0.0,0.0,0.0,0.0,0.0,0.0,0.0,0.0,0.0,0.0,0.0,0.0,0.0,0.0,0.0,0.0,0.0,0.0,0.0,0.0,0.0,0.0,0.0,0.0,0.0,0.0,0.0,0.0,0.0,0.0,0.0,0.0,0.0,0.0,0.0,0.0,0.0,0.0,0.0,0.0,0.0,0.0,0.0,0.0,0.0,0.0,0.0,0.0,0.0,0.0,0.0,0.0,0.0,0.0,0.0,0.0,0.0,0.0,0.0,0.0,1.88866,0.0,0.0,0.0,0.0,0.0,0.0,0.0,0.0,0.0,0.0,0.0,0.0,0.0,0.0,0.0,0.0,0.0,0.0,0.0,0.0,0.0,0.0,0.0,0.01608,0.0,0.0,0.0,0.0,0.0,0.0,0.0,0.0,0.0,0.0,0.0,0.0,0.0,0.0,0.0,0.0,0.0,0.0,0.0,0.0,0.0,0.0,0.0,0.0,0.0,0.0,0.0,0.0,0.0,0.0,0.0,0.0,0.0,T2D
6.61102,8.20265,4.42737,0.68805,1.67147,0.03075,6.58131,3.30171,0.85103,2.63973,2.04004,0.31389,0.0,0.18099,3.41737,0.02328,0.19169,0.0,0.05139,0.65212,0.00073,1.08554,0.0,1.16142,0.0,0.0,2.44772,0.0,0.54582,0.94936,0.0,0.00398,0.06801,0.01428,0.95075,0.30764,0.0,0.018,0.0,0.17042,0.564,0.0,0.0,0.10427,0.00178,0.07275,0.00431,0.02422,0.01207,0.03092,0.00937,0.02821,0.0,0.01361,0.00107,0.01746,0.0,0.03287,0.0,0.0,0.0,0.0,0.02067,0.0,0.12863,0.0,0.0,0.02491,0.0,0.0,0.0,0.0,0.00025,0.00236,0.73573,0.00323,0.39596,0.0,0.07078,0.0,0.0,0.0,0.02524,0.0,0.00611,0.0,10.84714,0.0,0.0,0.01092,5.81295,0.0,0.0,0.54597,0.0,1.06179,0.0,0.36358,0.07709,0.0,0.0,0.83196,0.0,0.17918,0.0,0.0,5.04817,0.0,0.55503,0.0,1.34241,0.0059,1.02522,0.0,0.0,0.0,0.0,0.0,0.0,0.0,0.0,0.0,0.0,0.0,1.33568,0.07351,0.0,0.07673,0.02586,0.0,0.0,0.0,0.00927,0.0,0.0,0.0,0.0,1.00567,0.0,0.00634,0.00275,0.0,0.0,0.0,0.0,0.0,0.0,0.0,0.0,0.0,0.0,0.0,0.0,0.00354,0.0,0.0,0.0,0.0,0.0,0.92423,0.0,0.0,0.0,0.0,0.0,0.0,0.0,0.0,0.0,0.0,0.0,0.0,0.0,0.0,0.0,0.0,0.0,0.0,0.0,0.0,0.0,0.0,0.0,0.0,0.01382,0.0,0.0,0.0,0.0,0.0,0.0,0.0,0.0,0.0,0.0,0.0,0.0,0.0,0.0,0.0,0.0,0.01982,0.0,0.0,0.00328,0.0,0.0,0.0,0.0,0.0,0.0,0.0,0.0,0.0,0.0,0.00765,0.0,0.0,0.00276,0.0,0.00483,0.01645,0.0,0.0,0.00619,0.0,0.0,0.0,0.0,0.0,0.0,0.0,0.0,0.0,0.0,0.0,0.0,0.0,0.0,0.0,0.0,0.0,0.0,0.0,0.0,0.0,0.0,0.0,0.0,0.0,0.0,0.0,0.0,0.0,0.0,0.0,0.0,0.0,0.0,0.0,0.0,0.0,0.0,0.0,0.0,0.0,0.0,0.0,0.0,0.0,0.0,0.0,0.0,0.00362,0.00726,0.0,0.0,0.0,0.0,0.0,0.0,0.0,0.0,0.0,0.0,0.0,0.0,0.0,0.0,0.0,0.0,0.0,0.0,0.0,0.0,0.0,0.0,0.0,0.0,0.0,0.0,0.0,0.0,0.0,0.0,0.0035,0.0,0.0,0.0,0.0,0.0,0.05598,0.0,0.0,0.05206,0.0,0.0,0.0,0.0,0.0,0.0,0.0,0.0,0.0,0.0,0.0,0.0,0.0,12.73686,0.0,0.0,0.0,0.0,0.0,0.0,0.0,0.0,0.0,0.0,0.0,0.0,0.0,0.0,0.0,0.0,0.0,0.0,0.0,0.0,0.0,0.00274,0.0,0.0,0.0,0.0,0.0,0.0,0.0,0.0,0.0,0.0,0.0,0.0,0.0,0.0,0.0,0.0,0.0,0.0,0.0,0.0,0.0,0.0,0.0,0.0,0.0,0.0,0.0,0.0,0.0,0.0,0.0,0.0,0.0,0.0,0.0,0.0,0.0,0.0,0.0,0.0,0.0,0.0,0.0,0.0,0.0,0.0,0.0,0.0,0.0,0.0,0.0,0.0,0.0,0.0,0.0,0.0,0.0,0.0,0.0,0.0,0.0,0.0,0.0,0.0,0.0,0.0,0.0,0.0,0.0,0.0,0.0,0.0,0.0,0.0,0.0,0.0,0.0,0.0,0.0,0.0,0.0,0.0,0.0,0.0,0.0,0.0,0.0,0.0,0.0,0.0,0.0,0.0,0.0,0.00142,0.0,0.0,0.0,0.0,0.0,0.0,0.0,0.0,0.0,0.0,0.0,0.0,0.0,0.0,0.0,0.0,0.0,0.0,0.0,0.0,3.05183,0.62915,0.0,0.0,0.0,0.0,0.0,0.0,0.0,0.0,0.0,0.0,0.0,0.0,0.0,0.0,0.0,0.0,0.0,0.0,0.0,0.0,0.0,0.0,0.0,0.0,0.0,0.0,0.0,0.0,0.0,0.0,0.0,healthy
13.14897,3.31657,2.54567,3.16756,1.33191,5.10347,2.22959,0.0,3.61246,0.55207,1.40497,0.0216,0.11866,0.0,2.54678,0.0,3.28405,0.0,0.0,1.45589,0.75346,0.90243,11.29192,0.50666,0.5717,0.0,0.44599,0.0,0.28824,0.70081,0.0,0.0096,0.10668,0.0,0.55772,0.58322,0.0,0.51357,0.78904,0.0,12.65583,0.4543,0.01122,0.45114,0.0,0.17758,0.89569,0.0,0.04546,0.0,0.3852,3.91697,0.00578,0.0068,0.13156,0.01186,0.06954,0.05889,0.00527,0.0,0.00425,0.0,0.17023,0.0,0.13352,0.0,0.0,0.00582,0.00094,0.00113,0.0,0.00714,0.0,0.00415,0.0,0.21566,1.29857,0.0,0.0,0.00055,0.00211,0.0,0.00511,0.0,0.00612,0.0,0.0,0.0,0.0,0.0,0.0,0.57549,0.0,3.28436,4.04726,0.0,0.01493,0.23596,0.44794,0.20977,0.40292,0.64567,0.0,0.0,0.0,0.0,0.0,0.0,0.0,0.0,0.0,0.18758,4.85095,0.02526,0.08274,0.0,0.0,0.0,0.0022,0.0,0.0,0.0,0.0,0.0,0.0,0.0,0.0,0.0,0.0,0.07889,0.0,0.0,0.0,0.0,0.0,0.0,0.04599,0.0,0.0,0.0,0.0,0.0,0.0,0.0,0.0,0.0,0.0,0.25969,0.0,0.0,0.0,0.0,0.0,0.00126,0.0,0.0,0.0,0.01175,0.0,0.0,0.0,0.0,0.0,0.0,0.0,0.0,0.0,0.0,0.0,0.0,0.0,0.19341,0.0,0.0,0.0,0.01669,0.03708,0.0,0.0,0.0,0.0,0.00449,0.0,0.0,0.0,0.00518,0.0,0.0,0.0,0.0,0.0,0.0,0.0,0.0,0.0,0.0,0.0,0.0,0.0,0.0,0.0,0.0,0.00292,0.0,0.0,0.0,0.0,0.0,0.0,0.0,0.00333,0.0,0.0,0.0,0.00331,0.0,0.0075,0.0,0.0,0.0,0.0,0.00263,0.0,0.0,0.0,0.0,0.0,0.0,0.0,0.0,0.0,0.0,0.0,0.0,1.1406,0.0,0.0,0.0,0.0,0.0,0.01037,0.0,0.0,0.00023,0.0,0.0,0.0,0.00032,0.0,0.0,0.0,0.0,0.0,0.05702,0.0,0.0,0.00066,0.0,0.0,0.0,0.0,0.0,0.0,0.0,0.00164,0.0,0.0,0.0,0.0,0.0,0.00161,0.0,0.0,0.0,0.0,0.0,0.0,0.0,0.0,0.0,0.00134,0.0,0.0,0.0,0.0,0.0,0.0,0.0,0.0,0.0,0.0,0.0,0.0,0.0,0.0,0.0,0.0,0.0,0.0,0.0,0.0,0.0,0.0,0.0,0.0,0.0,0.0,0.0,0.0,0.0,0.0,0.0,0.0,0.0,0.0,0.0,0.0,0.0,0.0,0.0,0.0,0.0,0.0,0.0,0.0,0.0,0.0,0.0,0.0,0.0,0.0,0.0,0.0,0.0,0.0,0.0,0.0,0.0,0.0,0.0,0.0,0.0,0.0,0.0,0.0,0.0,0.0,0.0,0.0,0.0,0.0,0.0,0.0,0.0,0.0,0.0,0.0,0.0,0.0,0.0,0.0,0.0,0.0,0.0,0.0,0.0,0.0,0.0,0.0,0.0,0.0,0.0,0.0,0.0,0.0,0.0,0.0,0.0,0.0,0.0,0.0,0.0,0.0,0.0,0.0,0.0,0.0,0.0,0.0,0.0,0.0,0.0,0.0,0.0,0.0,0.0,0.0,0.0,0.0,0.0,0.0,0.0,0.0,0.0,0.0,0.0,0.0,0.0,0.0,0.0,0.0,0.0,0.0,0.0,0.0,0.0,0.0,0.0,0.0,0.0,0.0,0.0,0.0,0.0,0.0,0.0,0.0,0.0,0.0,0.0,0.0,0.0,0.0,0.0,0.0,0.0,0.0,0.0,0.0,0.0,0.0,0.0,0.0,0.0,0.0,0.0,0.0,0.0,0.0,0.0,0.0,0.0,0.0,0.0,0.0,0.0,0.0,0.0,0.0,0.0,0.0,0.0,0.0,0.0,0.0,0.0,0.0,0.0,0.0,0.0,0.0,0.0,0.0,0.0,0.0,0.0,0.0,0.0,0.0,0.0,0.0,0.0,0.0,0.0,0.0,0.0,0.0,0.0,0.0,0.0,0.0,0.0,0.0,0.0,0.0,0.0,0.0,0.0,T2D
5.64044,2.47161,1.01097,1.59375,0.0,1.76262,4.68924,0.0,0.0,0.0,0.90376,0.12048,0.0868,3.67295,2.79283,0.0,6.49499,0.0,0.59981,0.0,2.00154,0.0,4.54034,0.8551,0.0,1.7172,0.86832,0.0,0.66954,3.87135,0.0,0.00196,0.05532,1.31393,0.23575,0.84616,0.0,0.0,0.02959,1.06297,2.34532,1.44229,0.0,7.75084,0.0,0.16124,2.32767,0.17921,0.01049,0.0,0.73861,2.55905,0.00439,0.0,0.0,0.0083,0.0,0.02601,0.0,0.0,0.02124,0.01185,0.45556,0.0,1.34927,0.0,0.0,0.0,0.0,0.0,0.01129,0.0,0.0615,0.00111,0.0,0.03746,0.31905,0.0,0.0,0.0,0.00586,0.00598,0.01721,0.0,0.00269,0.0044,0.0,0.0,0.0,2.1958,0.0,0.0,0.38615,0.48001,0.0,0.00031,0.0,0.45826,0.01066,0.1999,0.2244,0.35283,0.0,0.0,0.077,0.0,0.09513,0.0,0.0,0.0,0.0,0.15206,0.31068,0.0,0.06025,0.0,0.0,0.0,0.0084,0.0,0.0,0.0,0.0,0.0,0.28968,0.0,0.0,0.0,0.0,0.0,0.0,0.0,0.00118,0.0,0.0,0.0,0.0,0.0,0.30274,0.0,0.0,0.0,0.0,0.0,0.0,0.0,0.0,0.30145,0.0,0.0,0.0,0.0,0.0,0.00173,0.17227,0.0,0.0,0.06636,0.0,20.20856,0.0,0.0,0.0,0.0,0.0,0.0,0.0,0.0,0.0,0.0,0.03836,0.0,0.11169,0.0,0.0,0.03946,0.0,0.19665,0.0,0.0,0.0,0.00453,0.0,0.00619,0.02228,0.0,0.0,0.0,0.50555,0.0,0.0,0.0,0.0,0.0,0.0,0.0,0.0,0.0,0.0,0.0,0.0,0.00834,0.00329,0.0,0.05762,0.00321,0.0,0.0,0.0,0.0,0.0,0.0,0.0,0.0,0.0,0.0,0.02804,0.0,0.0,0.0,0.0,0.01729,0.0,0.0,0.00414,0.01304,0.0,0.0,0.0,0.0,0.0,0.0,0.0,0.0,1.69585,0.0,0.0,0.0,0.0,0.0,0.00799,0.0,0.0,0.0,0.0,0.0,0.07195,0.0,0.0,0.0,0.0,0.0,0.0,0.06583,0.0,0.0,0.0,0.0,0.0,0.0,0.0,0.0,0.0,0.04481,0.02327,0.0,0.0,0.0,0.0,0.0,0.01761,0.0,0.0,0.0,0.00145,0.0,0.0,0.0,0.0,0.0,0.0,0.0,0.0,0.0,0.0,0.0,0.0,0.0,0.0,0.0,0.0,0.0,0.0,0.0,0.0,0.0,0.0,0.0,0.0,0.0,0.0,0.0,0.0,0.0,0.0,0.0,0.01206,0.0,0.0,0.0,0.0,0.0,0.0,0.0,0.0,0.0,0.0,0.0,0.01449,0.0,0.0,0.0,0.0,0.0,0.0,0.0,0.0,0.0,0.0,0.0,0.0,0.0,0.0,0.0,0.0,0.0,0.0,0.0,0.0,0.00316,0.0,0.0,0.0,0.0,0.0,0.0,0.0,0.0,0.0,0.0,0.0,0.0,0.0,0.0,0.0,0.0,0.0,0.0,0.0,0.0,0.0,0.0,0.0,0.0,0.0,0.0,0.0,0.0,0.0,0.0,0.0,0.0,0.0,0.0,0.0,0.0,0.0,0.0,0.0,0.0,0.0,0.0,0.0,0.0,0.0,0.0,0.0,0.0,0.0,0.0,0.0,0.0,0.0,0.0,0.0,0.01736,0.0,0.0,0.00789,0.0,0.0,0.0,0.0,0.0,0.0,0.0,0.0,0.0,0.0,0.0,0.00737,0.0,0.0,0.0,0.0,0.0,0.0,0.32332,0.41017,0.0,0.0,0.0,0.0,0.0,0.0,0.0,0.0,0.0,0.0,0.0,0.0,0.0,0.0,0.0,0.0,0.0,0.0,0.0,0.0,0.0,0.0,0.0,0.0,0.0,0.0,0.0,0.0,0.0,0.0,0.0,0.0,0.0,0.0,0.0,0.0,0.0,0.0,0.0,0.0,0.0,0.0,0.0,0.0,0.0,0.0,0.0,0.0,0.0,0.0,0.0,0.0,0.0,0.0,0.0,0.0,0.0,0.0,0.0,0.0,0.0,0.0,0.0,0.0,0.0,0.0,0.0,0.0,0.0,0.0,0.0,0.0,0.0,0.0,0.0,0.0,0.0,0.0,0.0,T2D
6.01103,2.6827,2.85324,1.57038,3.20397,1.98759,8.20299,4.69924,9.40407,0.2471,6.15603,0.2707,0.58143,2.73015,3.32949,0.0,3.11803,0.0,0.0,5.91273,0.63212,1.4772,0.99502,1.33203,0.50372,0.0,0.32759,0.0,0.24339,0.33761,0.29167,0.25004,0.97049,0.0,0.65236,1.02314,0.0,0.85889,0.0,0.19551,0.27537,0.0,0.22368,0.14871,0.0,0.0,0.14921,0.00193,0.17537,0.0,0.7935,0.12735,0.0,0.0386,0.0,0.25438,0.23423,0.31171,0.0,0.0,0.0,0.0,0.24282,0.0,0.08488,0.5699,0.02388,0.00879,0.0,0.0,0.0163,0.102,0.0336,0.01354,0.0,0.08363,1.3639,0.05724,0.0,0.00233,0.0,0.0,0.02245,0.05819,0.01534,0.0,3.80498,1.65854,1.36668,0.38266,0.0,0.0,0.02041,0.1978,0.0,0.00084,0.0,0.25065,0.01125,0.03419,0.0,0.48042,0.09574,0.0,0.05924,0.0,2.17555,0.0,0.0,0.0,0.0,0.0,0.0,0.00503,0.00101,0.0,0.0,0.0,0.03865,0.0,0.0,0.0,0.0,0.0,0.0,0.0,0.0,0.72629,0.0,0.0,0.0,0.0,0.0028,0.0,0.0,0.05136,0.03481,0.0,0.0,0.0,0.0,0.0,0.72258,0.0,0.0,0.0,0.0,0.12735,0.0,0.0,0.0,0.0,0.0,0.00213,0.07792,0.0,0.0,0.00699,0.0,1.60928,0.0,0.01749,0.0,0.17532,0.07852,0.0,0.0,0.0,0.0,0.0,0.00616,0.0,0.0,0.3971,0.0,0.03576,0.0,0.0,0.40783,0.0,0.0,0.09548,0.0,0.0,0.01386,0.0,0.0,0.92986,0.0,0.08659,0.0,0.0,0.0,0.0,0.0,0.0,0.0,0.0,0.0,0.00051,0.0,0.0,0.0,0.0,0.0,0.0004,0.43985,0.0,0.00693,0.0,0.0,0.0,0.0,0.0,0.0562,0.0,0.01212,0.0,0.03382,0.0,0.0,0.01156,0.0,0.0,0.00972,0.00427,0.0,0.0,0.0,0.0,3.22321,0.0,0.0,0.0,0.0,0.0,0.0,0.0,0.0,0.00552,0.0,0.0,0.28586,0.0,0.0,0.0,0.0,0.0,0.0,0.0,0.04321,0.0,0.0,0.01931,0.0,0.0,0.0,0.0,0.0,0.01997,0.0,0.0,0.0,0.0,0.0,0.0,0.0,0.0,0.0,0.0,0.0,0.0,0.0,0.0,0.01956,0.0,0.0,0.0,0.0,0.0,0.0,0.0,0.0,0.0,0.0,0.0,0.0,0.0,0.01763,0.0,0.0,0.0,0.0,0.0,0.0,0.0,0.0,0.0,0.0,0.0,0.0,0.0,0.0,0.0,0.0,0.0,0.0,0.0,0.0,0.0,0.0,0.0,0.0,0.0,0.0,0.0,0.0,0.0,0.0,0.0,0.0,0.0,0.48038,0.0,0.0,0.2548,0.0,0.0,0.0,0.0,0.0,0.0,0.0,0.0,0.0,0.0,0.0,0.0,0.0,0.0,0.0,0.0,0.0,0.0,0.0,0.0,0.0,0.0,0.0,0.0,0.00351,0.0,0.0,0.0,0.0,0.0,0.0,0.0,0.0,0.0,0.0,0.00328,0.0,0.0,0.0,0.0,0.0,0.0,0.0,0.0,0.0,0.0,0.0,0.0,0.0,0.0,0.0,0.0,0.0,0.0,0.0,0.0,0.0,0.0,0.0,0.0,0.0,0.0,0.0,0.0,0.0,0.0,0.0,0.0,0.0,0.0,0.0,0.0,0.0,0.0,0.0,0.0,0.0,0.0,0.0,0.0,0.0,0.0,0.0,0.0,0.0,0.0,0.0,0.0,0.0,0.0,0.0,0.0,0.0,0.0,0.0,0.0,0.00192,0.0,0.0,0.0,0.0,0.0,0.0,0.0,0.0,0.0,0.0,0.0,0.0,0.0,0.0,0.0,0.0,0.0,0.0,0.0,0.0,0.0,0.0,0.0,0.0,0.0,0.0,0.1451,0.0,0.0,0.0,0.0,0.0,0.0,0.0,0.0,0.0,0.0,0.0,0.0,0.0,0.0,0.0,0.0,0.0,0.0,0.0,0.0,0.0,0.0,0.0,0.0,0.0,0.0,0.0,0.0,0.0,0.0,0.0,0.0,0.0,0.0,0.0,0.0,0.0,0.0,0.0,0.0,0.0,0.0,0.0,0.0,0.0,0.0,0.0,0.0,T2D
10.04066,3.28081,5.92116,0.14779,2.39111,2.37256,2.15793,0.59975,1.19763,0.00179,0.23533,0.13776,1.09928,0.00497,1.62205,0.23966,1.86805,0.0,0.10034,2.03373,0.61365,0.0,1.97129,0.73554,1.41619,0.9702,0.03604,0.00687,0.11,2.54304,0.02387,0.01194,0.0306,0.1136,0.10767,0.48883,0.0,0.61191,1.54466,3.4908,0.13798,0.0,0.0356,0.28612,0.20021,0.09391,0.43765,0.04015,0.00274,0.12435,0.74944,0.0,0.0,0.00525,0.0267,0.07081,0.0,0.0101,0.01994,0.06372,0.00811,0.00949,0.01643,0.0,0.16995,0.0,0.0,0.00379,0.0,0.0,0.0,0.00465,0.23321,0.0022,0.0,0.02538,0.51186,0.0,0.0,0.0,0.01128,0.0,0.00924,0.0,0.00578,0.0,12.19533,4.26075,4.28235,0.7895,5.27844,0.0,0.00169,0.17734,0.0,0.40079,0.00558,0.35151,0.04703,0.63031,0.32159,0.33414,0.2751,0.05217,0.04702,0.0,0.03585,0.0,0.00391,0.0,0.21598,0.01097,0.0118,0.18081,0.00912,0.0,0.0,0.0,0.00308,0.01315,0.0,0.0,0.0,0.0,0.0,0.0,0.12563,0.0,0.0,0.00067,0.0,0.0,0.0,0.0,0.0,0.0,0.0,3.44427,0.0,0.04496,0.0,0.0,0.0,0.0,0.0,0.0,0.0,0.25162,0.0,0.0,0.0,0.0,0.06156,0.01096,0.46165,0.01438,0.0,0.0,0.00153,0.0,0.0,0.07468,0.0,0.0,0.0,0.0,0.0,0.0,0.0,0.0,0.0,0.0,0.0,0.0,0.0,0.0,0.0,0.1068,0.04853,0.0,0.0,0.0,0.0,0.0,0.0,0.0,0.0,1.50995,0.0,0.0,1.40892,0.0,1.2279,0.0,0.0,0.0,0.0,0.0,0.0,0.0,0.0,0.0021,0.0,0.02172,0.01033,0.0,0.0,0.0,0.0,0.0,0.03591,0.0,0.0,0.0,0.00677,0.0,0.0,0.0,0.0,0.0,0.0,0.01832,0.0,0.0,0.0,0.0,0.0,0.0,0.0,0.0,0.0,0.0,0.0,0.0,0.0,0.00104,0.0,0.00178,0.0,0.00193,0.0,0.0,0.0,0.0,0.0,0.0,0.0,0.0,0.00136,0.0,0.0,0.0,0.0,0.0,0.0,0.0,0.0,0.0,0.0,0.0,0.0,0.0,0.0,0.0,0.00247,0.0,0.0,0.0,0.0,0.0,0.0,0.0,0.0,0.0,0.00923,0.0,0.20863,0.0,0.0,0.00541,0.0,0.0,0.0,0.0,0.0,0.0,0.0,0.0,0.0,0.0,0.0,0.0,0.0,0.0,0.0,0.0,0.0,0.0,0.0,0.0,0.0,0.0,0.0,0.0,0.0,0.0,0.0,0.0,0.0,0.0,0.0,0.0,0.0,0.0,0.0,0.0,0.0,0.0,0.0,0.0,0.0,0.0,0.0,0.0,0.0,0.0,0.0,0.0,0.0,0.0,0.0,0.0,0.0,0.0,0.0,0.0,0.0,0.0,0.0,0.0,0.0,0.0,0.0,0.0,0.0,0.0,0.0,0.0,0.0,0.0,0.0,0.0,0.0,0.0,0.0,0.0,0.0,0.0,0.0,0.0,0.0,0.0,0.0,0.0,0.0,0.0,0.0,0.0,0.0,0.0,0.0,0.0,0.0,0.0,0.0,0.0,0.0,0.0,0.0,0.0,0.0,0.0,0.0,0.0,0.0,0.0,0.0,0.0,0.0,0.0,0.0,0.0,0.0,0.0,0.0,0.0,0.0,0.0,0.0,0.0,0.0,0.0,0.0,0.0,0.0,0.0,0.0,0.0,0.0,0.0,0.0,0.0,0.0,0.0,0.0,0.0,0.0,0.0,0.0,0.0,0.0,0.0,0.0,0.0,0.0,0.0,0.0,0.0,0.0,0.0,0.0,0.0,0.0,0.0,0.0,0.0,0.0,0.0,0.0,0.0,0.0,0.0,0.0,0.0,0.0,0.0,0.0,0.0,0.0,0.0,0.0,0.0,0.0,0.0,0.0,0.0,0.0,0.0,0.0,0.0,0.0,0.0,0.0,0.0,0.0,0.0,0.0,0.0,0.0,0.0,6.14548,1.11512,0.0,0.0,0.0,0.0,0.0,0.0,0.0,0.0,0.0,0.0,0.0,0.0,0.0,0.0,0.0,0.0,0.0,0.0,0.0,0.0,0.0,0.0,0.0,0.0,0.0,0.0,T2D
3.81169,1.07514,1.79969,0.32822,0.52683,1.77611,0.9044,1.25249,0.86078,16.3828,0.51863,0.00161,0.04362,0.05814,0.38396,0.1249,0.44079,0.0,0.0,8.53966,0.63594,0.86094,1.8866,0.21443,0.31057,0.0,0.18059,0.0,0.15776,3.99516,0.29016,0.00119,0.00824,0.1671,0.03483,0.08996,0.0,0.44409,2.50482,0.32354,0.01071,1.02759,0.0,0.41144,0.00925,0.0,0.20336,0.0,0.04636,0.02211,0.25902,0.02615,0.0,0.0,0.14886,0.00181,0.02273,0.13305,0.0,0.02042,0.0,0.0021,0.00582,0.0,0.11904,0.0,0.0,0.00205,0.0,0.0,0.00404,0.0,0.01759,0.00339,0.0,0.01091,3.17584,0.0,0.0,0.00053,0.00114,0.0,0.00136,0.0,0.00661,0.0,7.37307,1.32114,0.0,0.22041,0.00049,0.00344,0.0,0.13651,0.0,0.09253,0.0,0.40608,0.0888,0.1951,0.03643,0.12907,0.01779,0.03677,0.01813,0.0,0.0,0.0,0.0,0.0,0.0,0.0,0.11925,0.01071,0.0392,0.0,0.0,0.0,0.0,0.0,0.0,0.0,0.0,0.27004,0.0,0.0,0.0,0.0,0.02588,0.00326,0.0,0.0,0.0,0.00693,0.0,0.0,0.0,0.08323,0.0,0.04771,0.0,0.0,0.0,2.42104,0.0,0.0,0.0,0.00694,0.0,0.0,0.0,0.0,0.0,0.0,0.00546,0.0,0.0,0.0,0.0,25.95726,0.0,0.01212,0.0,0.0,0.0,0.0,0.0,0.0,0.0,0.0,0.0,0.0,0.12445,0.0,0.0,0.0,0.0,0.09288,0.0,0.0,0.0,0.0,0.0,0.0,0.0,0.0,0.0,0.0,3.46334,0.0,0.0,0.01945,0.0,0.0,0.0,0.0,0.0,0.0,0.0,0.0,0.0,0.00016,0.01015,0.031,0.00054,0.0,0.0,0.0,0.0,0.0,0.16712,0.0,0.0,0.0,0.0,0.0,0.0,0.0,0.0,0.0,0.0,0.00406,0.0,0.0,0.00038,0.0,0.0,0.0,0.0,0.0,0.05433,0.0,0.0,0.0,0.0,0.05055,0.0,0.13112,0.0,0.00577,0.0,0.0,0.0,0.0,0.0,0.0,0.0,0.0,0.0,0.0,0.0,0.0,0.0,0.0,0.0,0.0,0.0,0.0762,0.0,0.0,0.0,0.0,0.0,0.0,0.0,0.0,0.0,0.0,0.0,0.0,0.00754,0.0,0.0,0.0,0.0,0.0,0.0,0.0,0.0,0.0,0.0,0.0,0.0,0.0,0.0,0.0,0.0,0.0,0.0,0.0,0.0,0.0,0.0,0.0,0.0,0.0,0.0,0.0,0.0,0.0,0.0,0.0,0.0,0.0,0.0,0.0,0.00056,0.0,0.0,0.0,0.0,0.0,0.0,0.0,0.0,0.0,0.0,0.0,0.0,0.0,0.0,0.0,0.0,0.0,0.0,0.0,0.0,0.00149,0.0,0.0012,0.0,0.0,0.0,0.0,0.0,0.0,0.0,0.0,0.0,0.0,0.0,0.0,0.0,0.00758,0.0,0.0,0.0,0.0,0.0,0.0,0.0,0.0,0.0,0.0,0.0,0.0,0.0,0.0,0.0,0.0,0.0,0.0,0.0,0.0,0.0,0.0,0.0,0.0,0.0,0.0,0.0,0.0,0.0,0.0,0.0,0.0,0.0,0.0,0.0,0.0,0.0,0.0,0.0,0.0,0.0,0.0,0.0,0.0,0.0,0.0,0.0,0.0,0.0,0.0,0.0,0.0,0.0,0.0,0.0,0.0,0.0,0.0,0.0,0.0,0.0,0.0,0.0,0.0,0.0,0.0,0.0,0.0,0.0,0.0,0.0,0.0,0.0,0.0,0.0,0.0,0.0,0.0,0.0,0.0,0.0,0.0,0.0,0.0,0.0,0.0,0.00572,0.0,0.0,0.0,0.0,0.0,0.0,0.0,0.0,0.0,0.0,0.0,0.0,0.0,0.0,0.0,0.0,0.0,0.0,0.0,0.0,0.0,0.0,0.0,0.0,0.0,0.0,0.0,0.0,0.0,0.0,0.0,0.0,0.0,0.0,0.0,0.0,0.0,0.0,0.0,0.0,0.0,0.0,0.0,0.00528,0.0,0.0,0.0,0.0,0.0,0.0,0.0,0.0,0.0,0.0,0.0,0.0,0.0,0.0,0.0,0.0,0.0,0.0,0.0,0.0,0.0,0.0,0.0,T2D
3.41771,2.63767,2.15527,0.52492,3.29035,2.09684,4.44981,6.61823,0.96407,14.73749,3.80495,0.00864,0.0,1.42707,3.44756,0.00767,3.58081,0.0,0.73541,0.2685,1.6213,0.0489,0.0,0.9,0.8484,0.36758,1.154,0.0,2.4928,1.44021,0.0,0.82026,0.20629,0.57255,3.71722,0.87142,0.0,0.0,0.04553,0.0,1.32134,0.13499,0.24778,0.19681,0.0,0.0,0.0,0.27732,0.20733,0.04351,0.0,0.0,0.0,0.04952,0.0,0.08517,0.0,0.72258,0.00073,0.0,0.0,0.0,0.0,0.0,0.06676,0.0,0.0,0.00507,0.0,0.0,0.0,0.18752,0.00051,0.03913,0.0,0.01479,0.46782,0.0,0.6541,0.0018,0.0,0.0,0.01554,0.0,0.01001,0.0,13.50035,0.06317,0.0,0.0,0.0,0.0,0.1213,0.749,0.0,0.03677,0.0,0.50045,0.1386,0.134,0.0,0.44458,0.0,1.276,0.0,0.00132,0.0,0.0,0.0,0.0,0.0,0.04372,0.97318,0.0,0.0,0.0,0.0,0.0,0.0,0.0,0.0,0.0,0.0,0.0,0.0,0.0,0.0,0.0,0.0,0.0,0.0,0.0,0.0,0.0,0.0,0.0,0.0,1.94423,3.56201,0.0,0.0,0.0,0.0,0.0,0.0,0.0,0.0,1.10596,0.0,0.0,0.01516,0.0,0.0,0.00174,0.0,0.0,0.0,0.0,0.0,0.0,0.0,0.0,0.0,0.0,0.0,0.0,0.0,0.0,0.0,0.0,0.0,0.0,0.0,0.0,0.0,0.0,0.0,0.08502,0.10358,0.0,0.0,0.0,0.0,0.0,0.0,0.0,0.90098,0.0,0.0,0.0,0.0,0.0,0.0,0.0,0.0,0.0,0.0,0.0,0.0,0.0,0.0,0.01792,0.0,0.0,0.00422,0.00861,0.0,0.0,0.0,0.0,0.00715,0.0,0.0,0.0,0.02231,0.0,0.03649,0.0,0.0,0.0,0.01193,0.02733,0.0,0.0,0.00487,0.0,0.00067,0.0,0.0,0.0,0.0,0.0,0.0,0.0,0.0,0.0,0.0,0.0,0.0,0.00938,0.00409,0.0,0.0,0.00431,0.0,0.0,0.0,0.0,0.0,0.0,0.0,0.0,0.0,0.0,0.0,0.0,0.0,0.0,0.0,0.0,0.0,0.0,0.0,0.0,0.00278,0.0,0.0,0.0,0.0,0.0,0.00327,0.0,0.0,0.0,0.0,0.0,0.0,0.0,0.0,0.0,0.0,0.0,0.0,0.0,0.0,0.0,0.0,0.0,0.0,0.0,0.0,0.0,0.0,0.0,0.0,0.0,0.0,0.0,0.0,0.0,0.0,0.0,0.0,0.0,0.0,0.0,0.0,0.0,0.0,0.0,0.0,0.0,0.0,0.0,0.0,0.0,0.0,0.0,0.0,0.0,0.0,0.0,0.0,0.0,0.0,0.0,0.0,0.0,0.0,0.0,0.0,0.0,0.0,0.0,0.0,0.0,0.0,0.0,0.0,0.00418,0.0,0.0,0.0,0.0,0.0,0.0,0.0,0.0,0.0,0.0,0.0,0.0,0.0,0.0,0.0,0.0,0.0,0.0,0.0,0.0,0.0,0.0,0.0,0.0,0.0,0.0,0.0,0.0,0.0,0.0,0.0,0.0,0.0,0.0,0.0,0.0,0.0,0.0,0.0,0.0,0.0,0.0,0.0,0.0,0.0,0.0,0.0,0.0,0.0,0.0,0.0,0.0,0.0,0.0,0.0,0.0,0.0,0.0,0.0,0.0,0.0,0.0,0.0,0.0,0.0,0.0,0.0,0.0,0.0,0.0,0.0,0.0,0.0,0.0,0.0,0.0,0.0,0.0,0.0,0.0,0.0,0.0,0.0,0.0,0.0,0.0,0.0,0.0,0.0,0.0,0.0,0.0,0.0,0.0,0.0,0.0,0.0,0.0,0.0,0.0,0.0,0.0,0.0,0.0,0.0,0.0,0.0,0.0,0.0,0.0,0.0,0.0,0.0,0.0,0.0,0.0,0.0,0.0,0.0,0.0,0.0,0.0,0.0,0.0,0.0,0.0,0.0,0.0,0.0,0.0,0.0,0.0,0.0,0.0,0.0,0.0,0.0,0.0,0.0,0.0,0.0,0.0,0.0,0.0,0.0,0.0,0.0,0.0,0.0,0.0,0.0,0.0,0.0,0.0,0.0,0.0,0.0,0.0,T2D
3.76778,4.03955,5.04698,1.54295,1.43395,5.21798,4.30827,0.0,4.72225,0.0,5.89678,0.54554,0.93996,11.28658,0.96322,0.83768,3.89146,0.0,0.52816,0.39814,2.51382,0.0,3.3071,1.50404,0.95092,0.47605,0.49009,0.0,0.0,2.91435,0.08231,0.09826,2.75946,0.0,0.85604,0.36921,0.0,0.07851,0.0,0.28236,0.0,0.00198,0.73379,0.68676,0.33509,0.3601,0.0,0.60266,0.47176,0.52359,0.70855,0.87831,0.0,0.03166,0.05364,0.29081,0.0,0.6126,0.03808,0.0,0.0,0.09579,0.07052,0.00488,0.18816,0.70788,0.0,0.0,0.0,0.0,0.06497,0.17249,0.06207,0.02802,0.0,0.24613,0.05255,0.10088,0.0,0.0,0.0,0.0,0.36109,0.37885,0.01214,0.0,0.0,0.02745,0.0,1.23076,0.0,0.0,3.37935,0.50344,0.0,0.15314,0.00152,0.0,2.30407,0.12507,0.06453,0.15604,0.0,0.0,0.00969,0.0,0.8195,0.0,0.0,0.0,0.0,0.15334,1.81055,0.01494,0.09051,0.98581,0.0,0.0,0.0348,0.0,0.0,0.0,0.0,0.0,0.0,0.0,0.0,0.0,0.40386,0.0,0.0,0.00811,0.0,0.0,0.0,0.14473,0.0,0.57184,0.0,0.0,0.0,0.0,0.0,0.0,0.0,0.0,0.0,0.00532,0.0,0.0,0.036,0.0,0.0197,0.00583,0.02446,0.0,0.12053,0.01273,0.0022,0.0,0.0,0.0,0.0,0.0,0.0,0.0,0.0,0.0,0.0,0.0,0.04835,0.0,0.0,0.0,0.0,0.0,0.16625,0.63753,0.19651,0.0392,0.0,0.05169,2.4344,0.0,0.10885,0.0,0.0,0.0,0.0,0.0,0.0,0.0,0.0,0.0,0.0,0.0,0.00412,0.0,0.0,0.0,0.0,0.0,0.0,0.0,0.00896,0.0,0.0,0.0,0.13742,0.0,0.02306,0.0,0.0,0.0,0.00712,0.08263,0.01272,0.0,0.0,0.0,0.0,0.04927,0.0,0.0,0.00194,0.0,0.0,0.0,0.0,0.0,0.0,0.0,0.0,0.0,0.0,0.0,0.0,0.0,0.0,0.0,0.0,0.0,0.0,0.0,0.0,0.0,0.0,0.0,0.0,0.0,0.0,0.0,0.0,0.0,0.0,0.0,0.0,0.0,0.0,0.0,0.0,0.0,0.03265,0.0,0.02303,0.0,0.0012,0.0,0.0,0.0,0.02619,0.0,0.0,0.01438,0.01627,0.0,0.0,0.0,0.0,0.0,0.0,0.0,0.0,0.0,0.0,0.0,0.0,0.0,0.0,0.0,0.0,0.0,0.0,0.0,0.0,0.0,0.0,0.0,0.0,0.0,0.0,0.0,0.0,0.0,0.0,0.0,0.06773,0.0,0.0,0.0,0.0,0.0,0.0,0.0,0.0,0.0,0.0,0.0,0.0,0.0,0.0,0.0,0.0,0.0,0.0,0.0,0.0,0.0,0.0,0.0,0.0,0.0,0.0,0.0,0.0,0.0,0.0,0.0,0.0,0.0,0.0,0.0,0.0,0.0,0.0,0.0,0.0,0.0,0.0,0.00772,0.0,0.0,0.03453,0.0,0.0,0.0,0.0,0.0,0.0,0.0,0.0,0.0,0.0,0.0,0.0,0.0,0.0,0.0,0.0,0.0,0.0,0.0,0.0,0.0,0.0,0.0,0.0,0.0,0.0,0.0,0.0,0.0,0.0,0.0,0.0,0.0,0.0,0.0,0.0,0.0,0.0,0.0,0.0,0.0,0.0,0.0,0.0,0.0,0.0,0.0,0.0,0.0,0.0,0.0,0.0,0.0,0.0,0.0,0.0,0.0,0.0,0.00399,0.0,0.0,0.0,0.0,0.0,0.0,0.0,0.0,0.0,0.0,0.0,0.0,0.0,0.0,0.0,0.0,0.0,0.0,0.0,0.0,0.0,0.0,0.0,0.0,0.0,0.0,0.0,0.0,0.0,0.0,0.0,0.0,0.0,0.0,0.0,0.0,0.0,0.0,0.0,0.0,0.0,0.0,0.0,0.0,0.0,0.0,0.0,0.0,0.0,0.0,0.0,0.0,0.0,0.45014,0.0,0.0,0.0,0.0,0.0,0.0,0.0,0.0,0.0,0.00036,0.0,0.0,0.0,0.0,0.0,0.0,0.0,0.0,0.0,0.0,0.0,0.0,0.0,0.0,0.0,0.0,0.0,0.0,0.0,0.0,0.0,0.0,T2D
6.69108,2.6613,2.63433,2.91717,3.34179,1.57721,7.6512,14.00408,1.31229,36.57608,0.55796,0.00362,0.0,0.0,2.88739,0.00327,0.80389,0.0,0.3711,0.0,0.0,0.0,0.0,1.06719,0.35019,0.0,1.33712,0.0,0.62939,0.0,0.0,0.01514,0.1651,1.06059,0.92648,0.11104,0.0,0.0,0.03221,0.0,0.30309,0.0,0.0,0.07214,0.0,0.0,0.0,0.0,0.15557,0.0,0.42444,0.2433,0.01761,0.0,0.0,0.10977,0.02199,0.32249,0.0,0.0,0.013,0.0,0.04055,0.0,0.01955,0.0,0.0,0.0102,0.0,0.0,0.0,0.01058,0.02465,0.01688,0.00241,0.01321,0.4343,0.00464,0.23167,0.0,0.0,0.0058,0.03697,0.01223,0.00775,0.0,0.0,0.32131,0.0,0.0,0.0,0.04408,0.16284,0.15571,0.0,0.0,0.0,1.18012,0.0,0.02911,0.12308,0.56922,0.0,0.0,0.0,0.0,0.0,0.0,0.0,0.0,0.0,0.0,0.0,0.0,0.24022,0.0,0.0,0.0,0.06125,0.05465,0.13917,0.0,0.0,1.38906,0.0,0.0,0.0,0.24806,0.0,0.0,0.0,0.0,0.0,0.0,0.0,0.04947,0.0,0.0,0.0,0.0,0.0,0.0,0.0,0.0,0.0,0.0,0.0,0.01391,0.0,0.0,0.0,0.0,0.0,0.00572,0.0,0.0,0.0,0.04048,0.0,2.13785,0.0,0.0,0.0,0.0,0.0,0.0,0.0,0.0,0.0,0.0,0.17481,0.0,0.0,0.0,0.0,0.0,0.00183,0.0,0.0,0.0,0.0,0.0,0.0,0.0,0.0,0.0,0.0,0.0,0.0,0.0,0.0189,0.27938,0.0,0.0,0.0,0.0,0.0,0.0,0.0,0.0,0.0,0.01543,0.0,0.0,0.0,0.00271,0.01425,0.0,0.00595,0.0,0.0,0.0,0.0,0.0,0.0,0.01133,0.01009,0.0,0.00702,0.0,0.00167,0.01225,0.0,0.0,0.00338,0.0,0.00296,0.0,0.0,0.0,0.0,0.0,0.0,0.0,0.0,0.0,0.0,0.0,0.0,0.00557,0.02775,0.0,0.0,0.0,0.0,0.0,0.0,0.0,0.0,0.0,0.0,0.0,0.0,0.00348,0.0,0.0,0.0,0.0,0.0,0.0,0.0,0.0,0.0,0.0,0.0,0.0,0.0,0.0,0.0,0.0,0.0,0.0,0.0,0.0,0.00555,0.0,0.0,0.0,0.0,0.0,0.0,0.0,0.0,0.0,0.0,0.0,0.0,0.0,0.0,0.0,0.0,0.0,0.0,0.0,0.0,0.0,0.0,0.0,0.0,0.0,0.0,0.0,0.0,0.0,0.0,0.0,0.01196,0.0,0.0,0.0,0.0,0.0,0.0,0.0,0.0,0.0,0.0,0.0,0.00236,0.0,0.0,0.0,0.0,0.0,0.0,0.0,0.0,0.0,0.0,0.0,0.0,0.0,0.0,0.0,0.0,0.0,0.0,0.0,0.0,0.0,0.0,0.0,0.0,0.0,0.0,0.0,0.0,0.0,0.0,0.0,0.0,0.0,0.0,0.0,0.0,0.0,0.0,0.0,0.0,0.0,0.0,0.0,0.0,0.0,0.0,0.0,0.0,0.0,0.0,0.0,0.0,0.0,0.0,0.0,0.0,0.0,0.0,0.0,0.0,0.0,0.0,0.0,0.0,0.0,0.0,0.0,0.0,0.0,0.0,0.0,0.0,0.0,0.0,0.0,0.0,0.0,0.0,0.0,0.0,0.0,0.0,0.0,0.0,0.0,0.0,0.0,0.0,0.0,0.0,0.0,0.0,0.0,0.0,0.0,0.0,0.0,0.0,0.0,0.0,0.0,0.0,0.0,0.0,0.0,0.0,0.0,0.0,0.0,0.0,0.0,0.0,0.0,0.0,0.0,0.0,0.0,0.0,0.0,0.0,0.0,0.0,0.0,0.0,0.0,0.0,0.0,0.0,0.0,0.0,0.0,0.0,0.0,0.0,0.0,0.0,0.0,0.0,0.0,0.0,0.0,0.0,0.0,0.0,0.0,0.0,0.0,0.0,0.0,0.0,0.0,0.0,0.0,0.0,0.0,0.0,0.0,0.0,0.0,0.0,0.0,0.0,0.0,0.0,0.0,0.0,0.0,0.0,0.0,0.0,0.0,0.0,0.0,0.0,0.0,0.0,0.0,0.0,0.0,T2D
5.47194,0.73745,2.0042,0.21716,0.3939,1.39898,0.35799,5.89138,1.28435,7.15658,4.47322,0.12106,0.19428,0.06057,3.19878,0.0,1.13513,1.08298,0.0,1.66582,1.7382,2.40773,2.61517,0.95262,0.11744,0.0,0.23636,0.0,0.78612,2.38106,0.5981,0.05708,0.03966,0.0,0.13545,0.29399,0.0,1.52785,0.41278,0.52851,0.06324,0.0,0.12447,0.02546,0.0,0.0,0.0,0.14312,0.10768,0.11767,0.40914,0.65438,0.0,0.02564,0.0,0.01807,0.0,0.1637,0.0,0.01216,0.0,0.0,0.0,0.0,0.00434,0.11378,0.0,0.0003,0.09684,0.0,0.0,0.0,0.24054,0.00517,0.0,0.05401,2.30945,0.0,0.0,0.0,0.0,0.0,0.00249,0.0,0.0,0.0,5.80206,8.64257,0.0,0.0,0.0,0.0,0.0,0.00259,0.0,0.00881,0.33347,0.0,1.23334,0.2749,0.07137,0.05289,0.44643,0.00441,0.50676,0.0,0.0,0.01412,0.05787,0.0,1.03842,0.05222,0.30227,0.08168,0.11168,0.16426,0.0,0.0,0.0,0.0,0.0,0.0,0.0,0.0,0.0,0.0,0.0,0.0,0.131,0.0,0.0,0.0,0.0,0.0,0.0,0.0,0.0,2.08924,0.0,0.1612,0.0,0.66894,0.0,0.0,0.04999,0.0,0.0,0.03916,0.0,0.0,0.03316,0.0,0.0,0.00237,0.20843,0.0,0.0,0.0,0.0017,0.0,0.0,0.0,0.0,0.0,0.0,0.0,0.0,0.0,0.0,0.0,0.0,0.0,0.0,0.0,0.0,0.0,0.0,0.0,0.43752,0.0,0.0,0.0,0.0,0.00199,0.0,0.0,0.0,0.0,5.52412,0.0,0.0,0.07276,0.0,0.0,0.0,0.0,0.09221,0.0,0.0,0.0,0.0,0.0,0.0,0.0,0.0,0.0118,0.0,0.0,0.0,0.0,0.0,0.0,0.0,0.0,0.00063,0.0,0.0,0.0,0.0,0.0,0.0,0.0,0.0,0.0,0.0,0.0,0.0,0.0,0.0,0.0,0.0,0.0,0.0,0.0,0.0,0.0,0.0,0.0,0.0,0.00978,0.0,0.03961,1.09718,0.0,0.0,0.22559,0.0,0.0,0.0,0.0,0.0,0.0,0.0,0.0,0.0,0.0,0.0,0.0,0.0,0.0,0.0,0.0,0.0,0.00629,0.0,0.0,0.0,0.0,0.0,0.0,0.0,0.0,0.0,0.0,0.0,0.0,0.0,0.0,0.0,0.0,0.0,0.0,0.0,0.0,0.0,0.0,0.0,0.0,0.0,0.0,0.0,0.0,0.0,0.0,0.0,0.0,0.0,0.0,0.0,0.0,0.0,0.0,0.0,0.0,0.0,0.0,0.0,0.0,0.0,0.0,0.0,0.0,0.0,0.0,0.0,0.0,0.0,0.0,0.0,0.0,0.0,0.0,0.0,0.0,0.0,0.0,0.0,0.0,0.0,0.0,0.0,0.0,0.0,0.0,0.0,0.0,0.0,0.0,0.0,0.0,0.0,0.0,0.0,0.0,0.0,0.0,0.0,0.0,0.0,0.0,0.0,0.0,0.0,0.0,0.0,0.0,0.0,0.0,0.0,0.0,0.0,0.0,0.0,0.0,0.0,0.0,0.0,0.0,0.0,0.0,0.0,0.0,0.0,0.0,0.0,0.0,0.0,0.0,0.0,0.0,0.0,0.0,0.0,0.0,0.0,0.0,0.0,0.0,0.0,0.0,0.0,0.0,0.0,0.0,0.0,0.0,0.0,0.0,0.0,0.0,0.0,0.0,0.0,0.0,0.0,0.0,0.0,0.0,0.0,0.0,0.0,0.0,0.0,0.0,0.0,0.0,0.0,0.0,0.0,0.0,0.0,0.0,0.0,0.0,0.0,0.0,0.0,0.0,0.0,0.0,0.0,0.0,0.0,0.0,0.0,0.0,0.0,0.0,0.0,0.0,0.0,0.0,0.0,0.0,0.0,0.0,0.0,0.0,0.0,0.0,0.0,0.0,0.0,0.0,0.0,0.0,0.0,0.0,0.0,0.0,0.0,0.0,0.0,0.0,0.0,0.0,0.0,0.0,0.0,0.0,0.0,0.0,0.0,0.0,0.0,0.0,13.51887,0.0,0.0,0.0,0.0,0.0,0.0,0.0,0.0,0.0,0.0,0.0,0.0,0.0,0.0,0.0,0.0,0.0,0.0,0.0,0.0,0.0,healthy
17.29484,2.48822,2.20847,4.25359,2.61201,0.38312,4.69656,7.14552,0.80028,4.18999,0.9035,0.27862,0.06744,1.02644,2.41694,0.19309,0.39645,0.0,0.36301,0.0,0.08255,0.0,0.14831,0.80968,0.96114,0.0,0.5848,0.0,0.255,0.13641,0.09923,0.01393,0.08631,0.08303,0.19699,0.21142,0.0,0.01924,0.1788,0.01705,0.0,0.0,0.00498,0.59059,0.10429,0.09213,0.00931,0.04377,0.05148,0.0,0.0379,0.0,0.0,0.00445,0.0,0.03579,0.0,0.1544,0.00478,0.0,0.01073,0.00936,0.0,0.0,0.27295,0.15066,0.0,0.08574,0.0,0.00291,0.00262,0.0,0.01089,0.01049,0.23695,0.004,0.02377,0.04478,0.0,0.0016,0.0,0.0,0.01382,0.0,0.01499,0.0,13.81506,0.0,0.0,0.14729,11.51421,0.0,0.0,1.21336,0.0,0.0,0.0,0.01123,0.04159,0.04825,0.03571,0.08265,0.0,0.0,0.0,0.0,0.72787,0.0,0.0,0.0,0.03216,0.0184,0.10909,0.00994,0.0,0.0,0.0,0.0,0.0,0.0,0.03201,0.0,0.0,0.0,0.21053,0.0825,0.0872,0.0,0.0,0.0,0.0,0.0,0.0038,0.0,0.0,0.0,0.0,0.26661,0.0,0.0,0.0,0.0,0.0,0.0,0.0,0.0,0.0,0.01256,0.0,0.0,0.0,0.0,0.75882,0.0037,0.0,0.0,0.0428,0.0,0.0,1.18222,0.0,0.0,7.59709,0.0,0.0,0.0,0.0,0.0,0.0,0.0,0.00095,0.0,0.0,0.0,0.0,0.0,0.0,0.0,0.0,0.0,0.0,0.0,0.0,0.0,0.0,0.0,0.0,0.0,0.0,0.0,0.0,1.10719,0.00303,0.0,0.0,2.77207,0.0,0.0,0.0,0.0,0.0,0.01642,0.0,0.0,0.0002,0.0,0.0,0.0,0.0,0.0,0.0,0.00194,0.0,0.0,0.00275,0.0,0.0,0.0,0.0,0.0,0.00424,0.0081,0.0,0.0,0.00334,0.0,0.0,0.0,0.0,0.0,0.0,0.0,0.0,0.0,0.0,0.0,0.0,0.0,0.0,0.01679,0.0,0.0,0.0,0.0006,0.01775,0.0,0.0,0.0,0.0,0.0,0.0,0.0,0.0,0.0,0.0,0.0,0.0,0.0,0.0,0.00096,0.0,0.0,0.0,0.0,0.0032,0.0,0.0,0.0,0.0,0.0,0.05633,0.0,0.0,0.00667,0.01108,0.0,0.0,0.0,0.0,0.0,0.0,0.0,0.0,0.0,0.0,0.0,0.07531,0.0,0.0,0.0,0.01001,0.0,0.0,0.0,0.0,0.0,0.0,0.0,0.0,0.0,0.0,0.0,0.0,0.0,0.0,0.00598,0.02845,0.0,0.0,0.0,0.0,0.0,0.0,0.0,0.0,0.0,0.0,0.0,0.0,0.0,0.0,0.0,0.0,0.0,0.0,0.0,0.0,0.0,0.0,0.0,0.0,0.0,0.0,0.0,0.0,0.0,0.0,0.0,0.0,0.0,0.0,0.0,0.0,0.00138,0.0,0.0,0.0,0.0,0.0,0.0,0.0,0.0,0.0,0.0,0.0,0.0,0.0,0.0,0.0,0.0,0.0,0.0,0.0,0.01609,0.0,0.0,0.0,0.0,0.0,0.0,0.0,0.0,0.0,0.0,0.0,0.0,0.0,0.0,0.0,0.0,0.0,0.0,0.0,0.0,0.0,0.0,0.0,0.0,0.0,0.0,0.0,0.0,0.0,0.0,0.0,0.0,0.0,0.0,0.0,0.0,0.0,0.0,0.0,0.0,0.0,0.0,0.0,0.0,0.0,0.0,0.0,0.0,0.0,0.0,0.0,0.0,0.0,0.0,0.0,0.0,0.0,0.0,0.0,0.0,0.0,0.0,0.0,0.0,0.0,0.0,0.0,0.0,0.0,0.0,0.0,0.0,0.0,0.0,0.0,0.0,0.0,0.0,0.0,0.0,0.0,0.0,0.0,0.0,0.0,0.0,0.0,0.0,0.0,0.0,0.0,0.0,0.0,0.0,0.0,0.0,0.0,0.0,0.0,0.0,0.0,0.0,0.0,0.0,0.0,0.0,0.0,0.0,0.0,0.02234,0.0,0.0,0.0,0.01295,0.0,0.0,0.0,0.0,0.0,0.0,0.0,0.0,0.0,0.0,0.0,0.0,0.0,0.0,0.0,0.0,0.0,0.0,0.0,0.0,T2D
4.7237,4.95177,3.88255,1.15063,0.34799,1.06813,13.15827,4.64008,2.53116,11.40157,1.06426,0.09981,0.0,3.4207,4.5791,0.0,0.57903,0.0,0.0,0.20176,0.0,0.0,0.7925,1.4326,2.0373,0.26938,1.30652,0.0,0.31362,0.03349,0.0,0.09774,0.11835,0.1874,0.4792,0.41958,0.0,0.03923,0.00693,0.00678,0.1054,2.20837,0.0,0.07224,0.0,0.0,0.06088,0.12278,0.00136,0.02061,0.47444,0.0,0.00806,0.0022,0.0,0.05894,0.24633,0.00067,0.0,0.0,0.0,0.0,0.00981,0.0,0.0687,0.0,0.0,0.0,0.0,0.0,0.0,0.17422,0.0,0.0031,0.0,0.00027,0.24843,0.0,0.48589,0.004,0.00097,0.00212,0.04092,0.00425,0.0285,0.0,9.57823,0.15624,0.0,0.40287,0.0,0.0,1.20662,0.00349,0.0,0.0,0.0,0.1207,0.00133,0.0,0.24866,0.29148,0.0,0.0,0.0,0.0,0.02679,0.0,0.0,0.0,0.0,0.05238,0.00999,0.0,0.0,0.0,0.0,0.0,0.0,0.0,0.0,1.40379,0.0,0.0,2.02691,0.0,0.0,0.0,0.0,0.0,0.0,0.0,0.00601,0.0,0.0,0.03506,0.0,1.27808,0.0,0.0,0.0,0.0,0.0,0.0,0.17394,0.0,0.0,0.0,0.0,0.0,0.0,0.0,0.0,0.00764,0.0,0.0,0.0,0.0,0.0,0.0,0.0,0.0547,0.0,0.08799,0.24808,0.0,0.0,0.0,0.0,0.0,0.05025,0.0,0.0,0.0,0.0,0.00474,0.00854,0.0,0.0,0.00596,0.0,0.02166,0.0,0.00022,0.02249,0.0,0.0,0.0,7.77573,0.0,0.0,1.71647,0.0,0.0,0.0,0.0,2.06232,0.0,0.0,0.0,0.0,0.00428,0.0,0.0,0.00399,0.0003,0.63214,0.0,0.00165,0.0,0.0,0.0,0.0,0.0,0.06168,0.00816,0.0,0.00406,0.0,0.0,0.00025,0.01224,0.0,0.0,0.00132,0.0,0.00059,0.0,0.0,0.0,0.0,0.0,0.0,0.0,0.0,0.0,0.00075,0.0,0.0,0.00244,0.01018,0.0,0.0,0.0,0.0,0.0,0.0,0.0,0.0,0.0,0.0,0.0,0.0,0.00272,0.00938,0.0,0.0,0.0,0.0,0.0,0.0,0.0,0.0,0.0,0.0,0.0,0.0,0.0,0.0,0.0,0.0,0.0,0.0,0.0,0.00624,0.0,0.0,0.0,0.0,0.0,0.0,0.0,0.0,0.0,0.0,0.0,0.0,0.0,0.0,0.0,0.0,0.0,0.0,0.0,0.00613,0.0,0.0,0.0,0.0,0.0,0.0,0.0,0.0,0.0,0.0,0.0,0.0,0.0,0.0,0.0,0.0,0.0,0.0,0.0,0.0,0.0,0.0,0.0,0.0,0.0,0.0,0.0,0.0,0.0,0.0,0.0,0.0,0.00111,0.0,0.0,0.0,0.0,0.0,0.0,0.0,0.0,0.0,0.0,0.0,0.0,0.0,0.0,0.0,0.0,0.0,0.0,0.0,0.0,0.0,0.0,0.0,0.0,0.0,0.0,0.0,0.0,0.0,0.0,0.0,0.0,0.0,0.0,0.0,0.0,0.0,0.0,0.0,0.0,0.0,0.0,0.0,0.0,0.0,0.0,0.0,0.0,0.0,0.0,0.0,0.0,0.0,0.0,0.0,0.0,0.0,0.0,0.0,0.0,0.0,0.0,0.0,0.0,0.0,0.0,0.0,0.0,0.0,0.0,0.0,0.0,0.0,0.0,0.0,0.0,0.0,0.0,0.0,0.0,0.0,0.0,0.0,0.0,0.0,0.0,0.0,0.0,0.0,0.0,0.0,0.0,0.0,0.0,0.0,0.0,0.0,0.0,0.0,0.0,0.0,0.0,0.0,0.0,0.0,0.0,0.0,0.0,0.0,0.0,0.0,0.0,0.0,0.0,0.0,0.0,0.0,0.0,0.0,0.0,0.0,0.0,0.0,0.0,0.0,0.0,0.0,0.0,0.0,0.0,0.0,0.0,0.0,0.0,0.0,0.0,0.0,0.0,0.0,0.0,0.0,0.0,0.0,0.0,0.0,0.0,0.0,0.0,0.0,0.0,0.00211,0.0,0.0,0.0,0.0,0.0,0.0,0.0,0.0,0.0,0.0,0.0,0.0,0.0,0.0,0.0,0.0,0.0,0.0,0.0,T2D
9.03928,0.75311,3.34757,1.49795,1.11798,7.76652,2.77333,1.75128,0.86541,0.00332,0.31245,0.24253,0.94375,0.0,2.1269,0.0,2.61206,1.72932,0.32686,5.13353,0.0,0.0,4.01765,0.77474,0.03654,2.1056,0.22841,0.0,0.2812,2.21038,0.0,0.02215,0.03552,0.0477,0.07481,0.45409,0.0,0.0,0.0,0.71487,0.21193,0.0,0.00918,0.02409,0.0,0.26208,0.10768,1.08376,0.01987,0.00063,0.64606,0.27021,0.0,0.0,0.00377,0.00918,0.0,0.01743,0.0,0.0,0.0,0.0,0.10603,0.0,0.02654,0.0,0.0,0.00201,0.0,0.0,0.0,0.0,0.19205,0.00358,0.0,0.01676,0.66779,0.00415,0.0,0.0,0.0,0.0,0.01005,0.0,0.00712,0.0,0.0,1.5439,4.48813,0.88747,2.63524,0.0,0.0966,1.9848,0.0,0.02289,0.0,0.04955,0.43653,0.29301,0.69504,0.40646,0.26926,0.36971,0.17072,0.0,0.14447,0.0,0.02998,0.0,0.0,0.05768,0.02819,0.0,0.15723,0.0,0.0,0.04689,0.01098,0.0,5.53262,0.0,0.0,0.0,0.0,0.56216,0.50591,0.0,0.0,0.0,1.51499,0.0,0.0,0.02383,0.0,0.0,0.0,0.1034,0.0,0.0,0.0,0.0,0.0,0.0,0.0,0.0,0.0,0.23306,0.0,0.0,0.0,0.0,0.0,0.01296,0.09471,0.23874,0.07228,0.0,0.00119,0.0,0.0,0.00055,0.0,0.0,0.0,0.0,0.0,0.0,0.0,0.0,0.0,0.03835,0.0,0.0,0.0,0.00751,0.0,0.0,0.33003,0.0,0.0,0.0,0.0,0.0,0.0,0.0,0.0,0.0,7.45555,0.03174,0.64382,0.0,0.0,0.02188,0.00082,0.0,0.0,0.0,1.24001,0.0,0.0,0.0,0.0,0.0,0.0,0.0,0.0,0.0,0.0,0.0,0.0,0.0,0.0,0.0,0.0,0.0,0.0,0.0,0.0,0.0,0.0,0.0,0.0,0.0,0.0,0.05229,0.0,0.0,0.0,0.0,0.0,0.0,0.0,0.0,0.0,0.0,0.0,0.0,0.0,0.0,0.0,0.0,0.0,0.00676,0.0,0.0,0.0,0.0,0.0,0.0,0.0,0.0,0.0,0.00443,0.0,0.0,0.0,0.0,0.0,0.0,0.0,0.0,0.0,0.0,0.0,0.0,0.0,0.0,0.0,0.0,0.03048,0.0,0.0,0.0,0.00096,0.0,0.0,0.0,0.0,0.01495,0.0,0.0,0.0,0.0,0.0,0.0,0.0,0.0,0.0,0.0,0.0,0.0,0.0,0.0,0.0,0.0,0.0,0.0,0.0,0.0,0.0,0.0,0.0,0.0,0.0,0.0,0.09701,0.0,0.0,0.0,0.0,7.84797,0.0,0.0,0.06646,0.0,0.0,0.0,0.0,0.0,0.79715,0.0,0.0,0.0,0.0,0.0,0.06592,0.0,0.0,0.0,0.0,0.0,0.0,0.0,0.0,0.0,0.0,0.0,0.0,0.0,0.0,0.0,0.0,0.0,0.0,0.0,0.0,0.0,0.0,0.0,0.0,0.0,0.0,0.0,0.0,0.0,0.0,0.0,0.0,0.0,0.00237,0.0,0.0,0.0,0.0,0.0,0.0,0.0,0.0,0.0,0.0,0.0,0.0,0.0,0.0,0.0,0.0,0.0,0.36336,0.0,0.0,0.0,0.0,0.0,0.0,0.0,0.0,0.0,0.0,0.0,0.0,0.0,0.0,0.0,0.0,0.0,0.0,0.0,0.0,0.0,0.0,0.0,0.0,0.0,0.0,0.0,0.0,0.0,0.0,0.0,0.0,0.0,0.0,0.0,0.0,0.0,0.0,0.0,0.0,0.0,0.0,0.0,0.0,0.0,0.0,0.0,0.0,0.0,0.0,0.0,0.0,0.0,0.0,0.0,0.0,0.0,0.0,0.0,0.0,0.0,0.0,0.0,0.0,0.0,0.0,0.0,0.0,0.0,0.0,0.0,0.0,0.0,0.0,0.0,0.0,0.0,0.02002,0.0,0.0,0.0,0.0,0.0,0.0,0.0,0.0,0.0,0.0,0.0,0.0,0.0,0.0,0.0,0.0,0.0,0.0,0.0,0.0,0.0,0.0,0.0,0.0,0.0,0.0,0.0,0.0,0.0,0.0,0.0,0.0,0.0,0.0,0.0,0.0,0.0,0.0,0.0,0.0,0.0,T2D
1.10526,0.0,1.67458,0.15908,0.0,10.73429,4.19398,0.0,5.01219,8.44226,9.53734,0.0,0.0,0.03549,5.1436,0.0,0.19628,0.0,0.0,0.06114,0.0,0.0,0.00491,0.53884,1.84801,0.0054,0.0,0.0,0.0,0.04891,0.0,0.16871,0.05056,5.44167,3.68139,0.0,0.12313,0.0,0.0,0.0,0.42604,0.0,0.0,0.91815,0.0,0.04738,0.0,0.008,0.0,0.0,1.617,0.10017,0.0,0.0,0.0,0.49827,0.0,0.0,0.0,0.0,0.0,0.01253,0.03543,0.0,0.86308,0.0,0.0,0.0,0.0,0.0,0.04313,0.67121,0.0,0.0,0.0,0.0,0.25504,6.32545,0.0,0.0,0.0,0.0,0.01773,0.0,0.01078,0.0,0.1185,0.29398,0.0,3.55327,0.06184,1.79241,4.6445,0.0,0.0,0.0,0.0,0.0,0.0,0.0,0.53842,0.0,0.0,0.0,0.0,0.0,0.0,0.0,0.0,0.0,0.0,0.0,0.00453,0.0,0.0,0.0,0.0,0.0,0.0,0.0,0.0,0.0,0.0,0.0,0.0,0.0,0.0,0.0,0.0,0.0,0.0,0.0,0.0,0.26322,0.0,0.02833,0.0,0.0,0.35652,0.0,0.0,0.0,0.00514,0.0,0.0,0.0,0.0,0.54133,0.0,0.0,0.0,0.0,0.0,0.0,0.0,0.0,0.0,0.29131,0.0,0.0,0.0,0.0,0.0,2.38798,0.98585,0.0,0.0,0.0,0.0,0.0,0.0,0.29703,0.0,0.0,0.0,0.70942,0.0,0.0,0.0,0.0,0.0,0.0,0.0,0.0,0.0,0.0,0.0,0.0,0.055,0.0,0.0,2.85133,0.0,0.0,0.0,0.0,0.0,0.0,0.0,0.0,0.0,0.0,0.0,0.0,0.00082,0.00236,0.0,0.0,0.0,0.0,0.0,0.0,0.0,0.0,0.0,0.0,0.0,2.74021,0.0,0.0,0.0,0.0,0.0,0.0,0.0,0.20113,0.0,0.0,0.0,0.0,0.0,0.0,0.0,0.0,0.0,0.0,0.76668,0.0,0.0,0.0,0.0,0.0,0.0,0.0,0.0,0.0,0.0,0.0,0.0,0.0,0.0,0.0,0.0,0.09942,0.0,0.0,0.0,0.0,0.0,0.0,0.0,0.0,0.0,0.0,0.0,0.0,0.0,0.0,0.0,0.0,0.64259,0.0,0.0,0.0,0.01475,0.0,0.0,0.0,0.0,0.0,0.0,0.0,0.0,0.0,0.0,0.0,0.0,0.0,0.0,0.0,0.0,0.0,0.0,0.29705,0.0,0.0,0.0,0.0,0.0,0.0,0.0,0.0,0.00342,0.0,0.0,0.0,0.06509,0.0,0.0,0.0,0.0,0.0,0.0,0.0,0.0,0.0,0.0,0.0,0.0,0.0,0.0,0.0,0.0,0.05434,0.0,0.0,0.08902,0.0,0.04628,0.0,3.25886,0.0,0.0,0.0,0.0,0.0,0.0,0.0,0.0,0.0,0.0,0.0,0.0,0.0,0.0,0.0,0.0,0.0,0.0,0.0,0.0,0.0,0.0,0.0,0.07185,0.0,0.0,0.0,0.0,0.0,0.51828,0.0,0.0,0.0,0.0,0.0,0.0,0.0,0.0,0.0,0.0,0.0,0.0,0.0,0.0,0.0,0.0,0.0,1.17985,0.0,0.0,0.0,0.03619,0.0,0.0,0.0,0.0,0.0,0.0,0.0,0.0,0.0,0.0,0.0,0.0,0.0,0.0,0.0,0.0,0.0,0.0,0.0,0.0,0.0,0.0,0.0,0.0,0.0,0.0,0.0,0.0,0.0,0.0,0.0,0.0,0.0,0.0,0.0,0.0,0.0,0.0,0.0,0.0,0.0,0.0,0.0,0.0,0.0,0.0,0.0,0.0,0.0,0.0,0.0,0.0,0.0,0.0,0.0,0.0,0.0,0.0,0.0,0.0,0.0,0.0,0.0,0.0,0.0,0.0,0.0,0.0,0.0,0.0,0.0,0.0,0.0,0.0,0.0,0.0,0.0,0.0,0.0,0.0,0.0,0.0,0.0,0.0,0.0,0.0,0.0,0.0,0.0,0.0,0.0,0.0,0.0,0.0,0.0,0.0,0.0,0.01093,0.0,0.0,0.0,0.0,0.0,0.0,0.0,0.0,0.0,0.0,0.0,0.0,0.0,0.0,0.0,0.0,0.0,T2D
14.58511,2.2636,7.2993,2.9525,1.91525,7.81993,0.00193,2.20275,0.17518,3.22586,10.37465,0.00267,0.70428,4.34605,2.86192,0.63701,0.0,0.0,0.0,5.25973,0.0,0.82605,0.0,0.93689,0.0,0.0,0.22874,0.0,1.88258,0.39108,0.0,0.51275,0.14893,0.0,0.83438,0.25764,0.01443,0.30257,2.72316,0.01007,0.96284,4.17441,0.55621,0.26385,0.36147,0.0,0.0,0.40268,0.00463,0.15521,0.0,0.56091,0.04567,0.0,0.00745,0.03529,0.77972,0.0047,0.0,0.09392,0.0,0.0,0.20108,0.0,0.08652,0.11225,0.00054,0.0,0.03997,0.0,0.0,0.89743,0.0,0.01288,0.10932,0.25179,0.76519,0.0,0.14345,0.00328,0.0,0.0,0.00053,0.00881,0.0,0.0,2.95003,2.06104,0.0,0.0,0.0,1.67508,0.15601,0.16683,0.0,0.0,0.16567,0.09603,0.001,0.09856,0.94525,0.33823,0.0,0.0,0.0,0.0,0.0,0.01658,0.0,0.0,0.02272,0.0,0.4641,0.0,0.0,0.0,0.0,0.0,0.16891,0.0,0.0,0.0,0.0,0.0,0.0,0.0,0.0,0.0,0.00511,0.1374,0.35915,0.0,0.0,0.0,0.0,0.0,0.14235,0.0,0.0,0.0,0.0,0.0,0.0,0.01091,0.0,0.0,0.0,0.0,0.0,0.0,0.0,0.0,0.08171,0.0,0.0,0.0,0.05096,0.03402,0.0,0.0,0.0,0.0,0.0,0.0,0.0,0.0,0.0,0.0,0.0,0.0,0.03095,0.0,0.0,0.0,0.0,0.00026,0.00527,0.0,0.0,0.0091,0.0,0.0,0.0,0.0,0.03334,0.04113,0.0,0.0,0.0,0.0,0.0,0.0,0.0,0.0,0.51555,0.0,0.1678,0.06775,0.0,0.0,0.0,0.0,0.0,0.0,0.0,0.00036,0.0,0.0,0.0028,0.0,0.0,0.0,0.0,0.0,0.02089,0.0,0.02891,0.0,0.0,0.0,0.0,0.0,0.0,0.0,0.0,0.0,0.0,0.0,0.0,0.0,1.38392,0.0,0.0,0.0,0.0,0.0,0.0,0.0,0.0,0.00104,0.0,0.0,0.0,0.0,0.0,0.0,0.0,0.02604,0.0,0.0,0.0,0.0,0.0,0.0,0.0,0.0,0.0,0.0,0.0,0.0,0.0,0.0,0.00952,0.0,0.0,0.0,0.05257,0.0,0.0,0.03371,0.0,0.0,0.0,0.0,0.0,0.0,0.0,0.0,0.0,0.0,0.0,0.0,0.0,0.0,0.0,0.0,0.0,0.0,0.0,0.0,0.0,0.0,0.0,0.0,0.0,0.0,0.0,0.0,0.0,0.0,0.0,0.0,0.0,0.0,0.0,0.0,0.0,0.0,0.0,0.0,0.0,0.0,0.0,0.0,0.0,0.0,0.0,0.0,0.0,0.0,0.0,0.0,0.0,0.0,0.0,0.0,0.0,0.0,0.0,0.0,0.0,0.0,0.0,0.0,0.0,0.0,0.0,0.0,0.0,0.0,0.0,0.0,0.0,0.0,0.0,0.0,0.0,0.0,0.0,0.0,0.0,0.0,0.0,0.0,0.00456,0.0,0.0,0.0,0.0,0.0,0.0,0.0,0.0,0.0,0.0,0.0,0.0,0.0,0.0,0.0,0.0,0.0,0.0,0.0,0.0,0.0,0.0,0.0,0.0,0.0,0.0,0.0,0.0,0.0,0.0,0.0,0.0,0.0,0.0,0.0,0.0,0.0,0.0,0.0,0.0,0.0,0.0,0.0,0.0,0.0,0.0,0.0,0.0,0.0,0.0,0.0,0.0,0.0,0.0,0.0,0.0,0.0,0.0,0.0,0.0,0.0,0.0,0.0,0.0,0.0,0.0,0.0,0.0,0.0,0.0,0.0,0.0,0.0,0.0,0.0,0.0,0.0,0.0,0.0,0.0,0.0,0.0,0.0,0.0,0.0,0.0,0.0,0.0,0.0,0.0,0.0,0.0,0.0,0.0034,0.0,0.0,0.0,0.0,0.0,0.0,0.0,0.0,0.0,0.0,0.0,0.0,0.0,0.0,0.0,0.0,0.0,0.0,0.0,0.0,0.05117,0.0,0.0,0.0,0.0,0.0,0.0,0.0,0.0,0.0,0.0,0.0,0.61791,0.00078,0.0,0.0,0.0,0.0,0.0,0.0,0.0,0.0,0.0,0.0,0.0,0.0,0.0,0.0,0.0,T2D
6.30793,0.7359,1.72528,1.67397,0.61538,4.38175,7.03023,8.07873,0.92052,1.33075,0.17264,0.16587,0.0,0.0,0.43541,0.0,0.16146,0.06067,0.0,0.6769,0.0,0.75571,2.97262,0.10179,5.42377,0.0,0.12142,0.0,0.07654,0.42206,1.0561,0.00811,0.0464,0.0,0.13466,0.10561,0.0,0.1756,0.30311,0.0,0.0,0.0,0.0,0.00426,0.0,0.0,0.0,0.03056,0.01789,0.44014,1.43933,0.06706,0.0,0.78708,0.0,0.03508,3.01004,0.03436,0.0,0.0,0.0,0.0,0.0,0.0,0.0,0.0,0.00526,0.0,0.00035,0.0,0.0,0.0,0.0849,0.00097,0.0,0.01697,0.01875,0.0,0.0,0.0,0.0,0.0,0.03332,0.0,0.01664,0.0,9.16512,2.40807,0.0,0.0,6.69234,0.68381,0.0,0.18345,0.0,0.24393,0.0117,0.17221,0.41708,0.31603,0.1881,0.0,0.0,0.0,0.11863,0.0,0.0,0.0,0.0023,0.0,0.0,0.0,3.59773,0.0,0.0,0.0,0.0,0.0,0.0,0.0,0.0,0.0,0.0,0.0,0.0,0.0,0.0,0.88633,0.0,0.0,0.0,0.0,0.0,0.0,0.0,0.0,0.0,1.77221,0.0,0.00346,0.0,0.0,0.0,0.0,0.0,0.0,0.0,0.0,0.0,1.32875,0.0,0.0,0.00062,0.00484,0.0,0.0,0.28183,0.0,0.00164,0.0,0.0,0.0,0.0,0.0,0.0,0.0,0.0,0.0,0.0,0.0,0.0,0.0,0.0,0.17279,0.0,0.0,0.0,0.0,0.0,0.0,0.0,0.0,0.0,0.0,0.0,0.01489,0.0,0.0,0.0,0.0,0.0,0.0,0.0,0.0,0.0,0.0,0.0,0.0,0.0,0.0,0.01568,0.0,0.0,0.0,0.0,0.0,0.0,0.0,0.0,0.0707,0.0,0.0,0.0,0.0,0.0,0.0,0.0,0.0,0.0,0.0,0.0,0.00175,0.0,0.0,0.0,0.0,0.0,0.0,0.0,0.0,0.0,0.0,0.0,0.0,0.0,0.0,0.0,0.0,0.0,0.00392,0.0,0.0,0.0,0.0,0.0,0.0,0.0,0.0,0.0,0.0,0.0,0.0,0.0,0.0,0.0,0.0,0.0,0.0,0.0,0.0,0.02706,0.0,0.0,0.0,0.0,0.0,0.00612,0.0,0.0,0.0,0.0,0.0,0.0,0.0,0.00987,0.0,0.0,0.0,0.0,0.0,0.0,0.0,0.0,0.0,0.0,0.0,0.0,0.0,0.0,0.0,0.0,0.0,0.0,0.0,0.0,0.0,0.0,0.0,0.0,0.0,0.0,0.0,0.0,0.0,0.0,0.0,0.01081,0.0,0.0,0.0,0.0,0.0,0.0,0.0,0.0,0.0,0.0,0.0,0.0,0.0,0.0,0.0,0.0,0.0,0.0,0.0,0.0,0.0,0.0,0.0,0.0,0.0,0.0,0.0,0.0,5.86907,0.0,0.0,0.0,0.0,0.0,0.0,0.0,0.0,0.0,0.0,0.0,0.0,0.0,0.0,0.0,0.0,0.0,0.0,0.0,0.0,0.0,0.0,0.0,0.0,0.0,0.0,0.0,0.0,0.0,0.0,0.0,0.0,0.0,0.0,0.0,0.0,0.0,0.0,0.0,0.0,0.0,0.0,0.0,0.0,0.0,0.0,0.0,0.0,0.0,0.0,0.0,0.0,0.0,0.0,0.0,0.0,0.0,0.0,0.0,0.0,0.0,0.0,0.0,0.0,0.0,0.0,0.0,0.0,0.0,0.0,0.0,0.0,0.0,0.0,0.0,0.0,0.0,0.0,0.0,0.0,0.0,0.0,0.0,0.0,0.0,0.0,0.0,0.0,0.0,0.0,0.0,0.0,0.0,0.0,0.0,0.0,0.0,0.0,0.0,0.0,0.0,0.0,0.0,0.0,0.0,0.0,0.0032,0.0,0.0,0.0,0.0,0.0,0.0,0.0,0.0,0.0,0.0,0.0,0.0,0.0,0.0,0.0,0.0,0.0,0.0,0.0,0.0,0.0,0.0,0.0,0.0,0.0,0.0,0.0,12.91205,0.0,0.0,0.0,0.0,0.0,0.0,0.0,0.0,0.0,0.0,0.0,0.0,0.0,0.0,0.0,0.0,0.0,0.0,0.0,0.0,0.0,0.0,0.0,0.0,0.0,0.0,0.0,T2D
0.00532,0.0,2.66847,3.33729,1.51844,3.91979,0.0,0.0,0.0,16.9379,5.53626,0.82165,0.0,0.0,0.67543,0.16987,0.72215,0.0,0.01308,0.0,0.24329,0.0,0.0,1.40307,0.49629,0.0,0.0,0.0,0.0,0.0,0.13035,0.32547,1.01104,1.36092,1.58467,0.41447,0.10821,0.0,0.0,0.0,0.0,0.0,0.2469,0.04136,0.0,0.10221,0.00971,0.02518,0.00294,0.0,0.12225,0.27278,0.0106,0.02034,0.0,0.01972,0.01386,0.00224,0.0,0.0,0.0,0.01666,2.89021,0.03918,0.11937,0.0,0.0,0.0,0.0,0.0,0.0,0.538,0.0,0.00588,0.0,0.02817,0.0,0.0,0.0,0.00059,0.0,0.0,0.7406,0.02359,0.0,0.0,19.2096,24.07474,0.0,0.0,0.0,0.30351,0.18904,1.13333,0.0,0.0,0.0,0.0,0.0,0.01531,0.39413,0.0,0.73498,0.0,0.0033,0.0,0.48181,0.0,0.0,0.0,0.0,0.06546,0.05563,0.0,0.03186,0.0,0.0,0.0,0.0,0.0,0.0,0.0,0.0,0.0,0.0,0.0,0.0,0.18602,0.0,0.0,0.0,0.0,0.0,0.0,0.0,0.0,0.0,0.07403,0.0,0.0,0.0,0.0,0.01347,0.0,0.0,0.0,0.0,0.0,0.0,0.0,0.0,0.0,0.0,0.0,0.00366,0.0,0.0,0.93448,0.0,0.0,0.0,0.0,0.0,0.11583,1.44677,0.0,0.0,0.0,0.0,0.0,0.00613,0.00122,0.0,0.0,0.0,0.0,0.17781,0.0,0.0,0.03204,0.0,0.03493,0.0,0.01146,0.00683,0.0,0.0,0.0,0.0,0.0,0.0,0.0,0.0,0.0,0.0,0.0,0.07887,0.0,0.0,0.05156,0.0,0.00059,0.0,0.0,0.0059,0.00582,0.04645,0.0,0.05591,0.0,0.0,0.0,0.0,0.0,0.0,0.01687,0.0,0.01595,0.0027,0.0,0.00201,0.00825,0.0,0.0,0.00196,0.61782,0.0,0.0,0.0,0.0,0.0,0.0,0.0,0.0,0.0,0.0,0.0,0.0,0.0,0.0,0.50474,0.0,0.0,0.0,0.0,0.0,0.0,0.0,0.0,0.0,0.0,0.0,0.00516,0.0,0.00498,0.0,0.0,0.0,0.0,0.0,0.0,0.0,0.0367,0.0,0.0,0.0,0.0,0.0,0.0,0.0,0.0,0.0,0.0,0.0,0.0046,0.0,0.0,0.0,0.0,0.0,0.0,0.0,0.0,0.0,0.0,0.0,0.0,0.0,0.0,0.0,0.0,0.0,0.0,0.0,0.0,0.0,0.0,0.0,0.0,0.0,0.0,0.0,0.0,0.0,0.0,0.0,0.0,0.0,0.0,0.0,0.0,0.0,0.0,0.0,0.0,0.0,0.0,0.0,0.02487,0.0,0.0,0.0,0.0,0.0,0.0,0.0,0.0,0.0,0.0,0.0,0.0,0.0,0.0,0.0,0.0,0.0,0.0,0.0,0.0,0.0,0.0,0.0,0.0,0.0,0.0,0.0,0.00553,0.0,0.0,0.0,0.01254,0.0,0.0,0.0,0.0,0.0,0.0,0.0,0.0,0.0087,0.0,0.0,0.0,0.0,0.0,0.0,0.0,0.0,0.0,0.0,0.0,0.0,0.0,0.0,0.0,0.0,0.0,0.0,0.0,0.0,0.0,0.0,0.00174,0.0,0.0,0.0,0.0,0.0,0.0,0.0,0.0,0.0,0.0,0.0,0.0,0.0,0.0,0.0,0.0,0.0,0.0,0.0,0.0,0.0,0.0,0.0,0.0,0.0,0.0,0.0,0.0,0.0,0.0,0.01032,0.0,0.0,0.0,0.0,0.0,0.0,0.0,0.0,0.0,0.0,0.0,0.0,0.0,0.0,0.0,0.0,0.0,0.0,0.0,0.0,0.0,0.0,0.0,0.0,0.0,0.0,0.0,0.0,0.0,0.0,0.0,0.0,0.0,0.0,0.0,0.0,0.0,0.0,0.0,0.0,0.0,0.0,0.0,0.0,0.0,0.0,0.0,0.0,0.0,0.0,0.0,0.0,0.0,0.0,0.0,0.0,0.0,0.0,0.0,0.0,0.0,0.0,0.0,0.0,0.0,0.0,0.0,0.0,0.0,0.00361,0.0,0.0,0.0,0.0,0.0,0.0,0.0,0.0,0.0,0.0,0.0,0.0,0.0,0.0,T2D
9.74074,2.54592,1.2174,1.15851,0.21954,2.75762,3.28291,5.15015,0.25618,7.64403,2.36125,0.00272,0.07865,0.0,3.92033,0.0,1.54471,0.0,0.72223,17.86367,0.0,0.0,5.28597,1.37422,1.32752,0.0,1.14124,0.0,0.10001,0.0,0.0,0.01402,0.07136,0.0,0.15456,0.59577,0.0,0.0,0.20362,0.67731,0.0,0.21178,0.00309,0.15672,0.0,0.0,0.0,0.02729,0.13281,0.0,0.58766,1.33449,0.0,0.02818,0.0,0.0207,0.0,0.27838,0.0,0.0,0.0,0.0,0.05679,0.0,0.05611,0.0,0.01474,0.01096,0.0,0.0,0.0,0.0,0.0,0.0073,0.0,0.01591,0.55772,0.00336,0.0,0.00131,0.0,0.0,0.02677,0.02088,0.01003,0.0,8.41913,1.22817,0.0,1.03041,0.0,0.20218,0.23552,0.32562,0.0,0.0011,0.0,0.96033,0.00678,0.1634,0.0596,0.34682,0.75209,0.21804,0.03138,0.0,0.0,0.0,0.0,0.0,0.0,0.16616,0.07937,0.0,0.0,0.0,0.0,0.0,0.0046,0.0,0.0,5.34031,0.0,0.0,0.0,0.0,0.0,0.0,0.0,0.00682,0.0,0.0,0.0,0.0,0.0,0.00638,0.0,0.0,0.0,0.0,0.0,0.0,0.0,0.0,0.0,0.0,0.0,0.1161,0.0,0.0,0.00989,0.0,0.0,0.00057,0.0,0.0,0.0,0.0,0.00411,3.54123,0.0,0.0,0.0,0.0,0.0,0.0,0.0,0.0,0.0,0.0,0.01578,0.0,0.0,0.0,0.0,0.0,0.0,0.0,0.0,0.0,0.0,0.04844,0.0,0.0,0.0,0.0,0.0,0.0,0.0,0.0,0.0,1.20835,0.0,0.0,0.0,0.0,0.0,0.0,0.0,0.0,0.0,0.0,0.0,0.0,0.0,0.0,0.0,0.0,0.0,0.0,0.0,0.0,0.0,0.0,0.0,0.0179,0.0,0.01711,0.0,0.0,0.0,0.0,0.0,0.0,0.0,0.0,0.0,0.0,0.0,0.0,0.0,0.0,0.0,0.0,0.0,0.0,0.0,0.0,0.0,0.00927,0.0,0.0,0.0,0.0,0.0,0.0,0.0059,0.0,0.0,0.0,0.0,0.0,0.0,0.0,0.0,0.0,0.0,0.0,0.0,0.0,0.0,0.0,0.0,0.0,0.0,0.0,0.0,0.0,0.0,0.0,0.0142,0.0,0.0,0.0,0.0,0.0,0.0,0.0,0.0,0.00032,0.0,0.0,0.0,0.0,0.0,0.0,0.0,0.0,0.0,0.0,0.0,0.0,0.0,0.0,0.0,0.0,0.0,0.0,0.0,0.0,0.0,0.0,0.0,0.0,0.0,0.0,0.0,0.0,0.0,0.0,0.0,0.0,0.0,0.0,0.0,0.0,0.0,0.0,0.0,0.0,0.0,0.0,0.0,0.0,0.0,0.0,0.0,0.0,0.0,0.0,0.0,0.0,0.0,0.0,0.0,0.0,0.0,0.0,0.0,0.0,0.0,0.0,0.0,0.0,0.0,0.0,0.0,0.0,0.0,0.0,0.0,0.0,0.0,0.0,0.0,0.0,0.0,0.0,0.0,0.0,0.0,0.0,0.0,0.0,0.0,0.0,0.0,0.0,0.0,0.0,0.0,0.0,0.0,0.0,0.0,0.0,0.0,0.0,0.0,0.0,0.0,0.0,0.0,0.0,0.0,0.0,0.0,0.0,0.0,0.0,0.0,0.0,0.0,0.0,0.0,0.0,0.0,0.0,0.0,0.0,0.0,0.0,0.0,0.0,0.0,0.0,0.0,0.0,0.0,0.0,0.0,0.0,0.0,0.0,0.0,0.0,0.0,0.0,0.0,0.0,0.0,0.0,0.0,0.0,0.0,0.0,0.0,0.0,0.0,0.0,0.0,0.0,0.0,0.0,0.0,0.0,0.0,0.0,0.0,0.0,0.0,0.0,0.0,0.0,0.0,0.0,0.0,0.0,0.0,0.0,0.0,0.0,0.0,0.0,0.0,0.0,0.0,0.0,0.0,0.0,0.0,0.0,0.0,0.0,0.0,0.0,0.0,0.0,0.0,0.0,0.0,0.0,0.0,0.0,0.0,0.0,0.0,0.0,0.0,0.0,0.0,0.0,0.0,0.0,0.32982,0.0,0.0,0.0,0.0,0.0,0.0,0.0,0.0,0.0,0.0,0.0,0.0,0.0,T2D
4.99552,0.3417,1.14624,0.16285,0.20995,2.65911,1.53853,1.8816,0.16809,0.41641,0.31261,0.00098,0.04198,2.73128,0.53334,0.0,0.0,0.0,0.97834,3.01071,0.0,0.77775,3.81032,0.29249,0.0,0.0,0.0569,0.0,0.0,5.00419,0.39109,0.03189,0.14432,0.0,1.21413,0.41521,0.0,1.08057,0.0194,0.70033,0.36249,0.90905,0.0,0.0248,0.0,0.0,0.0,0.02645,0.09669,0.3644,0.51826,0.06584,0.0,0.03076,0.00395,0.00081,0.21301,0.47001,0.0,0.04018,0.0,0.0,0.00742,0.0026,0.00715,0.0,0.0,0.15809,0.0,0.0,0.0,0.09651,0.1659,0.01504,0.81382,0.10147,0.29916,0.0,0.25338,0.0,0.0,0.0,0.02013,0.0,0.01023,0.0,6.60573,5.08642,0.0,0.38652,9.08416,0.02447,8.82813,0.57231,0.0,0.01175,0.0,0.01665,0.43236,0.10489,0.0,0.04373,0.24206,0.01942,0.0,0.05877,0.0,0.0,0.00319,0.0,0.0,0.01588,0.33468,0.0,0.03594,0.0,0.0,0.0,0.0,0.0,0.37015,0.0,0.0,0.0,0.0,0.0,0.0,0.0,0.03216,0.0,0.0,0.0,0.0,0.0,0.0,0.0,0.0,1.23506,0.0,0.1104,0.0,0.0,0.03345,0.00614,0.0,0.0,0.0,0.0465,0.0,5.61463,0.0038,0.0,0.0,0.04462,0.0,0.0,0.0,0.0,0.00448,0.0,0.0,0.0,0.0,0.0,0.0,0.0,0.0,2.70669,0.0,0.03707,0.0,0.0,0.0,0.0,0.0,0.0,0.0,0.78346,0.0,0.0,0.0,0.0,0.22803,0.0,0.00054,0.0,0.0,0.0,0.0,0.0,0.0,0.0,0.0,0.0,0.0,0.0,0.0,0.0,0.0,0.0,0.0,0.00191,0.0,0.0,0.0,0.0,0.01604,0.0,0.0,0.0,0.0,0.0,0.0,0.0,0.0,0.0,0.0,0.0,0.0,0.0,0.0,0.0,0.0,0.0,0.0,0.0,0.0,0.0,0.0,0.0,0.0,0.0,0.0,0.01631,0.0,0.0,0.0,0.0,0.0,0.0036,0.0,0.0,0.0,0.0,0.0,0.35947,0.0,0.0,0.0,0.0,0.0,0.0,0.0,0.0,0.0,0.0,0.00958,0.0,0.0,0.0,0.0,0.0,0.0,0.0,0.0,0.0,0.0,0.0,0.0,0.0,0.0,0.0,0.0,0.0,0.0,0.0,0.0,0.0,0.0,0.00174,0.0,0.0,0.0,0.0,0.0,0.0,8.88903,0.0,0.0,0.0,0.91007,0.0,0.0,0.0,0.0,0.0,0.0,0.0,0.0,0.0,0.0,0.0,0.0,0.0,0.0,0.0,0.0,0.0,0.0,0.0,0.0,0.0,0.0,0.0,0.0,0.0,0.0,0.0,0.0,0.0,0.0,0.0,0.0,0.0,0.0,0.0,0.0,0.0,0.45155,0.0,0.0,0.0,0.0,0.0,0.0,0.0,0.0,0.0,0.0,0.0,0.0,0.0,0.0,0.0,0.0,0.0,0.0,0.0,0.0,0.0,0.0,0.0,0.0,0.0,0.0,0.0,0.0,0.0,0.0,0.0,0.0,0.0,0.0,0.0,0.0,0.0,0.0,0.0,0.0,0.0,0.0,0.0,0.0,0.0,0.0,0.0,0.0,0.0,0.0,0.0,0.0,0.0,0.0,0.0,0.0,0.0,0.0,0.0,0.0,0.0,0.0,0.0,0.0,0.0,0.0,0.0,0.0,0.0,0.0,0.0,0.0,0.0,0.0,0.0,0.0,0.0,0.0,0.0,0.0,0.0,0.0,0.0,0.0,0.0,0.0,0.0,0.0,0.0,0.0,0.0,0.0,0.0,0.0,0.0,0.0,0.0,0.0,0.0,0.0,0.0,0.0,0.0,0.0,0.0,0.0,0.0,0.0,0.0,0.0,0.0,0.0,0.15496,0.0,0.0,0.0,0.0,0.0,0.0,0.0,1.5138,0.0,0.0,0.0,0.0,0.0,0.0,0.0,0.0,0.0,0.0,0.0,0.0,0.0,0.0,0.0,2.90987,0.0,0.0,0.0,0.0,0.0,0.0,0.0,0.0,0.0,0.0,0.0,1.37161,0.0,0.0,0.0,0.0,0.0,0.0,0.0,0.0,0.0,0.0,0.0,0.0,0.0,0.0,0.0,0.0,0.0,0.0,0.0,0.0,T2D
0.85002,2.96602,0.98619,1.27925,1.12582,1.20646,2.31402,0.0,1.05089,0.59322,2.74572,0.0,4.26318,0.51307,5.53093,0.54287,0.0,0.53225,0.0,0.29096,0.69388,0.58667,7.3861,0.84868,0.72227,0.0,1.029,0.0,0.85549,0.07524,0.63349,0.09934,1.46285,0.0,0.32248,0.04662,0.0,0.07068,0.58291,0.0,0.03717,0.0,0.0,0.42018,0.00263,0.07769,0.0,0.2094,0.24567,0.0,0.50832,0.0807,0.12865,0.02714,0.0,0.30807,0.16036,0.53226,0.0,0.00559,0.0,0.0,0.02292,0.0,0.0,0.0,0.0,0.0038,0.0,0.0,0.0,0.05698,0.00473,0.02272,0.0,0.00538,0.16159,0.0,0.0716,0.0,0.0,0.0,0.00978,0.12773,0.00419,0.0,11.93151,2.79021,0.0,6.65359,0.0,0.04366,0.3355,0.62715,0.0,0.14912,0.0577,0.22531,0.04801,0.07981,0.01395,0.08407,0.41175,0.0,0.23603,0.0,0.26151,0.0,0.00304,0.0,0.0,0.0,0.27234,0.00151,0.0,0.0,0.0,0.0,0.0,0.19385,0.0,0.0,0.0,0.0,0.0,0.0,0.0,0.0,0.00232,0.0,0.00861,0.11214,0.0,0.0,0.02174,0.0,0.0,2.45311,0.0,0.03463,0.0,0.0,0.0,0.0,0.0,0.02861,0.0,0.0,0.0,0.0,0.00107,0.0,0.01082,0.0,0.0,0.0,0.0,0.00962,0.0,0.0,0.0,0.0,0.0,0.00375,0.03601,0.0,0.0,0.0,0.0,0.0,0.00037,0.0,0.0,0.0,0.0,0.47214,0.0,0.0,0.0,0.0,0.0,2.45372,0.0,0.0,0.0284,0.0,0.0,0.0,12.14503,0.0,0.0,0.0,6.15063,0.2255,0.0,0.0,0.0,0.0,0.0,0.0,0.0,0.0,0.0,0.0,0.0,0.0,5.09892,0.0,0.42895,0.0,0.0,0.0,0.0,0.0,0.0,0.0,0.0,0.0,0.0,0.0,0.0,0.0,0.0,0.0,0.0,0.0,0.0,0.0,0.0,0.0,0.0,0.0,0.0,0.0,0.0,0.0,0.0,0.0,0.0,0.00314,0.06773,0.0,0.0,0.0,0.0,0.0,0.0,0.0,0.0,0.0,0.0,0.0,0.0,0.01528,0.0,0.0,0.0,0.0,0.0,0.0,0.0,0.0,0.0,0.23082,0.0,0.0,0.0,0.0,0.0,0.0,0.00319,0.0,0.0,0.0,0.00075,0.0,0.0,0.0,0.0,0.0,0.0,0.0,0.0,0.0,0.0,0.0,0.0,0.0,0.0,0.0,0.0,0.00246,0.0,0.0,0.0,0.0,0.0,0.0,0.0,0.0,0.0,0.0,0.0,0.0,0.0,0.0,0.00384,0.0,0.0,0.0,0.0,0.0,0.0,0.0,0.0,0.0,0.0,0.0,0.0,0.0,0.0,0.0,0.0,0.0,0.0,0.0,0.0,0.0,0.0,0.0,0.0,0.0,0.0,0.0,0.0,0.0,0.0,0.0,0.0,0.0,0.0,0.0,0.0,0.0,0.0,0.0,0.0,0.00089,0.0,0.00065,0.0,0.0,0.0,0.0,0.0,0.0,0.0,0.0,0.0,0.0,0.0,0.0,0.0,0.0,0.0,0.0,0.0,0.0,0.0,0.0,0.0,0.0,0.0,0.0,0.0,0.0,0.0,0.0,0.0,0.0,0.0,0.0,0.0,0.0,0.0,0.0,0.0,0.0,0.0,0.0,0.0,0.0,0.0,0.0,0.0,0.0,0.0,0.0,0.0,0.0,0.0,0.0,0.0,0.0,0.0,0.0,0.0,0.0,0.0,0.0,0.0,0.0,0.0,0.0,0.0,0.0,0.0,0.0,0.0,0.0,0.0,0.0,0.0,0.0,0.0,0.0,0.0,0.0,0.0,0.0,0.0,0.0,0.0,0.0,0.0,0.0,0.0,0.0,0.0,0.0,0.0,0.0,0.0,0.0,0.0,0.0,0.0,0.0,0.0,0.0,0.0,0.0,0.0,0.0,0.0,0.0,0.0,0.0,0.0,0.0,0.0,0.0,0.0,0.0,0.0,0.0,0.0,0.0,0.0,0.0,0.0,0.0,0.0,0.0,0.0,0.0,0.0,0.0,0.0,0.0,0.0,0.0,0.0,0.0,0.0,0.04207,0.0,0.0,0.0,0.0,0.0,0.0,0.0,0.0,0.0,0.0,0.0,0.0,healthy
15.18197,2.55867,2.31489,0.52908,1.33876,2.62323,4.34171,3.07359,1.38608,1.97862,3.18249,1.30497,0.10974,2.00196,1.20347,0.06159,2.59595,1.25032,0.6759,4.53332,0.01223,1.65265,0.76906,0.92553,0.03939,0.0,0.78582,0.0,0.84987,0.03554,0.00651,0.1322,0.15488,0.95678,0.4804,1.51981,0.0,0.34542,1.27655,0.21262,0.14088,0.49561,0.11998,0.10572,0.0,0.12296,0.0,0.25625,0.41016,0.17797,0.60544,0.40768,0.0,0.0,0.0,0.12519,0.0,0.73423,0.0,0.12594,0.0,0.0,0.01346,0.0,0.12037,0.0,0.01491,0.2326,0.02367,0.0,0.0,0.05336,0.3569,0.04069,0.0,0.08883,0.28166,0.0,0.0,0.0,0.04047,0.0,0.01544,0.0,0.01143,0.0,2.10114,0.12252,0.0,0.50717,0.0,0.0,0.0,3.08627,0.0,0.0,0.35424,0.99236,0.04132,0.13088,0.29607,0.56289,0.0,1.19667,0.0,0.0,0.52493,0.056,0.11788,0.0,0.0,0.06224,0.00634,0.11473,0.27582,0.07573,0.0,0.0,0.03501,0.0,0.0,0.0,2.22662,0.0,0.0,0.00138,0.0,0.0,0.06034,0.0,0.01208,0.0,0.0,0.0,0.0,0.0,0.0,0.0,0.85162,0.0,0.0,0.0,0.0,0.0,0.0,0.0,0.0,0.0,0.0,0.0,0.0273,0.0,0.02305,0.00478,0.03665,0.0,0.0,0.0,0.00245,10.82259,0.0,0.0,0.0,0.0,0.0,0.0,0.0,0.12644,0.0,0.04679,0.0,0.0,0.0,0.0,0.0,0.0,0.0,0.0,0.0,0.0,0.0,0.0,0.43117,0.0,0.01557,0.0,0.0,0.0,0.0,0.0,0.0,0.0,0.0,0.0,0.0,0.0,0.0,0.0,0.0,0.0,0.0,0.00715,0.0,0.0,0.05166,0.0,0.0,0.03727,0.0,0.0,0.0,0.0,0.0,0.0,0.0,0.0,0.0,0.0,0.0,0.0,0.0,0.0508,0.0,0.0,0.01925,0.0,0.0,0.0,0.0,0.0,0.0,0.0,0.0,0.0,0.0,0.0,0.0,0.0,0.0,0.0,0.0,0.0,0.0,0.0,0.0,0.0,0.0,0.0,0.0,0.0,0.0,0.0,0.0,0.0,0.0,0.0,0.0,0.0,0.0,0.0,0.0,0.0,0.0,0.0,0.0,0.0,0.0,0.0,0.0,0.00186,0.0,0.0,0.0,0.0,0.0,0.0,0.0,0.0,0.0,0.0,0.0,0.0,0.0,0.0,0.0,0.0,0.0,0.0,0.0,0.0,0.0,0.0,0.0,0.0,0.0,0.0,0.0,0.0,0.0,0.0,0.0,0.0,0.0,0.0,0.0,0.0,0.0,0.0,0.0,0.0,0.0,0.0,0.0,0.0,0.0,0.0,0.0,0.0,0.0,0.0,0.0,0.0,0.0,0.0,0.0,0.0,0.0,0.0,0.0,0.0,0.0,0.0,0.0,0.0,0.0,0.0,0.0,0.0,0.0,0.0,0.0,0.0,0.0,0.0,0.0,0.0,0.0,0.0,0.0,0.0,0.0,0.0,0.0,0.0,0.0,0.0,0.0,0.0,0.0,0.0,0.0,0.0,0.0,0.0,0.0,0.0,0.0,0.0,0.0,0.0,0.0,0.0,0.0,0.0,0.0,0.0,0.0,0.0,0.0,0.0,0.0,0.0,0.0,0.0,0.0,0.0,0.0,0.0,0.0,0.0,0.0,0.0,0.0,0.0,0.0,0.0,0.0,0.0,0.0,0.0,0.0,0.0,0.0,0.0,0.0,0.0,0.0,0.0,0.0,0.0,0.0,0.0,0.0,0.0,0.0,0.0,0.0,0.0,0.0,0.0,0.0,0.0,0.0,0.0,0.0,0.0,0.0,0.0,0.0,0.0,0.0,0.0,0.0,0.0,0.0,0.0,0.0,0.0,0.0,0.0,0.0,0.0,0.0,0.0,0.0,0.0,0.0,0.0,0.0,0.0,0.0,0.0,0.0,0.0,0.0,0.0,0.0,0.0,0.0,0.0,0.0,0.0,0.0,0.0,0.0,6.81374,0.0,0.0,0.0,0.0,0.0,0.0,0.0,0.0,0.0,0.0,0.0,0.0,0.0,0.0,0.0,0.0,0.0,0.0,0.0,0.0,0.0,0.0,0.0,0.0,0.0,0.0,0.0,0.0,0.0,0.0,0.0,0.0,healthy
11.1047,1.63509,6.60582,1.75228,1.07105,0.4632,3.95465,2.22314,0.79438,1.65975,2.45287,1.28249,0.34422,0.0,1.98139,0.20401,0.41129,0.0,0.92926,0.69453,0.0,1.43618,4.55694,0.54652,0.0,0.0,1.05305,0.21499,0.52757,0.24531,0.0,0.01093,0.03728,0.0,0.65196,0.37887,0.0,0.0,1.4137,2.64506,0.10772,0.0,0.0,0.04531,0.0,0.00372,0.77766,0.10279,0.06005,0.05657,1.33874,0.0,0.0,0.0,0.0,0.00828,0.0,0.11177,0.00263,0.0,0.0,0.0,0.0,0.0,0.14041,0.0,0.0,1.24712,0.01337,0.0,0.0,0.0,0.59422,0.0088,0.0,0.0,0.04701,0.0,0.0026,0.0,0.0,0.0,0.02642,0.0,0.01246,0.0,4.61216,0.17085,0.0,1.66469,0.06688,0.05649,0.1783,0.57769,0.0,1.52071,0.22418,0.00227,0.83993,0.62209,0.29701,0.12575,0.0,0.68485,0.11605,0.0,0.0,0.0,0.73162,0.0,0.02542,0.0,1.22478,0.0,0.00414,0.00642,0.0,0.0,0.0,0.0,0.0,0.26222,0.0,0.0,0.05813,0.0,0.08919,0.98683,0.02177,0.0,0.0,0.0,0.0,0.0,0.0,0.0,0.0,0.0,0.0,0.57049,0.0,4.33158,0.0,0.0,0.0,0.0,0.0,0.02235,0.0,2.92317,0.0,0.0,0.0,0.00253,0.0,0.0,0.0,0.0,0.0,1.65178,0.0,0.0,0.0,0.0,0.0,0.0,0.0,0.0,0.0,0.0,0.0,0.0,0.0,0.0,0.0,0.0,0.0,0.0,0.0,0.0,0.0,0.0,0.0,0.0,0.0,0.0,0.0,0.0,2.3946,0.0,0.0,0.0,0.0,0.0,0.07432,0.0,0.0,0.03879,0.0,0.0,0.0,0.0,0.0,0.0,0.0,0.0,0.0,0.93873,0.0,0.0,0.00734,0.0,0.0,0.0,0.0,0.0,0.0,0.0,0.0,0.0,0.0,0.00286,0.0,0.0,0.0,0.0,0.0,0.0,0.0,0.0,0.0,0.0,0.0,0.0,0.0,0.0,0.0,0.0,0.0,0.0,0.0,0.03031,0.0,0.00519,0.0,0.0,0.0,0.0,0.0,0.0,0.02155,0.0,0.0,0.0,0.0,0.0,0.0,0.1014,0.0,0.0,0.0,0.0,0.0,0.0,0.0,0.0,0.0,0.0,2.43503,0.0,0.0,0.0,0.0,0.0,0.0,0.0,0.0,0.0,0.0,0.0,0.0,0.0,0.0,0.0,0.0,0.0,0.0,0.0,0.0,0.0,0.0,0.0,0.0,0.0,0.0,0.0,0.0,0.0,0.0,0.0,0.0,0.0,0.0,0.0,0.0,0.0,0.0,0.0,0.0,0.0,0.0,0.0,0.00277,0.0,0.0,0.0,0.0,0.0,0.0,0.0,0.0,0.0,0.0,0.0,0.0,0.0,0.0,0.0,2.70254,0.0,0.0,0.0,0.0,0.0,0.0,0.0,0.0,0.0,0.0,0.0,0.0,0.0,0.0,0.0,0.0,0.0,0.0,0.0,0.0,0.0,0.01232,0.0,0.0,0.0,0.0,0.0,0.0,0.0,0.0,0.0,0.0,0.0,0.0,0.62814,0.0,0.0,0.0,0.0,0.0,0.0,0.0,0.0,0.0,0.0,0.0,0.0,0.0,0.0,0.0,0.0,0.0,0.0,0.0,0.0,0.0,0.0,0.0,0.0,0.0,0.0,0.0,0.0,0.0,0.0,0.0,0.0,0.0,0.0,0.0,0.0,0.0,0.0,0.0,0.0,0.0,0.0,0.0,0.0,0.0,0.0,0.0,0.0,0.0,0.0,0.0,0.0,0.0,0.0,0.0,0.0,0.0,0.0,0.0,0.0,0.0,0.0,0.0,0.0,0.0,0.0,0.0,0.0,0.0,0.0,0.0,0.0,0.0,0.0,0.0,0.0,0.0,0.0,0.0,0.0,0.0,0.0,0.0,0.0,0.0,0.0,0.0,0.0,0.0,0.0,0.0,0.0,0.0,0.0,0.0,0.0,0.0,0.0,0.0,0.0,0.0,0.0597,0.0,0.0,0.0,0.0,0.0,0.0,0.0,0.0,0.0,0.0,0.0,0.0,0.0,0.0,0.0,0.0,0.0,0.0,0.0,0.0,7.68403,0.02586,0.00422,0.0,0.0,0.0,0.0,0.0,0.0,0.0,0.0,0.0,T2D
15.40314,2.376,5.04176,0.44533,6.82335,0.52368,6.33716,0.0,0.0,7.87619,1.19367,0.01013,2.66299,1.97158,2.66287,1.25228,0.44967,0.0,0.04332,13.23667,0.0,0.04203,0.82415,1.01839,3.28396,0.0,0.57979,1.25151,1.30092,0.12507,0.0,0.04755,0.04815,0.0,0.14948,1.02173,0.0,0.19122,0.0,0.15656,2.53397,2.19372,0.0,0.43122,0.0,0.62667,0.0,0.02137,0.06076,0.18754,0.00254,0.02738,0.0,0.0,0.41142,0.02155,0.0,0.08372,0.00116,0.02963,0.0,0.0,0.08578,0.0,0.11051,0.13511,0.0,0.00957,0.0,0.0,0.00304,0.0012,0.0,0.00552,0.0,0.07183,0.57347,0.01041,0.0,0.00326,0.0,0.0,0.03776,0.0141,0.0079,0.0,10.09784,0.56088,0.0,0.04619,0.0,0.0,0.0,0.1523,0.0,0.0,0.0,0.0,0.15457,0.0,0.18413,0.67679,0.0,0.0,0.0,0.0,0.0,0.0,0.0,0.0,0.0,0.01939,0.0,0.0,0.0,0.0,0.0,0.0,0.013,0.0,1.02349,0.0,0.0,0.0,0.0,0.0478,0.0,0.0,0.0,0.0,0.0,0.0,0.0,0.0,0.0,0.0,0.0,0.0,0.0,0.0,0.0,0.0,0.0,0.0,0.0,0.0,0.0,0.0,0.0,0.0,0.0,0.0,0.08815,0.0086,0.0,0.0,0.0,0.14241,0.00304,0.0,0.0,0.0,0.0,0.0,0.0,0.0,0.0,0.0,0.0,0.0,0.0,0.0,0.0,0.09589,0.0,0.0,0.04868,0.0,0.0,0.0,0.0,0.0,0.0,0.0,0.03613,0.0,0.0,0.0,0.00501,0.0,0.0,0.0,0.0,0.0,0.0,0.0,0.0,0.0,0.0,0.0,0.0,0.0,0.0,0.0,0.0,0.0,0.0,0.0,0.0,0.0,0.12797,0.0,0.0,0.0,0.0,0.0,0.0,0.0,0.0,0.0,0.0,0.0031,0.0,0.0,0.0,0.0,0.0,0.0,0.0,0.0,0.0,0.0,0.0,0.0,0.0,0.00456,0.0,0.1214,0.0,0.00534,0.0,0.0,0.0,0.04987,0.0,0.0,0.02296,0.00085,0.00449,0.0,0.0,0.0,0.0,0.0,0.0,0.0,0.0,0.0,0.0,0.0,0.0,0.0,0.0,0.0,0.0,0.0,0.0,0.0,0.0,0.0,0.06226,0.0,0.0,0.0,0.00173,0.0,0.0,0.0,0.0,0.0,0.0,0.0,0.0,0.0,0.0,0.0,0.0,0.0,0.0,0.0,0.0,0.0,0.0,0.0,0.0,0.0,0.0,0.0,0.0,0.0,0.0,0.0,0.0,0.0,0.0,0.0,0.0,0.0,0.0,0.0,0.0,0.0,0.0,0.0,0.0,0.0,0.0,0.0,0.0,0.0,0.0,0.0,0.0,0.0,0.0,0.0,0.0,0.0,0.0,0.0,0.0,0.0,0.0,0.0,0.0,0.0,0.0,0.0,0.0,0.0,0.0,0.0,0.0,0.0,0.0,0.0,0.0,0.0,0.0,0.0,0.0,0.0,0.0,0.0,0.0,0.0,0.0,0.0,0.0,0.0,0.0,0.0,0.0,0.0,0.0,0.0,0.0,0.0,0.0,0.0,0.0,0.0,0.0,0.0,0.0,0.0,0.0,0.0,0.0,0.0,0.0,0.0,0.0,0.0,0.0,0.0,0.0,0.0,0.0,0.0,0.0,0.0,0.0,0.0,0.0,0.0,0.0,0.0,0.0,0.0,0.0,0.0,0.0,0.0,0.0,0.0,0.0,0.0,0.0,0.0,0.0,0.0,0.0,0.0,0.0,0.0,0.0,0.0,0.0,0.0,0.0,0.0,0.0,0.0,0.0,0.0,0.0,0.0,0.0,0.0,0.00272,0.0,0.0,0.0,0.0,0.0,0.0,0.0,0.0,0.0,0.0,0.0,0.0,0.0,0.0,0.0,0.0,0.0,0.0,0.0,0.0,0.0,0.0,0.0,0.0,0.0,0.0,0.0,0.0,0.0,0.0,0.0,0.0,0.0,0.0,0.0,0.0,0.0,0.0,0.0,0.0,0.0,0.0,0.0,0.0,0.0,0.0,0.0,0.0,0.0,0.0,0.0,0.0,0.0,0.0,0.0,0.0,0.0,0.0,0.0,0.0,0.0,0.0,0.0,0.0,0.0,0.0,0.0,T2D
8.52142,5.58101,0.41144,0.37131,1.96545,1.45484,0.76644,1.80809,0.70362,0.01866,2.54247,0.0556,0.01507,0.9267,1.7299,0.46009,1.31547,0.0,0.15809,2.55149,0.26968,0.0,0.628,0.86337,0.56084,0.0,0.11129,0.0,0.04012,2.05461,0.0,0.0233,0.07988,0.97119,0.01961,0.63608,0.0,0.0432,0.47556,0.12575,3.36066,0.0,0.01669,0.15741,0.06283,0.0,0.0,0.04405,0.08802,0.19869,0.17415,0.0,0.0,0.04582,0.15388,0.01952,0.0,0.1182,0.01829,0.0,0.0067,0.0,0.0,0.0,0.0027,0.0,0.0,0.00179,0.0,0.07844,0.01151,0.0,0.31978,0.00797,2.26183,0.01723,0.5,0.0,0.0,0.0,0.05134,0.01139,0.00106,0.0,0.00279,0.0115,26.81352,0.0,0.0,0.03878,5.15554,0.0,0.1492,2.32771,0.0,0.0,0.0,0.04955,1.22074,0.01981,0.08358,0.54133,0.23874,0.0407,0.0,0.0,0.0,0.0,0.00552,0.0,0.0,0.0,2.65859,0.00585,0.4733,0.1418,0.16582,0.0,0.02212,0.0,1.50613,0.0,1.55799,0.0,1.78831,0.0,0.0,0.0,0.05601,0.0,0.0,0.0,0.00251,0.00913,0.0,0.0,0.0,5.17031,0.05008,0.0,0.0,1.69881,0.0,0.0,0.0,0.0,0.0,0.06861,0.0,0.0,0.0,0.0,0.08845,0.0,0.0,0.0,0.0,0.0,0.0019,0.0,0.0,0.0,0.0,0.0,0.0,0.17654,0.0,0.0,0.0,0.0,0.0,0.0,0.03992,0.0,0.0,0.0,0.0,0.0,0.0,0.0,0.0,0.01969,0.0,0.0,0.0,0.0,0.0,0.0,0.0,0.0,0.0,0.02197,0.0,0.0,0.0,0.0,0.0,0.0,0.0,0.0,0.0,0.00516,0.02364,0.0683,0.0,0.0,0.0,0.0,0.0,0.0,0.0065,0.0,0.0,0.0,0.0,0.0,0.0,0.0,0.0,0.0,0.0,0.0,0.0,0.0,0.0,0.0,0.0,0.0,0.0,0.0,0.3105,0.0,0.0,0.0,0.0,0.0,0.0,0.0,0.0,0.0,0.0,0.0,0.00169,0.0,0.0,0.0,0.0,0.0,0.0,0.0,0.0,0.0,0.0,0.0,0.0,0.0,0.0,0.0,0.0,0.0,0.0,0.0,0.00623,0.0,0.00643,0.0,0.0,0.0,0.0,0.0,0.0,0.0,0.0,0.0,0.0,0.0,0.0,0.0,0.0,0.0,0.0,0.0,0.0,0.0,0.0,0.0,0.0,0.0,0.0,0.0,0.0,0.0,0.0,0.0,0.0,0.0,0.0,0.01568,0.0,0.0,0.0,0.0,0.0,0.0,0.0,0.0,0.0,0.0,0.0,0.0,0.0,0.0,0.0,0.0,0.0,0.0,0.0,0.0,0.0,0.0,0.0,0.0,0.0,0.0,0.0,0.0,0.0,0.0,0.0,0.0078,0.0,0.0,0.0,0.0,0.0,0.0,0.0,0.0,0.0,0.0,0.0,0.0,0.0,0.05335,0.0,0.0,0.0,0.0,0.0,0.0,0.0,0.0,0.0,0.0,0.0,0.0,0.0,0.0,0.0,0.0,0.0,0.0,0.0,0.0,0.0,0.0,0.0,0.0,0.0,0.0,0.0,0.0,0.0,0.0,0.01147,0.0,0.0,0.0,0.0,0.0,0.0,0.0,0.0,0.0,0.0,0.0,0.0,0.0,0.0,0.0,0.0,0.0,0.0,0.0,0.0,0.0,0.0,0.0,0.01028,0.0,0.0,0.0,0.0,0.0,0.0,0.0,0.0,0.0,0.0,0.0,0.0,0.0,0.0,0.0,0.0,0.0,0.0,0.0,0.0,0.0,0.0,0.0,0.0,0.0,0.0,0.12609,0.0,0.0,0.0,0.0,0.0,0.0,0.0,0.0,0.0432,0.0,0.0,0.0,0.0,0.0,0.0,0.0,0.0,0.0,0.0,0.0,0.0,0.0,0.0,0.0,0.0,0.0,0.26723,0.0,0.0,0.0,0.0,0.0,0.0,0.0,0.0,0.0,0.0,0.0,0.0,0.0,0.0,0.0,0.0,0.0,0.0,0.0,0.0,0.0,0.0,0.0,0.0,0.0,0.0,0.0,0.0,0.0,0.0,0.0,0.0,0.0,0.0,0.0,0.0,0.59044,0.0064,0.00616,0.00525,0.0,0.0,0.0,0.0,0.0,healthy
11.363,0.0,1.38811,0.20545,1.69908,8.1011,1.23051,1.37433,0.0,0.0,3.80391,0.00626,0.12559,0.29632,3.11322,0.0,2.66741,0.0,0.80072,4.13708,0.0,0.0,8.80427,0.62275,0.1526,0.0,0.02422,0.0,0.95829,6.17927,0.0,0.01251,0.04373,0.0,0.30141,0.74584,0.0,2.39019,0.00737,3.12932,0.24464,0.0,0.00229,0.10736,0.0,0.34082,0.0,1.70248,0.03659,0.09595,0.76381,0.22069,0.00841,0.0187,0.0,0.01066,0.01358,0.09114,0.00294,0.0,0.0,0.00551,0.04171,0.0,0.0426,0.0,0.0,0.00319,0.0,0.0,0.0,0.0,0.0,0.00645,0.00506,0.1619,5.9696,0.0,0.7283,0.0,0.00081,0.0,0.00917,0.0,0.00401,0.0,4.18069,0.89637,0.0,0.65548,0.0112,0.0,0.0,2.04193,0.0,1.57497,0.08693,0.66404,2.82408,0.21156,0.63749,0.26934,0.71355,0.0,0.01794,0.0,0.0,0.0,0.03778,0.00848,0.0,0.13842,0.43669,0.08528,0.00911,0.0,0.0,0.0,0.01975,0.04536,4.14775,0.0,0.0,0.0,0.0,0.0,0.0,0.0,0.20804,0.0,0.0,0.0,0.0,0.0,0.0,0.0,0.0,0.08028,0.0,0.0,0.0,0.0,0.40879,0.0,0.0,0.0,0.0,0.0,0.0,0.0,0.0,0.0,0.0,0.00681,0.0,0.0,0.0,0.0,0.00376,0.0,0.0,0.0,0.0,0.0,0.06304,2.86435,0.0,0.0,0.0,0.19046,0.0,0.0,0.0,0.0,0.0,0.01226,0.18035,0.0,0.0,0.00384,0.0,0.0,0.0,0.0,0.04431,0.0,0.0,0.0,0.0,0.0,0.0,0.0,0.0,0.25221,0.0,0.0,0.0,0.0,0.0,0.00238,0.0,0.0,0.0,0.0,0.0,0.01559,0.0,0.0,0.0,0.0,0.0,0.0,0.0,0.0,0.0,0.0,0.07019,0.0,0.0142,0.0,0.0,0.0,0.0,0.0,0.0,0.0,0.0,0.02331,0.0,0.0,0.0,0.0,0.0,0.0286,0.0,0.0,0.0,0.00143,0.00063,0.0,0.0,0.0,0.0,0.0,0.0,0.0,0.0,0.0,0.00184,0.0,0.0,0.0,0.0,0.01566,0.0,0.0,0.0,0.0,0.0,0.0,0.0,0.0,0.0,0.0,0.0,0.0,0.0,0.0,0.0,0.0,0.0,0.0,0.0,0.0,0.0,0.0,0.95168,0.0,0.0,0.41969,0.0,0.0,0.0,0.0,0.0,0.0,0.0,0.0,0.0,0.0,0.0,0.0,0.0,0.0,0.0,0.0,0.0,0.0,0.0,0.0,0.0,0.0,0.0,0.0,0.0,0.0,0.0,0.0,0.0,0.0,0.0,0.0,0.0,0.0,0.0,0.0,0.0,0.0,0.0088,0.0,0.0,0.0,0.0,0.0,0.0,0.0,0.0,0.0,0.0,0.0,0.0,0.0,0.0,0.0,0.0,0.0,0.0,0.0,0.0,0.0,0.0,0.0,0.0,0.0,0.0,0.0,0.0,0.0,0.0,0.0,0.0,0.0,0.0,0.0,0.0,0.0,0.0,0.0,0.0,0.0,0.0,0.0,0.0,0.0,0.0,0.0,0.0,0.0,0.0,0.0,0.0,0.0,0.0,0.0,0.0,0.0,0.0,0.0,0.0,0.0,0.0,0.0,0.0,0.0,0.0,0.0,0.0,0.0,0.0,0.0,0.0,0.0,0.0,0.0,0.0,0.0,0.0,0.0,0.0,0.0,0.0,0.0,0.0,0.0,0.0,0.0,0.0,0.0,0.0,0.0,0.0,0.0,0.0,0.0,0.0,0.0,0.0,0.0,0.0,0.0,0.0,0.0,0.0,0.0,0.0,0.0,0.0,0.0,0.0,0.0,0.0,0.0,0.0,0.0,0.0,0.0,0.0,0.0,0.0,0.0,0.0,0.0,0.0,0.0,0.0,0.0,0.0,0.0,0.0,0.0,0.0,0.0,0.0,0.0,0.0,0.0,0.0,0.0,0.0,0.0,0.0,0.0,0.0,0.0,0.0,0.0,0.0,0.0,0.0,0.0,0.0,0.0,0.0,0.0,0.0,0.0,0.0,0.0,0.0,0.0,0.0,0.0,0.0,0.0,0.0,0.0,0.0,0.0,0.0,0.0,0.0,0.0,0.0,0.00113,0.0,0.0,0.0,0.0,T2D
3.1082,0.40725,3.0657,0.20449,0.32589,3.70173,5.04273,12.71246,0.20574,3.13903,0.05398,0.29496,1.32104,1.29516,1.04337,0.04439,2.83206,0.00168,1.08009,11.53172,1.05767,0.0,4.1106,0.25434,2.05742,0.0,0.31708,0.0,0.09867,0.5929,0.0,0.00467,0.32646,0.0,0.14003,0.07553,0.03013,0.49413,0.0,1.73846,0.57182,0.11135,0.0,0.0,0.16695,0.0,0.34553,0.17368,0.01201,0.20217,0.08012,0.25229,0.0,0.01469,0.04985,0.02543,0.19752,0.05623,0.01237,0.0,0.0,0.0,0.04355,0.0,0.0,0.06388,0.00241,0.00378,0.0,0.0,0.0,0.0,0.55911,0.00485,0.0,0.04684,0.13267,0.0,0.01506,0.00082,0.0,0.0,0.04676,0.0,0.03756,0.0,12.97907,0.0,0.0,0.7019,8.77323,0.0,0.0,1.24466,0.0,0.02434,0.00375,0.51276,0.45306,0.18761,0.07838,0.0,0.0,0.0,0.16081,0.0,0.01451,0.0,0.0,0.0,0.0,0.04543,0.18995,0.0,0.03682,0.09888,0.0,0.0,0.0,0.0,0.0,0.0,0.0,0.0,0.0,0.0,0.0,0.0,0.09466,0.0,0.01159,0.0,0.0,0.0,0.0,0.0,0.0,1.21392,0.33614,0.0,0.0,0.0,0.0,0.0,0.0,0.0,0.0,0.33924,0.0,0.0,0.0,0.0,0.4308,0.17348,0.0,0.0,0.18354,0.0,0.00241,0.0,0.0,0.03265,0.0,0.0,0.0,0.0,0.0,0.0,0.0,0.0,0.0,0.0,0.0,0.0,0.0,0.0,0.0,0.0,0.0,0.0,0.0,0.0,0.0,0.0,0.0,0.0,0.0,0.0,0.0,0.0,0.0,1.08814,0.00213,0.0,0.0,0.0,0.0,0.0,0.0,0.0,0.0,0.0,0.0,0.0,0.0,0.0,0.0,0.0,0.0,0.0,0.0,0.0,0.0,0.0,0.0,0.0,0.0,0.0,0.0,0.0,0.0,0.0,0.0,0.0,0.0,0.0,0.0,0.0,0.0,0.0,0.0,0.0,0.0,0.0,0.0,0.0,0.0,0.0,0.0,0.01525,0.0,0.0,0.0,0.00854,0.0,0.0,0.0,0.0,0.0,0.0,0.0,0.0,0.0,0.0,0.0,0.0,0.0,0.0,0.0,0.0,0.0,0.0,0.0,0.01529,0.0,0.0,0.0,0.0,0.0,0.0,0.0,0.0,0.0,0.0,0.0,0.0,0.0,0.0,0.0,0.0,0.0,0.0,0.0,0.0,0.0,0.0,0.0,0.0,0.0,0.0,0.0,0.0,0.0,0.0,0.0,0.0,0.13449,0.0,0.0,0.0,0.0,0.0,0.0,0.0,0.0,0.0,0.0,0.0,0.0,0.0,0.0,0.0,0.0,0.0,0.0,0.0,0.0,0.0,0.0,4.09422,0.0,0.0,0.0,0.0,0.0,0.0,0.0,0.0,0.0,0.0,0.0,0.0,0.0,0.0,0.0,0.0,0.0,0.0,0.0,0.0,0.0,0.0,0.0,0.0,0.0,0.0,0.0,0.0,0.0,0.0,0.0,0.0,0.0,0.0,0.0,0.0,0.0,0.0,0.0,0.0,0.0,0.0,0.0,0.0,0.0,0.0,0.0,0.0,0.0,0.0,0.0,0.0,0.0,0.0,0.0,0.0,0.0,0.0,0.0,0.0,0.0,0.0,0.0,0.0,0.0,0.0,0.0,0.0,0.0,0.0,0.0,0.0,0.0,0.0,0.0,0.0,0.0,0.0,0.0,0.0,0.0,0.0,0.0,0.0,0.0,0.0,0.0,0.0,0.0,0.0,0.0,0.0,0.0,0.0,0.0,0.0,0.0,0.0,0.0,0.0,0.0,0.0,0.0,0.0,0.0,0.0,0.0,0.0,0.0,0.0,0.0,0.0,0.0,0.0,0.0,0.0,0.0,0.0,0.0,0.0,0.0,0.0,0.0,0.0,0.0,0.0,0.0,0.0,0.0,0.0,0.0,0.0,0.0,0.0,0.0,0.0,0.0,0.0,0.0,0.0,0.0,0.0,0.0,0.0,0.0,0.0,0.0,0.0,0.0,0.0,0.0,0.0,0.0,0.0,0.0,0.0,0.0,0.0,0.0,0.0,0.0,0.0,0.0,0.0,0.0,0.0,0.0,0.0,0.0,0.0,0.0,0.0,0.0,0.0,0.0,0.0,0.0,0.0,T2D
9.29771,2.66699,3.74717,1.32186,3.23841,5.86544,3.9164,0.26989,0.0,12.39019,4.23652,0.00083,1.29372,3.20957,2.44616,0.0,3.1916,0.0,0.0,0.13633,0.60159,2.47334,0.0,0.47724,2.46072,1.36886,0.72657,0.0,0.02227,0.34285,0.18497,0.01811,0.06776,1.97095,1.31327,0.58469,0.0,0.0,0.00255,0.00032,5.5593,0.22313,0.07281,0.05502,0.0,0.29174,0.0,0.02241,0.05055,0.4109,0.24446,0.72669,0.008,0.01976,0.0,0.02015,0.10154,0.10238,0.0,0.0,0.0,0.0,0.07809,0.0,0.01842,0.17939,0.0,0.00513,0.0,0.0,0.0,0.00252,0.0,0.00422,0.0,0.07769,6.56361,0.0,0.0,0.0,0.0,0.0,0.01625,0.00855,0.00453,0.0,0.0,1.41387,0.0,0.84154,0.0,0.68141,0.0,0.03145,0.0,0.0,0.0,0.0,0.00996,0.02294,0.12784,0.0,0.0,0.0,0.00937,0.0,0.0,0.0,0.0,0.0,0.07679,0.05471,0.20558,0.0,0.03859,0.0,0.0,0.0,0.0,0.0334,0.0,0.0,0.0,0.0,0.0,0.0,0.0,0.0,0.0,0.0,0.0,0.0,0.00255,0.0,0.0,0.0,0.0,0.0,0.0,0.0,0.0,0.0,0.0,0.0,0.0,0.0,0.0,0.09824,0.0,0.0,0.0,0.0,0.0,0.00117,0.0,0.0,0.0,0.02906,0.00294,0.0,0.0,0.0,0.0,0.01807,0.49813,0.0,0.0,0.0,0.0,0.0,0.09194,0.0,0.0,0.0,0.0,0.0,0.00053,0.0,0.0,0.0,0.0,0.0,0.0,0.00632,0.04836,0.0,0.0,0.0,9.94956,0.0,0.0,0.0,0.0,0.0,0.0,0.0,0.0,0.0,0.0,0.0,0.0,0.0,0.0,0.0,0.0,0.0137,0.0,0.0,0.0025,0.0,0.0,0.0,0.0,0.0,0.0,0.0,0.0,0.0,0.0,0.0,0.0,0.0,0.0,0.0,0.0,0.0,0.0,0.0,0.0,0.0,0.0,0.0,0.0,0.0,0.0,0.0,0.0,0.0,0.0,0.00454,0.00983,0.02643,0.0,0.0,0.0,0.0,0.0,0.0,0.0,0.0,0.0,0.0,0.0,0.0,0.0,0.0,0.0,0.65483,0.0,0.0,0.0,0.0,0.0,0.0,0.0,0.0,0.0,0.0,0.0,0.00294,0.0,0.0,0.0,0.0,0.0,0.0,0.0,0.0,0.0,0.0,0.0,0.0,0.0,0.0,0.0,0.0,0.0,0.0,0.0,0.0,0.0,0.0,0.0,0.0,0.0,0.0,0.0,0.0,0.0,0.0,0.0,0.0,0.0,0.0,0.0,0.0,0.0,0.0,0.0,0.0,0.0,0.0,0.0,0.0,0.0,0.0,0.0,0.0,0.0,0.0,0.0,0.0,0.0,0.0,0.0,0.0,0.0,0.0,0.0,0.0,0.0,0.0,0.0,0.0,0.0,0.0,0.0,0.0,0.0,0.0,0.0,0.0,0.0,0.0,0.0,0.0,0.0,0.12945,0.0,0.0,0.0,0.0,0.0,0.0,0.0,0.0,0.0,0.0,0.0,0.00504,0.0,0.0,0.0,0.0,0.0,0.0,0.0,0.0,0.0,0.0,0.0,0.0,0.0,0.0,0.0,0.0,0.0,0.0,0.0,0.0,0.0,0.0,0.0,0.0,0.0,0.0,0.0,0.0,0.0,0.0,0.0,0.0,0.0,0.0,0.0,0.0,0.0,0.0,0.0,0.0,0.0,0.0,0.0,0.05268,0.0,0.0,0.0,0.0,0.0,0.0,0.0,0.0,0.0,0.0,0.0,0.0,0.0,0.0,0.0,0.0,0.0,0.0,0.0,0.0,0.0,0.0,0.0,0.0,0.0,0.0,0.0,0.0,0.0,0.0,0.0,0.0,0.0,0.0,0.0,0.0,0.0,0.0,0.0,0.0,0.0,0.0,0.0,0.0,0.0,0.0,0.0,0.0,0.0,0.0,0.0,0.0,0.0,0.0,0.0,0.0,0.0,0.0,0.0,0.0,0.0,0.0,0.0,0.0,0.0,0.0,0.0,0.0,0.0,0.0,0.0,0.0,0.0,0.0,0.0,0.0,0.0,0.0,0.0,0.0,0.0,0.0,0.0,0.0,0.0,0.0,0.0,0.0,0.0,0.0,0.0,0.0,0.0,0.0,T2D
0.0,1.38652,0.56651,0.0,0.41609,0.91218,0.00051,0.0,3.22149,4.31709,30.06681,0.0,0.0,0.0,0.47422,0.0,0.13561,0.0,0.0,0.39805,0.0,0.0,0.28029,0.52378,2.79408,0.0,0.0293,0.0,0.0,0.0,0.0,0.07317,0.25567,0.0,9.33887,0.44241,0.0,0.0,0.58273,0.0,0.0,0.0,0.0,12.21391,0.0,0.15988,0.0,0.0,0.0,0.0,0.76765,0.0,0.0,0.0,0.09619,0.0,0.0,0.0,0.0,0.0,0.0,0.04271,0.03524,2.22996,0.35554,0.04456,0.0,0.075,0.02658,0.0,0.0,0.32925,0.0,0.00229,0.0,0.0,0.0,1.4341,0.0097,0.0,0.0,0.0,0.0,0.02877,0.0,0.0,0.0,13.50373,0.0,0.0,0.0,0.0,0.51965,0.0,0.0,0.0,0.00061,0.0,0.0,0.0,0.0,0.73636,0.0,0.0,0.0,0.0,0.0,0.0,0.0,0.0,0.0,0.0,0.0,0.0,0.0,0.0,0.0,0.0,0.0,0.0,0.0,0.0,0.0,0.0,0.0,0.0,0.0,0.0,0.0,0.0,0.2178,0.0,0.0,0.0,0.0,0.0,0.0,0.0,0.0,0.0,0.0,0.0,0.0,0.0,0.0,0.0,0.0,0.0,0.0,0.0,0.0,0.0,0.0,0.0,0.0,0.0,0.04557,2.91071,0.0,0.0,0.0,0.0,0.0,0.53562,0.0,0.0,0.0,0.0,0.0,0.0,0.0,0.02331,0.0,0.0,0.0,0.5874,0.0,0.0,0.02041,0.0,0.0,0.0,0.0,0.0,0.00029,0.0,0.0,0.0,0.0,0.0,0.0,0.0,0.0,0.0,0.0,0.0,0.0,0.0,0.0,0.0,0.0,0.0,0.0,0.0,0.56545,0.24169,0.00846,0.0,0.02298,0.0,0.0,0.0,0.0,0.0,0.0,0.0,0.02354,3.54679,0.0,0.0,0.0,0.02852,0.0,0.0,0.04913,0.1719,0.0,0.0,0.0,0.0,0.0,0.0,0.0,0.0,0.00037,0.0,0.0,0.0,0.0,0.00349,0.00357,0.0,0.0,0.0,0.0,0.0,0.0,0.0,0.0,0.0,0.0,0.0,0.01941,0.0,0.0,0.27758,0.0,0.0,0.0,0.0,0.0,0.0,0.0,0.0,0.0,0.0,0.0,0.0,0.0,0.0,0.43671,0.0,0.0,0.0,0.02097,0.0,0.0,0.0,0.0,0.0,0.0,0.0,0.0,0.0,0.0,0.0,0.0,0.0,0.0,0.0,0.0,0.0,0.0,0.0,0.01271,0.0,0.0,0.0,0.0,0.0,0.0,0.0,0.0,0.0,0.0,0.0,0.00906,0.0,0.0,0.0,0.0,0.0,0.0,0.0,0.0,0.0,0.0,0.0,0.0,0.0,0.0,0.0,0.0,0.01911,0.0,0.0,0.38614,0.0,0.0,0.0,0.0,0.0,0.0,0.0,0.0,0.0,0.0,0.0,0.0,0.0,0.0,0.0,0.0,0.0,0.00197,0.0,0.0,0.0,0.0003,0.0,0.00115,0.00622,0.0,0.0,0.0,0.0,0.0,0.0,0.0,0.0,0.02516,0.13491,0.0,0.0,0.0,0.0,0.0,0.0,0.0,0.0,0.0,0.0,0.0,0.0,0.0,0.0,0.0,0.06248,0.0,0.0,0.0,0.0,0.0,0.0,0.0,0.0,0.0,0.0,0.0,0.00151,0.0,0.0,0.0,0.0,0.0,0.0,0.0,0.0,0.0,0.0,0.0,0.0,0.0,0.0,0.0,0.0,0.0,0.0,0.0,0.0,0.0,0.0,0.0,0.0,0.72932,0.0,0.0,0.0,0.0,0.0,0.0,0.0,0.0,0.0,0.0,0.0,0.0,0.0,0.0,0.0,0.0,0.0,0.0,0.0,0.0,0.0,0.0,0.0,0.0,0.0,0.0,0.0,0.0,0.0,0.02034,0.0,0.0,0.0,0.0,0.0,0.0,0.0,0.0,0.0,0.0,0.0,0.0,0.0,0.0,0.0,0.0,0.0,0.0,0.0,0.0,0.0,0.0,0.0,0.0,0.0,0.0,0.0,0.0,0.0,0.0,0.0,0.0,0.0,0.0,0.0,0.0,0.0,0.0,0.0,0.0,0.0,0.0,0.0,0.0,0.0,0.0,0.0,0.0,0.0,0.0,0.0,0.0,0.0,T2D
7.82466,1.10423,4.16196,2.17607,1.41839,0.95434,5.14019,0.0,1.8374,9.47856,3.52406,0.0,2.90662,0.0,2.25244,0.01784,0.0,0.0,0.0,25.97317,0.0,1.95343,0.0,0.50896,1.67787,0.0,0.19442,2.18531,0.65228,0.07051,0.93061,0.00451,0.16656,0.73193,0.68795,0.87546,0.0,0.04312,0.14787,0.0,0.5896,0.12168,0.00782,0.45456,0.0,0.14025,0.0,0.12705,0.0391,0.05081,0.15348,0.38994,0.0,0.0,0.11798,0.04667,0.18348,0.08204,0.00901,0.0,0.0,0.0,0.03272,0.0,0.09018,0.0,0.00114,1.12297,0.0,0.0,0.0,0.03309,0.0,0.00262,0.0,0.15095,1.14313,0.0,0.35713,0.0,0.00446,0.0,0.01353,0.0,0.00747,0.0,0.0,0.27076,0.0,0.1926,0.0,0.0,0.02546,0.27569,0.0,0.0,0.0,0.0,0.0,0.0,0.09418,0.0,0.0,0.0,0.0,0.0,0.0,0.0,0.0,0.0,0.0,0.03514,1.57936,0.0,0.0,0.0,0.0,0.0,0.0,0.0,0.0,0.0,0.0,0.0,0.0,0.0,0.0,0.0,0.0,0.02094,0.0,0.0,0.0,0.0,0.0,0.0,0.0,0.0,0.0,0.0,0.0,0.0,0.0,0.0,0.0,0.0,0.0,0.04243,0.0,0.0,0.0,0.0,0.0,0.0,0.0,0.0,0.00113,0.16934,0.0,0.0,0.0,0.0,0.0,0.0,0.0,0.0,0.0,0.0,0.0,0.0,0.0,0.0,0.0,0.0,0.0,0.0037,0.0,0.0,0.21062,0.0,0.0,0.09819,0.0,0.0,0.0,0.0,0.0,0.0,11.44725,0.0,0.0,0.0,0.0,0.0,0.07548,0.0,0.0,0.0,0.0,0.01332,0.0,0.0,0.00566,0.0105,0.0,0.0,0.07857,0.0,0.0,0.0,0.07712,0.0,0.0,0.0,0.01735,0.0,0.0,0.0,0.0,0.0,0.00267,0.00051,0.0,0.0,0.0,0.0012,0.0,0.0,0.0,0.0,0.0,0.0,0.0,0.0,0.0,0.0165,0.0,0.0,0.0,0.0,0.0,0.0,0.0,0.0,0.0,0.0,0.0,0.0,0.0,0.0,0.0,0.0,0.0,0.0,0.0,0.0,0.0,0.0,0.0,0.0,0.0,0.0,0.0,0.0,0.0,0.0,0.0,0.0,0.0,0.0,0.0,0.0,0.0,0.0,0.0,0.0,0.0,0.0,0.0,0.0,0.0,0.0,0.0,0.0,0.0,0.0,0.0,0.0,0.0,0.0,0.0,0.0,0.0,0.0,0.0,0.0,0.0,0.0,0.0,0.0,0.0,0.0,0.0,0.0,0.05672,0.0,0.0,0.0,0.0,0.0,0.0,0.0,0.0,0.0,0.0,0.0,0.0,0.0,0.0,0.0,0.0,0.0,0.0,0.0,0.0,0.0,0.0,0.0,0.0,0.0,0.0,0.0,0.0,0.0,0.0,0.0,0.0,0.0,0.0,0.0,0.0,0.0,0.0,0.0,0.0,0.0,0.0,0.0,0.0,0.0,0.0,0.0,0.0,0.0,0.0,0.0,0.0,0.0,0.0,0.0,0.0,0.0,0.0,0.0,0.0,0.0,0.0,0.0,0.0,0.0,0.0,0.0,0.0,0.0,0.0,0.0,0.0,0.0,0.0,0.0,0.0,0.0,0.0,0.0,0.0,0.0,0.0,0.0,0.0,0.0,0.0,0.0,0.0,0.0,0.0,0.0,0.0,0.0,0.0,0.0,0.0,0.0,0.0,0.0,0.0,0.0,0.0,0.0,0.0,0.0,0.0,0.0,0.0,0.0,0.0,0.0,0.0,0.0,0.0,0.0,0.0,0.0,0.0,0.0,0.0,0.0,0.0,0.0,0.0,0.0,0.00397,0.0,0.0,0.0,0.0,0.0,0.0,0.0,0.0,0.0,0.0,0.0,0.0,0.0,0.0,0.0,0.0,0.0,0.0,0.0,0.0,0.0,0.0,0.0,0.0,0.0,0.0,0.0,0.0,0.0,0.0,0.0,0.0,0.0,0.0,0.0,0.0,0.0,0.0,0.0,0.0,0.0,0.0,0.0,0.0,0.0,0.0,0.0,0.0,0.0,0.0,0.0,0.0,0.0,0.0,0.0,0.0,0.0,0.0,0.0,0.0,0.0,0.0,0.0,0.0,0.0,0.0,0.0,healthy
18.50471,1.59277,5.9107,0.35123,1.17548,6.02203,0.0,0.0,0.49521,1.07229,1.90823,0.0,0.07922,0.15668,1.53958,0.0,2.9579,0.08786,0.00401,0.28561,2.70676,0.617,2.4074,0.31554,1.36824,0.0,0.41869,0.0,0.47842,3.18312,1.13295,0.0,0.01427,4.01693,0.09781,0.78672,0.0,0.49023,0.0,0.15981,0.36806,0.17323,0.0,0.06104,0.0,0.01986,0.0,0.00277,0.06486,0.08781,1.22653,0.29972,0.0,0.06376,0.0,0.0,0.30713,0.30548,0.0,0.0,0.0,0.0,0.0,0.00125,0.0,0.0,0.0,0.00395,0.0,0.0,0.0,0.0,0.22771,0.0,0.0,0.05107,0.22983,0.0,0.0,0.0,0.0,0.0,0.0,0.0,0.03504,0.0,0.0,2.41484,0.0,0.46025,0.0,0.0,13.32298,0.21066,0.0,0.09939,0.0,0.42057,0.06201,0.43462,0.0,0.22436,0.07516,0.0,0.01733,0.0,0.0,0.0,0.0,0.0,0.27389,0.02712,7.03464,0.0,0.0543,0.39519,0.0,0.0,0.0,0.0,0.0,0.0,2.27912,0.0,0.0,0.0,0.0,0.50345,0.03147,0.0,0.49833,0.0,0.0,0.0,0.0,0.0,0.0,0.46948,0.18435,0.0,0.0,0.0,0.02208,0.0,0.31904,0.0,0.0,0.07132,0.0,0.0,0.0,0.0,0.0,0.02779,0.0,0.0,0.0,0.0,0.0,0.0,0.0,0.0,0.0,0.0,0.0,0.0,0.0,0.0,0.0,0.0,0.0,0.0,0.0,0.01944,0.0,0.0,0.0,0.23105,0.0,0.0,0.0,0.0,0.65526,0.0,0.0,0.0,0.0,0.0,4.62936,0.0,0.0,0.0,0.0,0.0,0.0,0.0,0.0,0.0,0.0,0.0,0.10295,0.0,0.0,0.0,0.0,0.0,0.0,0.0,0.0,0.0,0.0,0.0,0.0,0.0,0.0,0.0,0.0,0.0,0.0,0.0,0.0,0.0,0.0,0.0,0.0,0.0,0.0,0.0,0.0,0.0,0.0,0.0,0.0,0.0,0.0,0.0,0.0,0.0,0.0,0.0,0.0,0.06117,0.0,0.0,0.0,0.0,0.0,0.0,0.0,0.0,0.0,0.0,0.0,0.0,0.0,0.0,0.0,0.0,0.0,0.0,0.0,0.0,0.0,0.0,0.0,0.0,0.0,0.0,0.0,0.0,0.0,0.0,0.0,0.0,0.0,0.0,0.0,0.0,0.0,0.0,0.0,0.0,0.0,0.0,0.0,0.0,0.0,0.0,0.0,0.0,0.0,0.0,0.0,0.0,0.0,0.0,0.0,0.0,0.0,0.0,0.0,0.0,0.0,0.0,0.0,0.0,0.0,0.0,0.0,0.0,0.0,0.0,0.0,0.0,0.0,0.0,0.0,0.0,0.0,0.0,0.0,0.0,0.0,0.0,0.0,0.0,0.0,0.0,0.0,0.0,0.0,0.0,0.0,0.0,0.0,0.0,0.0,0.0,0.0,0.0,0.0,0.0,0.0,0.0,0.0,0.0,0.0,0.0,0.0,0.0,0.0,0.0,0.0,0.0,0.0,0.0,0.0,0.0,0.0,0.0,0.0,0.0,0.0,0.0,0.0,0.0,0.0,0.0,0.0,0.0,0.0,0.0,0.0,0.0,0.0,0.0,0.0,0.0,0.0,0.0,0.0,0.0,0.0,0.0,0.0,0.0,0.0,0.0,0.0,0.0,0.0,0.0,0.0,0.0,0.0,0.0,0.0,0.0,0.0,0.0,0.0,0.0,0.0,0.0,0.0,0.0,0.0,0.0,0.0,0.0,0.0,0.0,0.0,0.0,0.0,0.0,0.0,0.0,0.0,0.0,0.0,0.0,0.0,0.0,0.0,0.0,0.0,0.0,0.0,0.0,0.0,0.0,0.0,0.0,0.0,0.0,0.0,0.0,0.0,0.0,0.0,0.0,0.0,0.0,0.0,0.0,0.0,0.0,0.0,0.0,0.0,0.0,0.0,0.0,0.0,0.0,0.0,0.0,0.0,0.0,0.0,0.0,0.0,0.0,0.0,0.40558,0.0,0.0,0.0,0.0,0.0,0.0,0.0,0.0,0.0,0.0,0.0,0.0,0.0,0.0,0.0,0.0,0.0,0.0,0.0,0.0,0.0,0.0,0.0,0.0,0.0,0.0,0.0,0.0,0.0,0.0,0.0,0.0,healthy
5.70581,1.49296,1.80384,2.7799,1.07932,3.29335,1.47144,3.59438,0.23383,28.51024,4.34341,0.0,0.15512,3.96501,1.97795,0.0,2.75761,0.0,0.5773,3.94172,0.0,0.3866,2.7448,0.2721,0.98108,0.03385,0.30555,1.87947,0.0,1.56966,0.30171,0.02411,0.02847,0.39046,0.22753,0.19577,0.0,1.41469,0.22195,0.0,0.3775,0.08092,0.0,0.00672,0.0,0.0,0.0,0.09447,0.06767,0.1245,0.35681,0.0,0.00353,0.0,0.0,0.2174,0.00756,0.22864,0.0,0.01407,0.0,0.0,0.01316,0.01078,0.0,0.0,0.0,0.0,0.0,0.0,0.0,0.0,0.09988,0.00396,0.0,0.06741,0.55909,0.0,0.0,0.0,0.0,0.0036,0.00133,0.00174,0.00386,0.0,5.96768,1.79514,0.0,0.21936,0.37441,0.0,0.0,0.16101,0.0,0.0,0.0,0.6255,0.0,0.24299,0.0,0.0,1.03964,0.0,0.07801,0.0,0.0,0.0,0.0,0.01542,0.15373,0.04695,0.00517,0.22483,0.01335,0.0,0.0,0.0,0.0,0.0,0.0,0.0,0.0,0.77688,0.0,0.0,0.71608,0.10911,0.0,0.02828,0.11303,0.0,0.0,0.0,0.0,0.0,0.00221,0.0,0.0,0.0,0.0,0.0,0.02639,0.0,0.0,0.0,0.0,0.25689,0.0,0.0,0.0,0.0,0.0,0.0,0.24795,0.0,0.0,0.0,0.0,0.0,0.0,0.0,0.0,0.0,0.0,0.0,0.0,0.0,0.0,0.0,0.06626,0.0,0.0,0.15663,0.0,0.00776,0.0,0.04416,0.0,0.0,0.0,0.0,0.0,0.0,0.0,0.0,0.0,0.0,4.45052,0.0,0.0,0.0,0.0,0.0,0.0,0.0,0.0,0.0,0.0,0.0,0.0,0.0,0.00089,0.0,0.0,0.00297,0.0,0.0,0.0,0.0,0.0,0.0,0.0,0.0,0.0,0.0,0.0,0.0,0.0,0.0,0.0,0.0,0.0,0.0,0.0,0.0,0.0,0.0,0.0,0.0,0.0,0.0,0.0,0.0,0.0,0.0,0.0,0.0,0.0,0.0,0.0,0.0,0.0,0.0,0.0,0.0,0.0,0.0,0.0,0.0,0.0,0.0,0.0,0.0,0.0,0.0,0.0,0.0,0.0,0.0,0.0,0.0,0.0,0.0,0.0,0.0,0.0,0.0,0.0,0.0,0.0,0.0,0.0,0.0,0.0,0.0,0.86635,0.0,0.0,0.0082,0.0,0.0,0.0,0.0,0.0,0.0,0.0,0.0,0.0,0.0,0.0,0.0,0.0,0.0,0.0,0.0,0.12541,0.0,0.0,0.0,0.0,0.0,0.0,0.0,0.0,0.0,0.0,0.0,0.0,0.0,0.0,0.0,0.0,0.0,0.0,0.0,0.0,0.0,0.0,0.0,0.0,0.0,0.0,0.0,0.0,0.0,0.0,0.0,0.0,0.0,0.0,0.0,0.0,0.0,0.0,0.0,0.0,0.0,0.0,0.0,0.0,0.0,0.0,0.0,0.0,0.0,0.0,0.0,0.0,0.0,0.0,0.0,0.0,0.0,0.0,0.0,0.0,0.0,0.0,0.0,0.0,0.0,0.0,0.0,0.0,0.0,0.0,0.0,0.0,0.0,0.0,0.0,0.0,0.0,0.0,0.0,0.0,0.0,0.0,0.0,0.0,0.0,0.0,0.0,0.0,0.0,0.0,0.0,0.0,0.0,0.0,0.0,0.0,0.0,0.0,0.0,0.0,0.0,0.0,0.0,0.0,0.0,0.0,0.0,0.0,0.0,0.0,0.0,0.0,0.0,0.0,0.0,0.0,0.0,0.0,0.0,0.0,0.0,0.0,0.0,0.0,0.0,0.0,0.0,0.0,0.0,0.0,0.0,0.0,0.0,0.0,0.0,0.0,0.0,0.0,0.0,0.0,0.0,0.0,0.0,0.0,0.0,0.0,0.0,0.0,0.0,0.0,0.0,0.0,0.0,0.0,0.0,0.0,0.0,0.0,0.0,0.0,0.0,0.0,0.0,0.0,0.0,0.0,0.0,0.0,0.0,0.0,0.0,0.0,0.0,0.0,0.0,0.0,0.0,0.0,0.0,0.0,0.0,0.0,0.0,0.0,0.0,0.0,0.0,0.0,0.0,0.0,0.0,0.0,0.0,0.0,0.0,0.0,0.0,0.0,0.0,0.0,0.0,healthy
6.98025,0.79635,6.53446,0.2478,1.30505,2.96636,1.47,1.81787,0.38392,0.0,2.11636,0.11364,0.07599,0.0,1.84406,0.0,4.71397,0.43743,0.49786,2.99721,1.72089,0.30154,10.10802,0.28888,1.14592,1.3055,0.30988,0.0,0.0433,2.34983,0.56261,0.0,0.03539,0.0,0.13619,0.41394,0.0,0.0,3.59481,0.30866,1.44225,0.06778,0.0,0.03851,0.0,0.0,0.0,0.21718,0.0,0.10806,1.88481,0.78565,0.0,0.0,0.0,0.03503,0.0,0.0,0.0,0.0,0.0,0.0,0.0,0.0,0.11594,0.00928,0.0,0.64704,0.0,0.0,0.0,0.0,0.12545,0.0,0.0,0.01353,0.0,0.0,0.27844,0.0,0.0,0.0,0.0,0.0,0.0,0.0,3.84693,1.5099,0.0,1.18848,0.0,0.0,0.0,0.68113,0.0,0.31101,0.00951,0.25705,0.05244,1.09696,0.24551,0.22164,0.37608,0.10879,0.34386,0.0,0.0,0.0,0.07689,0.0,0.0,0.0,0.14574,0.0,0.00805,1.9948,0.0,0.0,0.0,0.0,0.0,0.0,0.0,0.0,0.0,0.0,0.0,0.15201,0.17579,0.0,0.68864,0.0,0.0,0.0,0.0,0.0,0.0,2.40472,0.2616,1.01652,0.0,0.0,0.0,0.0,0.0,0.0,0.0,0.67037,0.0,16.75639,0.0,0.0,0.0,0.0,0.7721,0.0,0.0,0.0,0.0,0.0,0.0,0.0,0.0,0.0,0.0,0.0,0.0,0.0,0.0,0.0,0.0,0.0,0.0,0.0,0.0,0.0,0.0,0.0,0.0,0.0,0.0,0.0,0.0,0.0,0.0,0.0,0.0,0.0,0.0,0.15136,0.0,0.0,0.0,0.0,0.0,0.0,0.0,0.0,0.0,0.0,0.0,0.0,0.0,0.0,0.01248,0.0,0.0,0.0,0.0,0.0,0.0,0.0,0.0,0.0,0.0,0.0,0.0,0.0,0.0,0.0,0.0,0.0,0.0,0.0,0.0,0.0,0.0,0.0,0.0,0.0,0.0,0.0,0.0,0.0,0.0,0.0,0.01874,0.0,0.0,0.0,0.0,0.0,0.0,0.0,0.0,0.0,0.0,0.0,0.0,0.0,0.0,0.0,0.0,0.0,0.0,0.0,0.0,0.0,0.0,0.0,0.0,0.0,0.0,0.0,0.0,0.0,0.0,0.0,0.0,0.0,0.0,0.0,0.0,0.0,0.0,0.0,0.0,0.0,0.0,0.01003,0.0,0.0,0.0,0.0,0.0,0.0,0.0,0.0,0.0,0.0,0.0,0.0,0.0,0.0,0.0,0.0,0.70107,0.0,0.0,0.0,0.0,0.0,0.0,0.0,0.0,0.0,0.0,0.0,0.0,0.0,0.0,0.0,0.0,0.0,0.0,0.0,0.0,0.0,0.0,0.0,0.0,0.0,0.0,0.0,0.0,0.0,0.0,0.0,0.0,0.0,0.0,0.0,0.0,0.0,0.0,0.0,0.0,0.0,0.0,0.0,0.0,0.0,0.0,0.0,0.0,0.0,0.0,0.0,0.0,0.0,0.0,0.0,0.0,0.0,0.0,0.0,0.0,0.0,0.0,0.0,0.0,0.0,0.0,0.0,0.0,0.0,0.0,0.0,0.0,0.0,0.0,0.0,0.0,0.0,0.0,0.0,0.0,0.0,0.0,0.0,0.0,0.0,0.0,0.0,0.0,0.0,0.0,0.0,0.0,0.0,0.0,0.0,0.0,0.0,0.0,0.0,0.0,0.0,0.0,0.0,0.0,0.0,0.0,0.0,0.0,0.0,0.0,0.0,0.0,0.0,0.0,0.0,0.0,0.0,0.0,0.0,0.0,0.0,0.0,0.0,0.0,0.0,0.0,0.0,0.0,0.0,0.0,0.0,0.0,0.0,0.0,0.0,0.0,0.0,0.0,0.0,0.0,0.0,0.0,0.0,0.0,0.0,0.0,0.0,0.0,0.0,0.0,0.0,0.0,0.0,0.0,0.0,0.0,0.0,0.0,0.0,0.0,0.0,0.0,0.0,0.0,0.0,0.0,0.0,0.0,0.0,0.0,0.0,0.0,0.0,0.0,0.0,0.0,0.0,0.0,0.0,0.0,0.0,0.0,0.0,0.0,0.0,0.0,0.0,0.0,0.0,0.0,0.0,0.0,0.0,0.0,0.0,0.0,0.0,0.0,0.0,0.0,0.0,healthy
5.75313,0.58581,0.26436,0.84203,1.09835,5.58849,3.18233,0.81601,0.18934,0.7472,0.90764,0.0,0.04874,0.0,0.71824,0.30361,0.0,0.31022,1.61402,0.06585,8.23689,0.84617,8.66099,0.15772,0.53376,0.17075,0.2638,0.0,0.19216,4.50075,3.46663,0.0064,0.02332,1.54074,0.0124,0.1034,0.0,1.14186,0.36881,1.61122,0.0,0.0,0.0,0.02063,0.09631,0.0,0.0,0.33637,0.02116,0.05449,0.91731,0.31328,0.0,0.06989,0.0,0.01946,0.01695,0.09854,0.01448,0.18061,0.0,0.0,0.0,0.0,0.09018,0.0,0.0,0.0,0.0,0.0,0.0,0.0,0.2226,0.0,0.0,0.00141,0.04727,0.0,0.0,0.0,0.0,0.0,0.00464,0.0,0.00989,0.0,1.19644,0.05999,0.0,0.55855,1.4175,0.19011,2.02447,0.02592,0.0,0.18349,0.0,0.00523,0.20442,0.88596,0.21317,0.17521,0.36093,0.0,0.01073,0.0,0.0,0.0,4.1571,0.0,0.7552,0.0,2.57751,0.26976,0.68614,0.11897,0.0,0.0,0.02395,0.0,0.43282,0.0,0.0,0.0,0.0,0.15751,0.0,0.09694,0.08774,0.0,0.0,0.0,0.0,0.0,0.0,0.0,0.0,7.28238,0.08965,0.0,0.0,0.0,0.27229,0.0,0.0,0.0,0.0,0.03361,0.0,0.0,0.02985,0.0,0.16137,0.02307,0.0,0.0,0.0,0.0,0.0,9.91168,0.0,0.0,0.0,0.0,0.0,0.0,0.0,0.0,0.0,0.0,0.0,0.0,2.16351,0.0,0.0,0.0,0.0,0.0,0.0,0.0,0.0,0.0,0.37831,0.0,0.0,0.0,0.0,0.0,0.0,0.0,0.0,0.11799,0.0,0.0,0.0,0.0,0.0,0.0,0.0,0.0,0.0,0.03203,0.0,0.0,0.0,0.0,0.0,0.0,0.0,0.0,0.0,0.0,0.0,0.0,0.0,0.0,0.0,0.0,0.03279,0.0,0.01255,0.0,0.0,0.0,0.0,0.0,0.0,0.0,0.0,0.0,0.0,0.0,0.0,0.0,0.0,0.0,0.0,0.0,0.0,0.00516,0.0,0.01925,0.0,0.0,0.0,0.0,0.0,0.01968,0.0,0.0,0.0,0.0,0.0,0.0,0.0,0.0,0.0,0.0654,0.0,0.0,0.0,0.0,0.0,0.0,0.0,0.0,0.0,0.0,0.0,0.0,0.0,0.0,0.0,0.0,0.0,0.0,0.0,0.0,0.0,0.0,0.0,0.0,0.0,0.0,0.0,0.0,0.0,0.0,0.0,0.0,0.0,0.0,0.0,0.0,0.0,0.0,0.0,0.0,0.0,0.0,0.0,0.0,0.0,0.0,0.0,0.0,0.0,0.0,0.0,0.0,0.0,0.0,0.0,0.0,0.0,0.0,0.0,0.0,0.0,0.0,0.0,0.0,0.0,0.0,0.0,0.0,0.0,0.0,0.0,0.0,0.0,0.0,0.0,0.0,0.0,0.0,0.0,0.0,0.0,0.0,0.0,0.0,0.0,0.03843,0.0,0.0,0.0,0.0,0.0,0.0,0.0,0.0,0.0,0.0,0.0,0.0,0.0,0.0,0.0,0.0,0.0,0.0,0.0,0.0,0.0,0.0,0.0,0.0,0.0,0.0,0.0,0.0,0.0,0.0,0.0,0.0,0.0,0.0,0.0,0.0,0.0,0.0,0.0,0.0,0.0,0.0,0.0,0.0,0.0,0.0,0.0,0.0,0.0,0.0,0.0,0.0,0.0,0.0,0.0,0.0,0.0,0.0,0.0,0.0,0.0,0.0,0.0,0.0,0.0,0.0,0.0,0.0,0.0,0.0,0.0,0.0,0.0,0.0,0.0,0.0,0.0,0.0,0.0,0.0,0.0,0.0,0.0,0.0,0.0,0.0,0.0,0.0,4.98751,0.0,0.0,0.0,0.0,0.0,0.0,0.0,0.0,0.0,0.0,0.0,0.0,0.0,0.0,0.0,0.0,0.0,0.0,0.0,0.0,0.0,0.0,0.0,0.0,0.0,0.0,0.0,0.0,0.0,0.0,0.0,0.0,0.0,0.0,0.0,0.0,0.0,0.0,0.0,0.0,0.0,0.0,0.0,0.0,0.0,0.0,0.0,0.0,0.0,0.0,0.0,0.0,0.0,0.0,0.0,0.0,0.0,0.0,0.0,0.0,0.0,0.0,0.0,0.0,0.0,healthy
8.473,1.55608,1.35442,0.79494,1.11233,2.98875,1.54821,27.01285,1.15303,16.55896,2.21609,0.0,0.30982,6.3189,1.95342,0.0,1.43677,0.12009,0.15952,1.28264,0.17294,0.0,0.72032,0.21095,0.91293,0.0,0.42004,0.0,0.18157,0.53303,0.0,0.0,0.11221,1.71844,0.09149,0.35678,0.0,0.72717,0.0729,0.0,1.39176,0.0,0.03203,0.08454,0.0,0.0,0.10751,0.79699,0.02238,0.00636,0.2153,0.23488,0.00569,0.0,0.0,0.31658,0.15051,0.06805,0.0,0.0,0.0,0.0,0.09697,0.0,0.06464,0.00743,0.0,0.0018,0.0,0.0,0.0,0.00442,0.15391,0.0,0.0,0.06442,0.97341,0.0,0.0,0.0,0.0,0.0,0.0,0.0,0.0,0.0,7.17031,0.36279,0.0,0.43596,0.0,0.0,0.0,0.02069,0.0,0.0,0.0,0.87697,0.67591,0.03206,0.12999,0.1498,0.4461,0.0,0.0302,0.0,0.05992,0.0,0.0,0.0,0.0,0.00897,0.07449,0.03304,0.00261,0.0,0.0,0.0,0.0,0.0,0.0,0.0,0.0,0.0,0.0,0.0,0.0,0.12735,0.0,0.0,0.0,0.0,0.0,0.0,0.0,0.0,0.0,0.0008,0.0,0.0,0.0,0.0,0.0,0.0,0.0,0.0,0.0,0.6161,0.0,0.0,0.0,0.0,0.0,0.0,0.0093,0.0,0.0,0.015,0.0,0.0,0.0,0.02103,0.0,0.0,0.0,0.0,0.0,0.0,0.0,0.0,0.01818,0.0,0.0,0.15326,0.0,0.0,0.00048,0.0,0.0,0.0,0.0,0.0,0.0,0.0,0.02454,0.0,0.0,0.0,0.0,0.0,0.0,0.0,0.0,0.73525,0.0,0.0,0.0,0.0,0.0,0.0,0.0,0.0,0.0,0.0,0.0,0.0,0.0,0.0,0.0,0.0,0.0,0.0,0.0,0.0,0.0,0.0,0.0,0.0,0.0,0.0,0.0,0.0,0.0,0.0,0.0,0.0,0.0,0.0,0.0,0.0,0.0,0.0,0.0,0.0,0.0,0.0,0.0,0.0,0.0,0.0,0.0,0.0,0.0,0.0,0.0,0.01934,0.0,0.0,0.0,0.0,0.0,0.0,0.0,0.0,0.0,0.0,0.0,0.0,0.0,0.0,0.0,0.0,0.0,0.0,0.0,0.0,0.0,0.0,0.0,0.0,0.0,0.0,0.0,0.0,0.0,0.0,0.0,0.0,0.0,0.0,0.0,0.0,0.0,0.0,0.0,0.0,0.0,0.0,0.0,0.0,0.0,0.0,0.0,0.0,0.0,0.0,0.3486,0.0,0.0,0.0,0.0,0.0,0.0,0.0,0.0,0.0,0.0,0.0,0.0,0.0,0.0,0.0,0.0,0.0,0.0,0.0,0.0,0.0,0.0,0.0,0.0,0.0,0.0,0.0,0.0,0.0,0.0,0.0,0.0,0.0,0.0,0.0,0.0,0.0,0.0,0.0,0.0,0.0,0.0,0.0,0.0,0.0,0.0,0.0,0.0,0.0,0.0,0.0,0.0,0.0,0.0,0.0,0.0,0.0,0.0,0.0,0.0,0.0,0.0,0.0,0.0,0.0,0.0,0.0,0.0,0.0,0.0,0.0,0.0,0.0,0.0,0.0,0.0,0.0,0.0,0.0,0.0,0.0,0.0,0.0,0.0,0.0,0.0,0.0,0.0,0.0,0.0,0.0,0.0,0.0,0.0,0.0,0.0,0.0,0.0,0.0,0.0,0.0,0.0,0.0,0.0,0.0,0.0,0.0,0.0,0.0,0.0,0.0,0.0,0.0,0.0,0.0,0.0,0.0,0.0,0.0,0.0,0.0,0.0,0.0,0.0,0.0,0.0,0.0,0.0,0.0,0.0,0.0,0.0,0.0,0.0,0.0,0.0,0.0,0.0,0.0,0.0,0.0,0.0,0.0,0.0,0.0,0.0,0.0,0.0,0.0,0.0,0.0,0.0,0.0,0.0,0.0,0.0,0.0,0.0,0.0,0.0,0.0,0.0,0.0,0.0,0.0,0.0,0.0,0.0,0.0,0.0,0.0,0.0,0.0,0.0,0.0,0.0,0.0,0.0,0.0,0.0,0.0,0.0,0.0,0.0,0.0,0.0,0.0,0.0,0.0,0.0,0.0,0.0,0.0,0.0,0.0,0.0,0.0,0.0,0.0,0.0,0.0,healthy
16.64854,1.47667,3.93475,1.28989,1.98429,3.3583,0.60083,0.0,0.67497,0.0,1.87028,0.32592,0.0,0.0,1.90864,0.0,1.51121,0.0,0.45543,1.78697,1.10078,3.36303,2.24731,0.42762,0.0,0.0,0.41351,0.0,0.44517,10.661,0.0,0.06979,0.02464,7.54118,0.6333,0.41141,0.0,0.0,0.01351,1.23741,0.01075,0.0,0.00358,0.12027,0.0,0.0,0.11649,0.6812,0.14001,0.2608,0.61689,0.35091,0.0,0.0,0.0,0.0,0.00912,0.15373,0.00098,0.0,0.0,0.0,0.0,0.0,0.07894,0.0,0.0,0.35611,0.0,0.0,0.0,0.01363,0.08737,0.0133,0.0,0.00948,3.89871,0.0,3.49843,0.0,0.0,0.0,0.00133,0.0,0.0,0.0,5.35014,4.91513,0.0,0.0,1.3139,0.22267,0.00278,0.39509,0.0,0.0,0.01879,0.0,0.1486,0.32446,0.0,0.16774,0.77236,0.00273,0.0,0.00295,0.0,0.0,0.39848,0.0,0.0,0.0,0.13362,0.0,0.00057,0.0,0.0,0.0,0.00096,0.0,0.0,0.0,3.25869,0.0,0.0,0.0,0.0,0.0,0.0,0.0,0.0,0.0,0.0,0.01392,0.0,0.0,0.0,2.63083,0.0,0.0,0.0,0.0,0.00812,0.0,0.0,0.00322,0.0,0.04502,0.0,0.0,0.0,0.0,0.0,0.0,0.03252,0.0,0.0,0.0,0.0023,0.0,0.19956,0.01925,0.0,0.0,0.0,0.0,0.0,0.0,0.0,0.0,0.0,0.0,0.0,0.15887,0.0,0.0,0.0,0.0,0.0,0.0,0.0,0.0,0.0,0.0,0.01604,0.0,1.44101,0.0,0.94914,0.0,0.0,0.0,0.0,0.0,0.01085,0.0,0.0,0.0,0.0,0.0,0.0,0.00075,0.0,0.0,0.02102,0.0,0.0,0.0,0.0,0.0,0.0,0.0,0.0,0.0,0.0,0.0,0.0,0.0,0.0,0.0,0.0,0.0,0.0,0.0,0.0,0.0,0.0,0.0,0.0,0.0,0.0,0.0,0.0,0.0,0.0,0.0,0.0,0.0,0.0,0.0,0.0,0.0,0.0,0.0,0.0,0.0,0.0,0.0,0.0,0.0,0.0,0.0,0.0,0.0,0.0,0.0,0.0,0.08995,0.0,0.0,0.0,0.0,0.0,0.0,0.00234,0.0,0.0,0.0,0.0,0.06704,0.0,0.0,0.0,0.0,0.0,0.0,0.0,0.0,0.0,0.0,0.0,0.0,0.0,0.0,0.0,0.0,0.0,0.0,0.0,0.0,0.0,0.0,0.0,0.0,0.0,0.0,0.0,0.0,0.0,0.0,0.0,0.0,0.0,0.0,0.0,0.0,0.0,0.00729,0.0,0.0,0.0,0.0,0.0,0.0,0.0,0.0,0.0,0.0,0.0,0.0,0.0,0.0,0.0,0.0,0.0,0.0,0.0,0.0,0.0,0.0,0.0,0.0,0.0,0.0,0.0,0.0,0.0,0.0,0.0,0.0,0.0,0.0,0.0,0.0,0.0,0.0,0.0,0.0,0.0,0.0,0.0,0.0,0.0,0.0,0.0,0.0,0.0,0.0,0.0,0.0,0.0,0.0,0.0,0.0,0.0,0.0,0.0,0.0,0.0,0.0,0.0,0.0,0.0,0.0,0.0,0.0,0.0,0.0,0.0,0.0,0.0,0.0,0.0,0.0,0.0,0.0,0.0,0.0,0.0,0.0,0.0,0.0,0.0,0.0,0.0,0.0,0.0,0.0,0.0,0.0,0.0,0.0,0.0,0.0,0.0,0.0,0.0,0.0,0.0,0.0,0.0,0.0,0.0,0.0,0.0,0.0,0.0,0.0,0.0,0.0,0.0,0.0,0.0,0.0,0.0,0.0,0.0,0.0,0.0,0.0,0.0,0.0,0.0,0.0,0.0,0.0,0.0,0.0,0.0,0.0,0.0,0.0,0.0,0.0,0.0,0.0,0.0,0.0,0.0,0.0,0.0,0.0,0.0,0.0,0.0,0.0,0.0,0.0,0.0,0.0,0.0,0.0,0.0,0.0,0.0,0.0,0.0,0.0,0.0,0.0,0.0,0.0,0.0,0.0,0.0,0.0,0.0,0.0,0.0,0.0,0.0,0.0,0.0,0.0,0.0,0.0,0.0,0.0,0.0,0.0,0.0,0.0,0.0,0.0,0.0,0.0,0.0,0.0,healthy
11.65203,1.01527,3.94095,1.10484,1.75401,4.40078,2.54858,5.1435,0.62519,9.38313,0.22285,0.00439,0.08192,4.43115,0.92561,0.07322,2.34488,0.00152,0.60219,1.22143,0.15647,0.36042,1.75698,0.35087,1.77711,0.0,0.24993,0.02469,0.20343,1.80004,0.99583,0.01889,0.16669,1.59798,0.11437,0.33578,0.0,0.41769,0.73071,0.10483,0.04703,0.0,0.0,0.21728,0.01625,0.0,0.0,0.06565,0.0503,0.03665,0.41099,0.25347,0.0,0.0909,0.0,0.01456,0.5453,0.05387,0.02624,0.0,0.0,0.0,0.01438,0.0,0.18382,0.00435,0.0,0.0,0.0,0.0,0.0,0.0,0.09287,0.00127,0.0,0.09017,0.34719,0.0,0.3776,0.0,0.0,0.0,0.00262,0.0,0.01215,0.0,11.53401,0.15381,0.0,0.70417,8.19995,0.0,0.17332,0.0,0.0,0.13726,0.01838,0.23089,0.65465,0.22398,0.23554,0.05394,0.05712,0.0,0.00852,0.0,0.0,0.0,0.0,0.0,0.0,0.03783,0.27667,0.00672,0.00955,0.03295,0.0,0.0,0.01386,0.0,0.0,0.0,0.0,0.0,0.0,0.0,0.0,0.0,0.05337,0.0,0.0,0.0,0.0,0.0,0.0,0.0,0.0,2.20099,0.09906,0.0,0.0,0.0,0.41532,0.0,0.0,0.01461,0.0,0.02399,0.0,0.00472,0.01476,0.0,0.0,2.1422,0.1292,0.0,0.20829,0.09549,0.0,0.0,0.0,0.0,0.0,0.0,0.0,0.0,0.0,0.0,0.0,0.0,0.0,0.0,0.0,0.0,0.0,0.0,0.0,0.0,0.67343,0.0,0.0,0.02363,0.0,0.0,0.0,0.0,0.0,0.0,0.0,0.0,0.0,0.62472,0.0,0.0,0.0,0.0,0.0,0.0,0.0,0.0,0.0,0.0,0.00108,0.0,0.0,0.00438,0.0,0.0,0.0,0.08934,0.0,0.0,0.0,0.0,0.0,0.0,0.0,0.0,0.0,0.0,0.0,0.0,0.0,0.0,0.0,0.09558,0.0,0.0,0.0,0.0,0.0,0.0,0.0,0.0,0.0,0.0,0.0,0.0,0.0,0.0,0.0,0.03614,0.0,0.0,0.0,0.0,0.0,0.0,0.0,0.0,0.0,0.0,0.0,0.0,0.0,0.0,0.0,0.0349,0.0,0.0,0.0,0.0,0.0,0.0,0.0,0.0,0.00144,0.0,0.0,0.0,0.0,0.0,0.0,0.0,0.0,0.0,0.0,0.0,0.0,0.0,0.0,0.0,0.0,0.0,0.0,0.0,0.0,0.0,0.0,0.0,0.0,0.0,0.0,0.0,0.0,0.0,0.0,0.0,0.0,0.0,0.0,0.0,0.0,0.0,0.0,0.0,0.0,0.0,0.0,0.0,0.0,0.0,0.0,0.0,0.0,0.0,0.0,0.0,0.0,0.14555,0.0,0.0,0.0,0.0,0.0,0.0,0.0,0.0,0.0,0.0,0.0,0.0,0.0,0.0,0.0,0.0,0.0,0.17012,0.0,0.0,0.0,0.0,0.0,0.0,0.0,0.0,0.0,0.0,0.0,0.0,0.0,0.0,0.0,0.0,0.0,0.0,0.0,0.0,0.0,0.0,0.0,0.0,0.0,0.0,0.0,0.0,0.0,0.0,0.0,0.0,0.0,0.0,0.0,0.0,0.0,0.0,0.0,0.0,0.0,0.0,0.0,0.0,0.0,0.0,0.0,0.0,0.0,0.0,0.0,0.0,0.0,0.0,0.0,0.0,0.0,0.0,0.0,0.0,0.0,0.0,0.0,0.0,0.0,0.0,0.0,0.0,0.0,0.0,0.0,0.0,0.0,0.0,0.0,0.0,0.0,0.0,0.0,0.0,0.0,0.0,0.0,0.0,0.0,0.0,0.0,0.0,0.0,0.0,0.0,0.0,0.0,0.0,2.79585,0.0,0.0,0.0,0.0,0.0,0.0,0.0,0.0,0.0,0.00062,0.0,0.0,0.0,0.0,0.0,0.0,0.0,0.0,0.0,0.0,0.0,0.0,0.0,0.0,0.0,0.0,0.0,0.0,0.0,0.0,0.0,0.0,0.0,0.0,0.0,0.0,0.0,1.48141,0.0,0.0,0.0,0.0,0.0,0.0,0.0,0.0,0.0,0.0,0.0,0.0,0.0,0.0,0.0,0.0,0.0,0.0,0.0,0.0,0.0,0.0,0.0,0.0,0.0,0.0,0.0,healthy
6.21919,3.13487,1.9956,1.0435,1.41573,0.08113,2.58364,0.22333,7.03834,0.53831,0.22603,0.01164,0.05174,0.0,0.8805,0.0,2.64593,1.36514,0.02986,0.45927,0.75165,0.47176,0.56988,0.82828,2.08197,0.32064,0.28137,0.0,0.53671,0.15168,0.1592,0.00839,0.19218,1.08657,0.33701,0.11741,0.0,0.16775,2.09569,0.162,0.12899,0.0,0.0,0.03313,0.13827,0.0,0.04141,0.04735,0.04889,0.0336,0.05034,0.24371,0.0,0.06196,0.0,0.03725,0.49264,0.06358,0.02284,0.00343,0.0,0.0,0.0,0.17262,0.01542,0.0,0.00158,0.00111,0.01617,0.0,0.0,0.0,0.29016,0.00435,0.0,0.21991,0.34796,0.0,0.0,0.0,0.0,0.0,0.0159,0.0,0.04819,0.0,9.33271,0.0,0.00201,0.13928,0.0,0.0,0.0,0.06296,0.0,0.30485,0.14226,0.0,0.40559,0.24899,0.01061,0.02283,0.0,0.02203,0.07288,0.0,2.8091,0.00819,0.04418,0.0,0.06629,0.0,4.04138,0.0,0.05029,0.0,0.0,0.0,0.0,0.0,0.05306,0.0,17.93799,0.0,3.05413,0.0,0.0,0.31217,0.13558,0.04178,0.0,0.0,0.00941,0.0,0.0,0.0,0.0,8.29131,0.0,0.0,0.0,0.0,0.03857,0.0,0.0,0.02686,0.0,0.0,0.0,0.0,0.0,0.0,0.82925,0.02626,0.00039,0.0,0.0,0.0,0.0,2.47426,0.0,0.0,0.0,0.0,0.0,0.0,0.0,0.0,0.0,0.04698,0.0,0.0,0.18842,0.01249,0.0,0.0,0.0,0.0,0.03794,0.0,0.0,0.00456,0.00542,0.0,0.0,0.0,0.0,0.0,3.16933,0.99336,0.88744,0.0,0.0,0.13787,0.0,0.0,0.0,0.0,0.0,0.0,0.0,0.0,0.0,0.0,0.0,0.0,0.0,0.0,0.02514,0.01061,0.0,0.07609,0.0,0.0,0.0,0.0,0.0,0.0,0.0,0.0,0.0,0.01574,0.0,0.0,0.0023,0.0,0.0,0.0,0.0,0.0,0.0,0.0,0.0,0.0,0.0,0.0,0.0,0.0,0.0,0.0,0.0,0.07004,0.0,0.0,0.0,0.0,0.0,0.0,0.0,0.00839,0.0,0.0,0.0,0.0,0.0,0.0,0.0,0.0,0.0,0.0,0.0,0.0,0.0,0.0,0.0,0.0,0.0,0.0,0.0,0.0,0.0,0.0,0.0,0.0,0.00298,0.0,0.0,0.0,0.0,0.0,0.0,0.0,0.0,0.0,0.0,0.0,0.0,0.0,0.00374,0.0,0.0,0.0,0.0,0.0,0.0,0.0,0.1086,0.0,0.0,0.0,0.0,0.0,0.0,0.0,0.0,0.0,0.0,0.02807,0.0,0.0,0.0,0.0,0.0,0.0,0.0,0.0,0.0,0.0,0.0,0.0,0.0,0.0,0.0,0.0,0.0,0.0,0.0,0.0,0.0,0.0,0.0,0.0,0.0,0.10308,0.0,0.0,0.0,0.0,0.0,0.0,0.0,0.0,0.0,0.0,0.0,0.0,0.0,0.0,0.0,0.0,0.0,0.0,0.0,0.0,0.0,0.0,0.0,0.0,0.0,0.0,0.0,0.0,0.0,0.0,0.0,0.0,0.0,0.0,0.0,0.0,0.0,0.0,0.0,0.0,0.0,0.0,0.0,0.0,0.0,0.0,0.0,0.0,0.0,0.0,0.0,0.0,0.0,0.0,0.0,0.0,0.0,0.0,0.0,0.0,0.0,0.0,0.0,0.0,0.0,0.0,0.0,0.0,0.0,0.0,0.0,0.0,0.0,0.0,0.0,0.0,0.0,0.0,0.0,0.0,0.0,0.0,0.0,0.0,0.0,0.0,0.0,0.0,0.0,0.0,0.0,0.0,0.0,0.0,0.0,0.0,0.0,0.0,0.0,0.0,0.0,0.0,0.0,0.0,0.0,0.0,0.0,0.0,0.0,0.0,0.0,0.0,0.0,0.0,0.0,0.0,0.0,0.0,0.0,0.0,0.0,0.0,0.0,0.0,0.0,0.0,0.0,0.0,0.0,0.0,0.0,0.0,0.0,0.0,0.0,0.0,0.0,0.0,0.0,0.0,0.0,0.0,0.0,0.0,0.0,0.0,0.0,0.0,0.0,0.0,0.0,0.0,0.0,0.0,0.0,0.0,0.0,0.0,0.0,0.0,0.0,0.0,0.01145,0.00194,healthy
6.48073,4.65715,1.69441,3.37277,0.0,0.42327,2.68958,0.0,0.55555,12.20416,0.35917,0.12844,1.67995,0.09648,1.36916,0.0,0.46994,1.87952,0.2483,0.63836,0.0976,2.33304,0.12981,2.49222,0.01511,0.04264,0.82754,0.0,0.04402,0.03529,0.01065,0.0,0.17741,0.0,2.01956,0.10234,0.0,0.0716,0.04439,0.01443,1.08397,0.0,0.05976,0.23758,0.0,0.51285,0.00884,0.01907,0.01481,0.0,0.07789,0.02093,0.0,0.0,0.27097,0.06294,0.0,0.02729,0.0,0.0,0.0,0.0,0.00452,0.0,0.01118,0.0,0.0,0.01258,0.0,0.0,0.00871,0.0,0.01075,0.0,0.0,0.0,5.60685,0.02728,0.0,0.0,0.0,0.04066,0.0033,0.01826,0.00646,0.0,0.0,3.14234,0.0,0.13606,0.0,0.0,29.53929,0.12164,0.0,0.0,0.0,0.66907,0.0,0.0,0.0,1.1498,0.02478,0.0,0.0,0.0,0.0,0.0,0.0,0.0,0.0,0.0175,0.03682,0.0,0.10189,0.0,0.0,0.0,0.0,0.0,0.0,0.0,0.0,0.0,0.0,0.0,0.0,0.0,0.00623,0.0,0.0,0.0,0.0,0.00387,0.0,0.0,0.0,0.0,0.0,0.0,0.0,0.0,0.0,0.0,0.0,0.0,0.0,0.0234,0.0,0.0,0.0,0.0,0.0,0.0,0.0,0.0,0.02464,0.08202,0.0,1.4118,0.0,0.0,0.46041,0.08177,0.0,0.0,0.21642,0.0,0.19948,0.0,0.15261,0.08264,0.0,0.0,0.0,0.00965,0.0,0.0,0.01012,0.0,0.0,0.0078,0.0,0.0,0.01701,0.0,0.0,0.0,0.0,0.0,0.0,0.0,0.0,0.0,0.0,0.0,0.0,0.0,0.0,0.0,0.0,0.00322,0.0,0.0,0.0,0.00121,0.0,0.0,0.0,0.0,0.0,0.0,0.0,0.0,0.0,0.0,0.0,0.0,0.0,0.0,0.0,0.00218,0.0,0.0,0.0,0.0,0.0,0.0,0.0,0.0,0.0,0.0,0.0,0.0,0.0,0.0,0.0,0.0,0.0,0.0,0.0,0.0,0.0,0.0,0.0,0.0,0.0,0.0,0.0,0.0,0.0,0.0,0.0,0.00266,0.0,0.0,0.0,0.00363,0.0,0.0,0.0,0.0,0.01285,0.0,0.00342,0.0,0.0,0.0,0.0,0.0,0.0,0.0,0.0,0.0,0.0,0.0,0.0,0.0,0.0,0.0,0.0,0.0,0.0,0.0,0.0,0.0,3.38097,0.0,0.0,0.0,0.38027,0.0,0.0,0.0,0.0,0.0,0.0,0.0,0.0,0.0,2.14446,0.0,0.0,0.0,0.0,0.0,0.0,0.0,0.0,0.0,0.0,0.0,0.0,0.0,0.0,0.0,0.0,0.0,0.0,0.0,0.0,0.0,0.0,0.0,0.0,0.0,0.0,0.0,0.0,0.0,0.00641,0.0,0.0,0.0,0.0,0.0,0.0,0.0,0.0,0.0,0.0,0.0,0.0,0.0,0.0,0.0,0.0,0.0,0.0,0.0,0.0,0.0,0.0,0.0,0.0,0.0,0.0,0.0,0.0,0.0,0.0,0.0,0.0,0.0,0.0,0.0,0.0,0.0,0.0,0.0,0.0,0.0,0.0,0.0,0.00107,0.0,0.0,0.0,0.0,0.0,0.0,0.0,0.0,0.0,0.0,0.0,0.0,0.0,0.0,0.0,0.0,0.0,0.0,0.0,0.0,0.0,0.0,0.0,0.00317,0.0,0.0,0.0,0.0,0.0,0.0,0.0,0.0,0.0,0.0,0.0,0.0,0.0,0.0,0.0,0.0,0.0,0.0,0.0,0.0,0.0,0.0,0.0,0.0,0.0,0.0,0.0,0.0,0.0,0.0,0.0,0.0,0.0,0.0,0.0,0.0,0.0,0.0,0.0,0.0,0.0,0.0,0.0,0.0,0.0,0.0,0.0,0.0,0.0,0.0,0.0,0.00587,0.0,0.0,0.0,0.0,0.0,0.0,0.0,0.0,0.0,0.0,0.0,0.0,0.0,0.0,0.0,0.0,0.0,0.0,0.0,0.0,0.0,0.0,0.0,0.0,0.0,0.0,0.67991,0.0,0.0,0.0,0.0,0.0,0.0,0.0,0.0,0.0,0.0,0.0,0.0,0.0,0.0,0.0,0.0,0.0,0.0,0.02543,0.0,healthy
5.58192560847471,0.7595025366549746,0.45990763702398485,0.9716953298840099,0.9733143671126745,5.598755359804578,3.6050540226415686,0.704056149405497,0.5227824435232209,0.7612849302726273,1.987265333023828,0.0037618049242688005,0.058788386786473815,0.00952708797674368,0.8551217961095172,0.26602576473415934,0.5715506060724163,0.26651261709338325,1.4153262542135088,0.056572290102505605,7.320310027671335,0.7269517800461224,7.811226445921718,0.3978274139302954,0.45855771549147134,0.18315409384017325,0.25553248266082046,0.0,0.22019742246926932,3.9491989523170954,2.9782110560068182,0.02058919003457344,0.16773104162086272,1.3236627221341606,0.10836406629280769,0.256991536334921,0.00035927350400320003,0.980981551654473,0.3168477799955215,1.466938578623719,0.056301680366556375,0.0,0.14411376040774634,0.023743703701361064,0.08274073287429483,0.03157661871262635,0.03167101606465856,0.30636432229507393,0.09191715546880277,0.0470297913580512,0.9276148094442329,0.2831911962686575,0.0017104236621956267,0.07156238293824234,0.0,0.02007569616176235,0.127425898023133,0.15855980890406401,0.012439890063542612,0.15516357350665963,0.0,0.0,0.026084665306334295,0.004669146636339628,0.08388214681217919,0.0,0.028723564416130346,0.0,0.0,0.0,0.0,0.00626826595807936,0.1912375364740736,0.005018557730429013,0.0015737588391042134,0.13278575354620545,0.05349036282421227,0.0,0.021314076739452587,0.0009566537616398933,0.0,0.0,0.00813551985659584,0.0008030819501248001,0.011180566783007571,0.0005607484493853867,4.560040261588673,0.8907176940289206,0.0008044908658267733,0.47985501346627946,1.21778619924528,0.1661077121011823,1.7392392428826047,0.02226809050048512,0.0,0.1576378057844913,0.0,0.13852751456369708,0.8668823006579475,0.7789908931590785,0.18404348569310527,0.17250488185221122,0.352158090839514,0.0,0.019063736377172267,0.0,0.03754055887907947,0.0,3.5743104733729423,0.0,0.6487986861869739,0.005551127865774933,2.2256121696966304,0.23175309002356737,0.6066081175393072,0.10220812989362325,0.0,0.0,0.03093681296608576,0.011174110432350507,0.37183931058719016,0.0,0.0,0.0,0.0,0.13531816877821803,0.0,0.08328197118507051,0.08260591118200918,0.0,0.0,0.0,0.00104823328226816,0.0,0.0,0.0,0.0,6.256354047026344,0.07701907073180907,0.0,0.08667790290110144,0.0,0.23392663435096808,0.004640968322300159,0.0,0.0,0.0,0.028874634325667628,0.0,0.0,0.07194981009066517,0.0,0.13863432731725633,0.02049591101249472,0.00030996145443413337,0.0,0.0,0.0,0.00027192073048085336,8.515207841506495,0.0,0.0,0.0,0.0022091798206941866,0.008146350588809814,0.0,0.0,0.0,0.0,0.0,0.0031503355096123738,0.0,1.8586896789623675,0.0,0.0,0.000211337355296,0.0019668463199547736,0.005987891733386667,0.0530668099148256,0.004102762524146347,0.0,0.013114187353967787,0.3250093100786468,0.0,0.011227649229025494,0.0,0.0,0.10399206796265173,0.0,0.03805622202600171,0.0,0.10468842685766976,0.0,0.0,0.0,0.0,0.025425292757810775,0.0,0.0,0.0012962024458154668,0.0,0.027673632649498455,0.0,0.0,0.0006692349584373333,0.0,0.0,0.0,0.0,0.0,0.0,0.0,0.028130410905599576,0.0,0.003422256240093227,5.353879667498667e-05,0.0,0.0,0.030428657283492692,0.0,0.010781810794023466,0.00617527752174912,0.0,0.0,0.0012398458177365335,0.0,0.0,0.0,0.0,0.0,0.0,0.0,0.0,0.0,0.0,0.0,0.0,0.0,0.0,0.004432999497781759,0.004263378914171306,0.016537837273701332,0.0,0.0005128453155182934,0.0,0.0,0.0,0.01690725389851648,0.0,0.0,0.0,0.0,0.0,0.0,0.0,0.0,0.0,0.0561856913090944,0.0,0.0,0.0,0.0,0.0,0.0,0.0,0.0,0.0,0.0,0.0,0.0,0.0,0.0,0.0,0.0,0.0006523279700136532,0.0,0.0,0.0,0.0,0.0,0.0,0.0,0.0,0.0,0.0,0.0,0.0,0.0,0.0,0.0,0.0,0.0,0.0,0.0,0.0,0.0,0.0,0.0,0.0,0.0,0.0,0.0,0.0,0.0,0.0,0.0,0.0,0.0,0.0,0.0,0.0,0.0,0.0,0.0,0.0,0.0,0.0,0.0,0.0,0.0,0.0,0.0,0.0,0.0,0.0,0.0,0.0,0.0,0.0,0.0,0.0,0.0,0.0,0.0,0.0,0.0,0.0,0.0,0.0,0.0,0.0,0.0,0.0,0.03301553695731648,0.0,0.0,0.0,0.0,0.0,0.0,0.0,0.0,0.0,0.0,0.0,0.0,0.0,0.0,0.0,0.0,0.0,0.0,0.0,0.0,0.0,0.0,0.0,0.0,0.0,0.0,0.0,0.0,0.0,0.0,0.0,0.0,0.0,0.0,0.0,0.0,0.0,0.0,0.0,0.0,0.0,0.0,0.0,0.0,0.0,0.0,0.0,0.0,0.0,0.0,0.0,0.0,0.0,0.0,0.0,0.0,0.0,0.0,0.0,0.0,0.0,0.0,0.0,0.0,0.0,0.0,0.0,0.0,0.0,0.0,0.0,0.0,0.0,0.0,0.0,0.0,0.0,0.0,0.0,0.0,0.0,0.0,0.0,0.0,0.0,0.0,0.0,0.0,4.284811884725098,0.0,0.0,0.0,0.0,0.0,0.0,0.0,0.0,0.0,0.0,0.003401122504563627,0.0,0.0,0.0,0.0,0.0,0.0,0.0,0.0,0.0,0.0,0.0,0.0,0.0,0.0,0.0,0.0,0.0,0.0,0.0,0.0,0.0,0.0,0.0,0.0,0.0,0.0,0.0,0.0,0.0,0.0,0.0,0.0,0.0,0.0,0.0,0.0,0.0,0.0,0.0,0.0,0.0,0.0,0.0,0.0,0.0,0.0,0.0,0.0,0.0,0.0,0.0,0.0,0.0,0.0,healthy
4.21006071373694,1.9856748670229538,1.5771320761940293,0.2694054427176701,0.3655047702541953,2.5723835030892603,1.2936517453797785,1.1790840638872848,0.24821077534875063,0.8615160826878541,0.8235691732055905,0.1147917843874363,0.6018064591203436,2.020923087142965,2.082514513399584,0.08875874374253982,5.608699493329417,0.0,0.2681539315279324,1.1934056251548295,0.9352554249704802,0.8778987019387599,1.1016542996743115,0.6978932962943301,1.220167696220469,0.13633554068556497,0.22860011745661923,0.025314076024105066,0.20042462470343497,1.4658569419876382,0.2917045386613518,0.059933675709783,0.08195380054247368,1.6981995278895903,0.5690114750325783,0.42994556808671736,0.0,1.0621247453419425,0.14327214958710294,0.8725332905031609,0.3475479745465572,0.492602891225301,0.04161004547369024,0.026347801070371664,0.05405748678604912,0.006813296637803462,0.031760316037940675,5.737824619346367,0.0459210780446931,0.037847896585617845,0.6814249159917969,0.3127132608241175,0.0,0.0,0.008947094197313763,0.004065840049028806,0.0,0.06730106118941682,0.002705147572556706,0.4183796297142366,0.0,0.0,0.018299339829977584,0.0,0.007485432358635302,0.0,0.0,0.04925248634915504,0.350705834962932,0.0,0.0,0.0,0.5455775055697012,0.002383640944642837,0.0,0.024642649460263975,0.3520582370296639,0.0,0.11309802317796848,0.0,0.0,0.0,0.005465794750096195,0.0,0.003867744008301364,0.0,13.941951712476556,8.749351429070865,7.119772858280239,4.699027128679399,3.368300735545848,0.8360367393687657,0.5663743030551246,0.720236628920577,0.4519531786569113,0.3588851036837688,0.3335274141040896,0.5465325476235339,0.8284803248060314,0.4003997332985429,0.3210571765453194,0.2863908929861693,0.20548355368529808,0.31078176841199,0.2208819274855479,0.11368549275922606,0.444062577640009,0.11159221034325076,0.11068721323883532,0.08556593170148165,0.06835579966747715,0.09090840294897853,1.9428924878675975,0.03879324993476798,0.04475007374258895,0.027518162057729684,0.017286461241602442,0.012073512773431706,0.0063585723815712996,0.0007765402510876096,0.0,0.0,0.0,0.0,0.0,0.0,0.015376799226957985,0.1487506417298438,0.0012827530506121234,0.0,0.0,0.0,0.0,0.0,0.0,0.0,0.0,1.2062132869415483,0.38437126853278714,0.31855467087011397,0.28626176875546344,0.26650087682388174,0.23603630374086318,0.18474241909676575,0.09629091317392423,0.04213924958162762,0.03224094249741053,0.019335472565429324,0.018676234921697014,0.016909607935537533,0.010171095074727013,0.008618801509682469,0.006917124045072968,0.006598871389478063,0.0063390733032781385,0.005631123518383347,0.0032279912210340517,0.0025914859098442387,0.0006722275480423025,0.0,0.0,0.0,0.0,0.0,0.0,0.0,0.0,0.0,0.0,0.0,0.0,0.0,0.0,0.0,0.0,0.0,0.0,0.0,0.0,0.0,0.0,0.0,0.0,0.0,0.0,0.0,0.0,0.0,0.0,0.0,0.0,0.0,0.0,0.0,0.0,0.0,0.0,0.0,0.0,0.0,0.0,0.0,0.0,0.0,0.0,0.0,0.0,0.0,0.0,0.0,0.0,0.0,0.0,0.0,0.0,0.0,0.0,0.0,0.0,0.0,0.0,0.0,0.0,0.0,0.0,0.0,0.0,0.0,0.0,0.0,0.0,0.0,0.0,0.0,0.0,0.0,0.0,0.0,0.0,0.0,0.0,0.0,0.0,0.0,0.0,0.0,0.0,0.0,0.0,0.0,0.0,0.0,0.0,0.0,0.0,0.0,0.0,0.0,0.0,0.0,0.0,0.0,0.0,0.0,0.0,0.0,0.0,0.0,0.0,0.0,0.0,0.0,0.0,0.0,0.0,0.0,0.0,0.0,0.0,0.0,0.0,0.0,0.0,0.0,0.0,0.0,0.0,0.0,0.0,0.0,0.0,0.0,0.0,0.0,0.0,0.0,0.0,0.0,0.0,0.0,0.0,0.0,0.0,0.0,0.0,0.0,0.0,0.0,0.0,0.0,0.0,0.0,0.0,0.0,0.0,0.0,0.0,0.0,0.0,0.0,0.0,0.0,0.0,0.0,0.0,0.0,0.0,0.0,0.0,0.0,0.0,0.0,0.0,0.0,0.0,0.0,0.0,0.0,0.0,0.0,0.0,0.0,0.0,0.0,0.0,0.0,0.0,0.0,0.0,0.0,0.0,0.0,0.0,0.0,0.0,0.0,0.0,0.0,0.0,0.0,0.0,0.0,0.0,0.0,0.0,0.0,0.0,0.0,0.0,0.0,0.0,0.0,0.0,0.0,0.0,0.0,0.0,0.0,0.0,0.0,0.0,0.0,0.0,0.0,0.0,0.0,0.0,0.0,0.0,0.0,0.0,0.0,0.0,0.0,0.0,0.0,0.0,0.0,0.0,0.0,0.0,0.0,0.0,0.0,0.0,0.0,0.0,0.0,0.0,0.0,0.0,0.0,0.0,0.0,0.0,0.0,0.0,0.0,0.0,0.0,0.0,0.0,0.0,0.0,0.0,0.0,0.0,0.0,0.0,0.0,0.0,0.0,0.0,0.0,0.0,0.0,0.0,0.0,0.0,0.0,0.0,0.0,0.0,0.0,0.0,0.0,0.0,0.0,0.0,0.0,0.0,0.0,0.0,0.0,0.0,0.0,0.0,0.0,0.0,0.0,0.0,0.0,0.0,0.0,0.0,0.0,0.0,0.0,0.0,0.0,0.0,0.0,0.0,0.0,0.0,0.0,0.0,0.0,0.0,0.0,0.0,0.0,0.0,0.0,0.0,0.0,0.0,0.0,0.0,0.0,0.0,0.0,0.0,0.0,0.0,0.0,0.0,0.0,healthy
6.420037071491468,1.9760286464791479,2.891404045403858,0.7157853543153564,0.5886852098969417,5.806729652884792,0.7572633020047604,0.4904921948962431,0.2947994568600104,0.710281782036176,1.5976374616631206,0.07147089329776155,0.5702938471039115,1.0595103948845024,0.9796106468402834,0.7615216304672644,2.6573875397588482,0.0,0.461391912605012,1.3891089740207572,3.0382533517603068,1.4900205234038904,0.620301938642939,0.40526620852913753,0.36600182223064903,0.0,0.30891185566284324,0.0,0.16338413711443062,3.3436247946353155,0.03697665405398076,0.003019404170221604,0.09374029888544311,5.94956920048933,0.2084025929858298,0.02852084307272841,0.0,0.40497849948763703,0.5185759685901679,0.4795325515273804,0.49449634326006675,0.09321282033919706,0.0,0.24921208779223827,0.13517359240349747,0.0,0.606365926653214,0.3218953496657226,0.017184787683445973,0.284200558036864,0.6000129410490103,0.0763361224071545,0.0,0.024560374931722792,0.06413372486829798,0.7454516601526731,0.0,0.06332167942832126,0.0007711852042451555,0.018455485118926657,0.0,0.0,0.0,0.0,0.06659132632728906,0.007101609837353215,0.0,0.003000871990718812,0.0,0.0,0.0,0.0,0.5842943113627015,0.00045457775490581343,0.24494164693508247,0.03015367516691271,0.9729290838513418,0.0,0.0,0.0,0.0,0.0,0.0029723187659972177,0.0,0.0007181010910830966,0.0,7.929670418836875,0.2190361758824151,0.0,0.8721712534860936,1.2248729367605231,0.014740836617416776,5.760076173923235,1.288853233280515,0.0,0.1313440157726292,0.015925039702423732,0.21391785951797293,0.2397089127810654,0.5186945733490422,0.2129723746608702,0.13946451682218114,0.3338293100219833,0.04211500238801387,0.0291444873805429,0.0,0.0,0.0,0.19162081053434632,0.00038894558127146973,0.07527438189262496,0.011519263832649491,0.2608422001056321,0.12990266037386608,0.07896265895640613,0.04969115098657915,0.0,0.0,0.0,0.0,0.0,0.0,14.761912434176173,0.0,0.0,0.0016799612681301804,0.3385838344551122,0.21985304086708846,0.07155410987572412,0.0,0.0,0.0,0.0,0.0,0.0,0.0,0.0,2.922553933460629,0.0,0.22285790806372216,0.0,0.0,0.018246912528270157,2.2790600058233235,0.0,0.0,0.0,0.4443485946380277,0.026475123359651076,0.0,0.0794387819955488,0.0,0.3401236104603127,0.0038375585830816863,0.08989743567033665,0.0021257887803975157,0.0,0.0,0.0,0.14393644622003207,0.03098046220934185,0.01849604415794306,0.00013176166808864158,0.0,0.0,0.0,0.0,0.0,0.0,0.0,0.0,0.0,0.1723900699611323,0.0,0.0,0.0,0.0,0.0,0.05207847214059024,0.0,0.0,0.02355132554181727,0.0,0.0,0.010796592859432175,0.0,1.584027821436145,0.0,0.0,0.0,0.0,0.0,0.0,0.0,0.0,0.0,0.0,0.0004962409140360131,0.0,0.0,0.0,0.0,0.0,0.006524897423743794,0.0,0.0,0.0,0.0,0.0,0.0,0.0,0.0,0.0,0.0,0.0,0.0,0.0,0.0,0.0,0.0,0.0,0.0,0.0,0.0,0.0,0.021378595053335264,0.0,0.0,0.0,0.0,0.0,0.0,0.003580981731016635,0.0,0.0,0.0,0.0,0.033871795362106785,0.0,0.0,0.0,0.0,0.0,0.012338963267922488,0.0,0.0,0.0,0.0,0.0,0.0,0.0,0.0,0.0,0.0,0.0,0.0,0.0,0.04538592575940185,0.0,0.0,0.0,0.0,0.0,0.0,0.0,0.0,0.0,0.0,0.0,0.0,0.0,0.0,0.0,0.0,0.0,0.0,0.0,0.0,0.0,0.001207072493601113,0.0,0.03628594034930901,0.0,0.0,0.0,0.0,0.0,0.0,0.0,0.0,0.0,0.0,0.0,0.0,0.0,2.599973797592117,0.0,0.0,0.0,0.0,0.0,0.0,0.0,0.0,0.0,0.0,0.0,0.0,0.0,0.0,0.0,0.0,0.0,0.0,0.0,0.0,0.0,0.0,0.0,0.0,0.0,0.0,0.0,0.0,0.0,0.0,0.0,0.0,0.0,0.0,0.0,0.0,0.0,0.0,0.0,0.0,0.0,0.0,0.0,0.0,0.0,0.0,0.0,0.0,0.0,0.0,0.0,0.0,0.0,0.0,0.0,0.0,0.0,0.0,0.0,0.0,0.0,0.0,0.0,0.0,0.0,0.0,0.0,0.0,0.0,0.0,0.0,0.0,0.0,0.0,0.0,0.0,0.0,0.0,0.0,0.0,0.0,0.0,0.0,0.0,0.0,0.0,0.0,0.0,0.0,0.0,0.0,0.0,0.0,0.0,0.0,0.0,0.0,0.0,0.0,0.0,0.0,0.0,0.0,0.0,0.0,0.0,0.0,0.0,0.0,0.0,0.0,0.0,0.0,0.0,0.0,0.0,0.0,0.0,0.0,0.0,0.0,0.0,0.0,0.0,0.0,0.0,0.0,0.0,0.0,0.0,0.0,0.0,0.0,0.0,0.0,0.0,0.0,0.0,0.0,0.0,0.0,0.0,0.0,0.0,0.0,0.0,0.0,0.0,0.0,0.0,0.0,0.0,0.0,0.0,0.0,0.0,0.0,0.0,0.0,0.0,0.0,0.0,0.0,0.0,0.0,0.0,0.0,0.0,0.0,0.0,0.0,0.0,0.0,0.0,0.0,0.0,0.0,0.0,0.0,0.0,0.0,0.0,0.0,0.0,0.0,0.0,0.0,0.0,0.0,0.0,0.0,0.0,0.0,0.0,0.0,0.0,0.0,0.0,0.0,0.0,0.0,0.0,healthy
4.716789793614003,3.925218388251107,3.066335026241234,0.46373627698909686,1.04984903262287,2.417703273891242,4.811421853130041,2.9276118590152187,0.5218984499784515,1.9672075662941149,1.4080343965176287,0.33599364211862925,0.8357063821381395,2.3142175815242036,2.251973754071213,0.14947007809175483,1.6081041165156948,0.0,0.0642200504138949,0.5217090698138568,1.025609836521952,1.6422290760309166,1.8939901314652843,0.625846350716407,1.781439658752618,0.23439128654314004,1.3699008518920812,0.04352055830126665,0.36287732727933236,0.6724419536645896,0.5015053430931722,0.0035891803616307037,0.14032279937370182,0.3606411129359435,0.43779364150260747,0.1394423939212368,0.0,0.007950352156218091,0.24631686865109456,0.18332821434156876,0.2564751928425826,0.43912494567174143,0.051917597388515535,0.08384129918866778,0.09372311149522249,0.03213267329804812,0.05650675427306503,0.17393742032158643,0.00882061386384385,0.013656938259459078,0.18940944112135288,0.03878446278673496,0.0,0.0060113496025626795,0.00047260426706407545,0.014701929980650966,0.0,0.025115021747214965,0.004650753696594628,0.0,0.0,0.0,0.009129654392723776,0.0,0.06968323225852811,0.0,0.0,0.02843854302070565,0.0,0.0,0.0,0.0,0.4779767596672459,0.0010423795049263722,0.3249618106607965,0.009360285184706964,0.35615781140093267,0.0,0.03126255142317314,0.0,0.0,0.0,0.019360956011387584,0.0,0.00934821986077417,0.0,16.25521840868896,3.1806577111800642,1.8840744789260861,0.17286449186485447,2.5674999759159975,0.0,0.0013343699081465978,0.5362720898307504,0.0,0.47650409271583266,0.0,0.529136781950925,0.9162244286804074,0.21199732126457935,0.09272475077196107,0.510343353310524,0.023527342229831643,0.3120028456686509,0.16114610317504288,0.0,2.797919852472647,0.0,0.2957993338696457,0.011652008361096023,0.5929240132238183,0.07889952530969357,3.7221490784950038,0.0,0.019272991309297306,0.016615417768386088,0.0,0.0,0.008296542608811065,0.0,0.0,0.0,0.0,0.0,0.5899514648898545,0.032468354833532886,0.02643615696683741,0.28962620643282877,0.013627345319041024,0.0,0.0,0.0,0.004094431360452317,0.0,0.0,0.0,0.0,2.5179410075323014,0.6608201771055703,0.5504670162261894,0.49336264145805075,0.45817461147339916,0.40579919679422244,0.31761353696503625,0.16554561567554296,0.07244679467828558,0.05542939099614821,0.03324200181215416,0.03210862486088319,0.029071397956984664,0.01748638724818052,0.014817647431887324,0.011892083281808592,0.012908505045481135,0.01089828477281238,0.009681160756176572,0.005549638864844009,0.0044553438774099785,0.0011557095020349193,0.40821966518563596,0.0,0.0,0.0,0.0,0.0,0.0,0.0,0.0,0.0,0.0,0.0,0.0,0.0,0.0,0.0,0.0,0.0,0.0,0.0,0.0,0.0,0.0,0.0,0.0,0.006104103711051891,0.0,0.0,0.0,0.0,0.0,0.0,0.0,0.0,0.0,0.0,0.0,0.0,0.0,0.0,0.0,0.0,0.008754221096457921,0.0,0.0,0.0014487308373552967,0.0,0.0,0.0,0.0,0.0,0.0,0.0,0.0,0.0,0.0,0.003378899666392689,0.0,0.0,0.001219053997286774,0.0,0.002133344495251855,0.007265738498321534,0.0,0.0,0.0027340377692772217,0.0,0.0,0.0,0.0,0.0,0.0,0.0,0.0,0.0,0.0,0.0,0.0,0.0,0.0,0.0,0.0,0.0,0.0,0.0,0.0,0.0,0.0,0.0,0.0,0.0,0.0,0.0,0.0,0.0,0.0,0.0,0.0,0.0,0.0,0.0,0.0,0.0,0.0,0.0,0.0,0.0,0.0,0.0,0.0,0.0,0.0,0.0,0.0,0.0015989041558616384,0.003206642036341297,0.0,0.0,0.0,0.0,0.0,0.0,0.0,0.0,0.0,0.0,0.0,0.0,0.0,0.0,0.0,0.0,0.0,0.0,0.0,0.0,0.0,0.0,0.0,0.0,0.0,0.0,0.0,0.0,0.0,0.0,0.001545901808153518,0.0,0.0,0.0,0.0,0.0,0.024725595205838266,0.0,0.0,0.02299418518070633,0.0,0.0,0.0,0.0,0.0,0.0,0.0,0.0,0.0,0.0,0.0,0.0,0.0,5.625695686913776,0.0,0.0,0.0,0.0,0.0,0.0,0.0,0.0,0.0,0.0,0.0,0.0,0.0,0.0,0.0,0.0,0.0,0.0,0.0,0.0,0.0,0.001210220272668754,0.0,0.0,0.0,0.0,0.0,0.0,0.0,0.0,0.0,0.0,0.0,0.0,0.0,0.0,0.0,0.0,0.0,0.0,0.0,0.0,0.0,0.0,0.0,0.0,0.0,0.0,0.0,0.0,0.0,0.0,0.0,0.0,0.0,0.0,0.0,0.0,0.0,0.0,0.0,0.0,0.0,0.0,0.0,0.0,0.0,0.0,0.0,0.0,0.0,0.0,0.0,0.0,0.0,0.0,0.0,0.0,0.0,0.0,0.0,0.0,0.0,0.0,0.0,0.0,0.0,0.0,0.0,0.0,0.0,0.0,0.0,0.0,0.0,0.0,0.0,0.0,0.0,0.0,0.0,0.0,0.0,0.0,0.0,0.0,0.0,0.0,0.0,0.0,0.0,0.0,0.0,0.0,0.0,0.0006271944478794273,0.0,0.0,0.0,0.0,0.0,0.0,0.0,0.0,0.0,0.0,0.0,0.0,0.0,0.0,0.0,0.0,0.0,0.0,0.0,0.0,1.3479512900506143,0.27788689217136736,0.0,0.0,0.0,0.0,0.0,0.0,0.0,0.0,0.0,0.0,0.0,0.0,0.0,0.0,0.0,0.0,0.0,0.0,0.0,0.0,0.0,0.0,0.0,0.0,0.0,0.0,0.0,0.0,0.0,0.0,0.0,healthy
4.570933698002649,4.923927887184878,4.1377841713149515,0.3869531397090983,1.0256828231511552,3.9249665660298363,3.368654293848506,1.6613371523868012,0.5277042394525663,1.747319987871343,2.0704649174599927,0.17660671184203583,0.38517721791722126,0.784256524322455,2.1402962921238173,0.4786928144734272,1.7413422924262592,0.0,0.2293839021456246,0.9237783121469585,2.2650627900610165,1.2819800252313285,0.40483850732527454,0.716699632287663,0.15362956316362522,0.0,1.3467081306606856,0.0,0.34402104044333176,2.5941460876458313,0.02803525983863614,0.003324115248606445,0.07471121009563338,4.000274671823673,0.5837951925401005,0.15837283308982958,0.0,0.29582057818330726,0.3693444650812559,0.38125898349448006,0.6322272672786831,0.070672853057135,0.0,0.17990012152697,0.08396388466298776,0.03576115064815417,0.3503120860607303,0.23646735617770506,0.013880038538729501,0.05784686545256021,0.3485895259184124,0.013866969893944042,0.0,0.006690161653902107,0.04522782221591492,0.12325065133523797,0.0,0.043877678191992606,0.000584703460544642,0.013595626552142371,0.0,0.0,0.010160590843949782,0.0,0.07185275179215636,0.005384356214928486,0.0,0.012244814606811276,0.0,0.0,0.0,0.0,0.4234126053409518,0.001160086811404039,0.36165706345520915,0.014944406722563959,0.3292326242070619,0.0,0.034792773097956725,0.0,0.0,0.0,0.013164602445273697,0.0,0.0030034450922367282,0.0,8.955314158085098,0.001088056874404812,0.0,0.49461720883003457,2.857426538284368,0.0,4.36722132809878,1.1558411312376506,0.0,0.5267965023574882,0.0024862608017941737,0.3258996752513361,0.1799012058754192,0.31009620920537145,0.13211247581558241,0.4627273912329352,0.2531054171249811,0.11084087640712581,0.012594004102339811,0.0,2.481489592680308,0.0,0.3725669296646472,0.00029489391923121075,0.7169501660664377,0.0029002170285100976,0.6669391412678323,0.0935830599546494,0.05986854998185356,0.037675240370746065,0.0,0.0,0.0,0.0,0.0,0.0,3.8283382813491666,0.0,0.6565698102780283,0.036134737926402934,0.25671024106868673,0.13613078721341787,0.033354373050806976,0.0,0.0,0.0,0.004556781670218408,0.0,0.0,0.0,0.0,2.4925251407637647,0.0,0.15072107973118434,0.0013517960726106386,0.0,0.013834592314278008,1.119971514594714,0.0,0.0,0.0,0.31168253511571864,0.02007312401939345,0.0,0.0602295408140159,0.0,0.23958097186368763,0.0017401302171060587,0.05142339826042182,0.0016117477999361002,0.0,0.0,0.0,0.4543165397050657,0.0,0.0,0.0,0.0,0.0,0.0,0.0,0.0,0.0,0.0,0.0,0.0,0.1307041031323575,0.0,0.0,0.0,0.0,0.0,0.03948527890947557,0.0,0.0,0.01785633524724159,0.0,0.0,0.014979238165253726,0.0,1.2009910767145302,0.0,0.0,0.0,0.0,0.0,0.0,0.0,0.0,0.0,0.0,0.0003762439659156827,0.0,0.0,0.0,0.00974276296696104,0.0,0.00494709971399945,0.0016123240429683253,0.0,0.0,0.0,0.0,0.0,0.0,0.0,0.0,0.0,0.0,0.003760450892898686,0.0,0.0,0.001356711694692859,0.0,0.002374245465712504,0.008086198325252729,0.0,0.0,0.0030427700688944923,0.01620899680188103,0.0,0.0,0.0,0.0,0.0,0.0,0.0027150578080942507,0.0,0.0,0.0,0.0,0.025681192862704233,0.0,0.0,0.0,0.0,0.0,0.009355255368714272,0.0,0.0,0.0,0.0,0.0,0.0,0.0,0.0,0.0,0.0,0.0,0.0,0.0,0.03441106974753163,0.0,0.0,0.0,0.0,0.0,0.0,0.0,0.0,0.0,0.0,0.0,0.0,0.0,0.0,0.0,0.0017794551937638226,0.003568741631692086,0.0,0.0,0.0,0.0,0.0009151880252003092,0.0,0.02751156891310485,0.0,0.0,0.0,0.0,0.0,0.0,0.0,0.0,0.0,0.0,0.0,0.0,0.0,1.971269246880206,0.0,0.0,0.0,0.0,0.0,0.0,0.0,0.0,0.0,0.0017204677287771765,0.0,0.0,0.0,0.0,0.0,0.027517652416270383,0.0,0.0,0.025590728560039945,0.0,0.0,0.0,0.0,0.0,0.0,0.0,0.0,0.0,0.0,0.0,0.0,0.0,6.2609590274151055,0.0,0.0,0.0,0.0,0.0,0.0,0.0,0.0,0.0,0.0,0.0,0.0,0.0,0.0,0.0,0.0,0.0,0.0,0.0,0.0,0.0,0.0013468804505284181,0.0,0.0,0.0,0.0,0.0,0.0,0.0,0.0,0.0,0.0,0.0,0.0,0.0,0.0,0.0,0.0,0.0,0.0,0.0,0.0,0.0,0.0,0.0,0.0,0.0,0.0,0.0,0.0,0.0,0.0,0.0,0.0,0.0,0.0,0.0,0.0,0.0,0.0,0.0,0.0,0.0,0.0,0.0,0.0,0.0,0.0,0.0,0.0,0.0,0.0,0.0,0.0,0.0,0.0,0.0,0.0,0.0,0.0,0.0,0.0,0.0,0.0,0.0,0.0,0.0,0.0,0.0,0.0,0.0,0.0,0.0,0.0,0.0,0.0,0.0,0.0,0.0,0.0,0.0,0.0,0.0,0.0,0.0,0.0,0.0,0.0,0.0,0.0,0.0,0.0,0.0,0.0,0.0,0.0006980183356753117,0.0,0.0,0.0,0.0,0.0,0.0,0.0,0.0,0.0,0.0,0.0,0.0,0.0,0.0,0.0,0.0,0.0,0.0,0.0,0.0,1.5001642939183002,0.309266363302903,0.0,0.0,0.0,0.0,0.0,0.0,0.0,0.0,0.0,0.0,0.0,0.0,0.0,0.0,0.0,0.0,0.0,0.0,0.0,0.0,0.0,0.0,0.0,0.0,0.0,0.0,0.0,0.0,0.0,0.0,0.0,healthy
7.132688389277118,1.3783316247004338,2.316669339396797,2.377945999854945,1.2412212718098858,3.5590932679310825,1.7299147601376932,3.9661129413302856,0.3277422882146125,23.920423291515238,3.3546241804844557,0.0010534417039609278,0.137554639469262,4.0768667917732,1.7254263456158903,0.017570159809571557,2.6585696823517555,0.0003647451913486584,0.5832727025083343,3.288948489096157,0.03754715795416091,0.3803177440069027,2.507758819132874,0.29100195968587755,1.1720984964929424,0.02572722057424205,0.29220320556393925,1.4343896802567997,0.048815864655301036,1.6249428928834897,0.4682737711966649,0.02285738822444737,0.061637816018560235,0.6802212588535079,0.2003756803598591,0.22936735147416162,0.0,1.1754459501482812,0.3440340549674628,0.025155420005973594,0.29819911619408473,0.06150211783951748,0.0,0.05724680755945626,0.0038994140522471705,0.0,0.0,0.08755423920087609,0.06350182633307487,0.10341916772369761,0.36981124636004625,0.06082366029680555,0.0026829272858810765,0.02181272229841648,0.0,0.16872571407028825,0.13659820999725497,0.1867015019131546,0.006296653829597892,0.01069370734060814,0.0,0.0,0.013452756008845632,0.008193188708724645,0.044110171759019996,0.001043843146293858,0.0,0.0,0.0,0.0,0.0,0.0,0.09819785276884599,0.0033144969968895454,0.0,0.0728715793125628,0.5082416407586969,0.0,0.0906103843771404,0.0,0.0,0.0027361298099637037,0.0016395534847630062,0.0013224627414824568,0.005849301076500248,0.0,7.3033984874735385,1.4012799836077017,0.0,0.3356969185643046,2.252257424149066,0.0,0.041590550371414126,0.12237340575062663,0.0,0.03293745063455056,0.0044105372480186455,0.5308078289749381,0.1570923944186837,0.23842828546872502,0.056521106822541446,0.012943655014043839,0.8038706280237605,0.0,0.06133490569288272,0.0,0.0,0.0,0.0,0.01171975601934453,0.11684034324603339,0.044761528851908046,0.07032021016523735,0.1724914646808843,0.012438137021628354,0.007906811878248878,0.0,0.0,0.0033259002316397405,0.0,0.0,0.0,0.0,0.5904568129901673,0.0,0.0,0.5442466206441137,0.08292753432364992,0.012806875567288092,0.02149381972938154,0.08590687567227707,0.0,0.0,0.0,0.0,0.0,0.001679679688894385,0.5281582359911077,0.02377082806249875,0.0,0.0,0.0,0.11971917583633798,0.0,0.0,0.003505873187897302,0.0,0.20100239798348518,0.0,0.001132629804714255,0.0035418677791488147,0.0,0.0,0.5140507558599315,0.21945428192588606,0.0,0.04998208941185004,0.022914156790712757,0.0,0.0,0.0,0.0,0.0,0.0,0.0,0.0,0.0,0.0,0.0,0.0,0.050359989224498615,0.0,0.0,0.1190444478151708,0.0,0.005897879812588429,0.0,0.03356319233555476,0.16159891724337302,0.0,0.0,0.005670347941821578,0.0,0.0,0.0,0.0,0.0,0.0,3.3825556782887953,0.0,0.0,0.14991027364429863,0.0,0.0,0.0,0.0,0.0,0.0,0.0,0.0,0.0,0.0,0.0009355931489185823,0.0,0.0,0.003308349157764216,0.0,0.0,0.0,0.02143837854940075,0.0,0.0,0.0,0.0,0.0,0.0,0.0,0.0,0.0,0.0,0.0,0.0,0.0,0.0,0.0,0.022935753545463664,0.0,0.0,0.0,0.0,0.0,0.0,0.0,0.0,0.0,0.0,0.0,0.0,0.0,0.0,0.0,0.008672296852197706,0.0,0.0,0.0,0.0,0.0,0.0,0.0,0.0,0.0,0.0,0.0,0.0,0.0,0.0,0.0,0.008374741564518538,0.0,0.0,0.0,0.0,0.0,0.0,0.0,0.0,0.0003455480760145185,0.0,0.0,0.0,0.0,0.0,0.0,0.0,0.0,0.0,0.6584572391283485,0.0,0.0,0.006232295678250659,0.0,0.0,0.0,0.0,0.0,0.0,0.0,0.0,0.0,0.0,0.0,0.0,0.0,0.0,0.0,0.0,0.09531612207431892,0.0,0.0,0.0,0.0,0.0,0.0,0.0,0.0,0.0,0.0,0.0,0.0,0.0,0.0,0.0,0.0,0.0,0.0,0.0,0.0,0.0,0.0,0.034926751711050814,0.0,0.0,0.0,0.0,0.0,0.0,0.0,0.0,0.0,0.0,0.0,0.0,0.0,0.0,0.0,0.0,0.0,0.04082266575804853,0.0,0.0,0.0,0.0,0.0,0.0,0.0,0.0,0.0,0.0,0.0,0.0,0.0,0.0,0.0,0.0,0.0,0.0,0.0,0.0,0.0,0.0,0.0,0.0,0.0,0.0,0.0,0.0,0.0,0.0,0.0,0.0,0.0,0.0,0.0,0.0,0.0,0.0,0.0,0.0,0.0,0.0,0.0,0.0,0.0,0.0,0.0,0.0,0.0,0.0,0.0,0.0,0.0,0.0,0.0,0.0,0.0,0.0,0.0,0.0,0.0,0.0,0.0,0.0,0.0,0.0,0.0,0.0,0.0,0.0,0.0,0.0,0.0,0.0,0.0,0.0,0.0,0.0,0.0,0.0,0.0,0.0,0.0,0.0,0.0,0.0,0.0,0.0,0.0,0.0,0.0,0.0,0.0,0.0,0.6709031863369386,0.0,0.0,0.0,0.0,0.0,0.0,0.0,0.0,0.0,0.00014877764383958435,0.0,0.0,0.0,0.0,0.0,0.0,0.0,0.0,0.0,0.0,0.0,0.0,0.0,0.0,0.0,0.0,0.0,0.0,0.0,0.0,0.0,0.0,0.0,0.0,0.0,0.0,0.0,0.35548498283935265,0.0,0.0,0.0,0.0,0.0,0.0,0.0,0.0,0.0,0.0,0.0,0.0,0.0,0.0,0.0,0.0,0.0,0.0,0.0,0.0,0.0,0.0,0.0,0.0,0.0,0.0,0.0,healthy
18.548898516563792,1.2508607793937094,3.8854902115805574,1.0482708584400138,1.0802479941582954,6.175174360526347,3.6750645747758792,1.2565055070582276,1.3095302450190331,2.5215420348939164,4.406206104890165,0.008684529673400204,0.11980203854408507,3.6672280996994875,1.102966491312209,0.6962134251810561,2.612232257432423,0.0,0.8446896389799997,2.8964191147378555,0.8995755748865987,0.40166690265327687,4.557956742620345,0.8587706453279856,1.053298456088126,1.8032331242876805,0.3537615740569302,0.0,0.41181783226691765,2.275663592380343,0.11016348553815922,0.09162534071386294,0.36141139027969615,0.0,0.43935127468013846,0.87521556340097,0.020844347576237564,1.7453811545829332,0.2644941554876999,0.40849729001956414,0.1373677783031251,0.30500107599758564,0.319757706282019,0.19738835071786506,0.2708734725731638,0.12873003676140155,0.06806795763481546,0.19615210249925266,0.2747300161542072,0.14163398635553262,0.9578283337236222,0.26634915665856623,0.003676075473493749,0.024757490174040272,0.06722336102518392,0.09626139366216924,0.41185496654304943,0.30078283875313705,0.0029700427086422265,0.13866474045113908,0.0,0.0,0.09231570745806901,0.010035019867510942,0.07634473960365995,0.027322998533260298,0.061733237790870726,0.002670249665281626,0.0,0.0,0.0,0.10388388224160358,0.028438507531811364,0.02082556190671642,0.0033823528038653358,0.306096395271662,0.41776215752611584,0.0,0.10843748252439792,0.0020560586873988925,0.0012479756921290107,0.0,0.02411647260067769,0.009952878056975957,0.008487524169969547,0.0012051713661042109,7.90813955205411,3.8948469777149937,0.0017290272614208654,0.5030527267590873,0.0,0.14477067101261126,0.12917594203221403,0.31395303571095795,0.0,0.12126280007374236,0.003716039351423255,0.4895162465310976,1.6777253335623943,0.1240946099909231,0.19679463867149932,0.28604348957485015,0.8278326092564233,0.06205018804440332,0.021160144488281976,0.0,0.08068289208504197,0.0,0.015919086756157948,0.0,0.10892945370851208,0.07893782206739453,0.35573931920416174,0.010527616173825733,0.04679237426598219,0.14155111998488995,0.0,0.0,0.03464359560677234,0.025898034763126535,0.0,0.0,0.0,0.0,0.0,0.0,0.29866359049956737,0.0,0.015533992733956286,0.0,0.0,0.0,0.00225288315673752,0.0,0.0,0.0,0.0,0.22894427809012544,0.0,0.0,0.18628981812587228,0.0,0.0,0.009974458492329825,0.0,0.0,0.0,0.003207088370834329,0.0,0.0,0.10046869048389655,0.0,0.2517494651792539,0.002352852134428588,0.025988229394101586,0.3056564375342344,0.0,0.35091124321920314,0.0016302069566393996,0.0,0.0,0.0,0.0,0.004748011814199505,0.017508293564860673,0.0,0.0,0.0,0.0,0.0,0.006770761745248784,0.05698856596347783,0.0,0.0,0.0,0.00045421031385837096,0.004227183987641906,0.012869292225987178,0.11405220980983695,0.008817736226370509,0.009551545800093545,0.028185264009291444,0.0,0.0,0.031018948006968583,0.0,0.0,0.22350175510590906,0.0,0.08179116525085639,0.0,0.007140186133853592,0.0,0.0,0.0,0.0,0.054644528825921086,0.0,0.0,0.0027858232583313418,0.0,0.0032573548222108117,0.0047130255188782754,0.0,0.001438332660551508,0.0,0.0,0.0,0.0,0.0,0.015610154048474049,0.0,0.060458420843308235,0.0,0.007355179015746553,0.00011506661284412065,0.0,0.0,0.0048539942207664576,0.0,0.0,0.014757046725262714,0.0,0.0,0.00266470050796911,0.0,0.0,0.0,0.0,0.0,0.0,0.0,0.0,0.0,0.0,0.002237989928343086,0.0,0.005047678218443596,0.0,0.0014919932855620573,0.00916293606490287,0.0,0.0,0.021188350933456532,0.011141146123028823,0.009690984424912428,0.006888268066052863,0.0019172810912596531,0.001443189766875448,0.0007041650553353635,0.0004531755306613726,0.0,0.0,0.0,0.0,0.0,0.0,0.0,0.0,0.0,0.0,0.0,0.0,0.0,0.0,0.0,0.0,0.0,0.0,0.0,0.0,0.0,0.0,0.0,0.0014019958354428382,0.0,0.0,0.0,0.0,0.0,0.0,0.0,0.0,0.0,0.0,0.0,0.0,0.0,0.0,0.0,0.0,0.0,0.0,0.0,0.0,0.0,0.0,0.0,0.0,0.0,0.0,0.0,0.0,0.0,0.0,0.0,0.0,0.0,0.0,0.0,0.0,0.0,0.0,0.0,0.0,0.0,0.0,0.0,0.0,0.0,0.0,0.0,0.0,0.0,0.0,0.0,0.0,0.0,0.0,0.0,0.0,0.0,0.0,0.0,0.0,0.0,0.0,0.0,0.0,0.0,0.0,0.0,0.0,0.0,0.0,0.0,0.0,0.0,0.0,0.0,0.0,0.0,0.0,0.0,0.0,0.0,0.0,0.0,0.0,0.0,0.0,0.0,0.0,0.0,0.0,0.0,0.0,0.0,0.0,0.0,0.0,0.0,0.0,0.0,0.0,0.0,0.0,0.0,0.0,0.0,0.0,0.0,0.0,0.0,0.0,0.0,0.0,0.0,0.0,0.0,0.0,0.0,0.0,0.0,0.0,0.0,0.0,0.0,0.0,0.0,0.0,0.0,0.0,0.0,0.0,0.0,0.0,0.0,0.0,0.0,0.0,0.0,0.0,0.0,0.0,0.0,0.0,0.0,0.0,0.0,0.0,0.0,0.0,0.0,0.0,0.0,0.0,0.0,0.0,0.0,0.0,0.0,0.0,0.0,0.0,0.0,0.0,0.0,0.0,0.0,0.0,0.0,0.0,0.007309757984360717,0.0,0.0,0.0,0.0,0.0,0.0,0.0,0.0,0.0,0.0,0.0,0.0,0.0,0.0,0.0,0.0,0.0,0.0,0.0,0.0,0.0,0.0,0.0,0.0,0.0,0.0,0.0,0.0,0.0,0.0,0.0,0.0,0.0,0.0,0.0,0.0,0.0,0.0,0.0,0.0,0.0,0.0,0.0,0.0,0.0,0.0,0.0,0.0,0.0,0.0,0.0,0.0,0.0,0.0,healthy
4.028148862817921,3.0659659988204515,1.5836818014175447,1.1397044316143232,1.2974240540008126,0.5403526215420836,2.473613960331479,0.13219389941706564,4.594992283905922,0.5607175730220253,1.254260516624788,0.006889969951258872,1.7703367825146337,0.20937267329103185,2.7782390240178008,0.2215334031409017,1.5661836935682463,1.025255762259794,0.01767478545915721,0.39058636103920796,0.7280753233749335,0.5186522639949178,3.351430671720812,0.8366047949307833,1.5271060947359698,0.18979381144086294,0.5864614918677259,0.0,0.6667971631389774,0.12048650370053507,0.3527474013588857,0.045504710733076076,0.7107127046420867,0.6431644888264049,0.3310806240027312,0.08852214543381577,0.0,0.1281378507876889,1.4783574865004636,0.09589133437319049,0.09152026124781698,0.0,0.0,0.19107666068430013,0.08291827527394789,0.031703594028066856,0.024511482446875423,0.1134790695359536,0.12919162482742946,0.01988857305518025,0.23723164619608778,0.17718917540848014,0.05249925822771014,0.04775071767206477,0.0,0.1477657334879787,0.35704378139212184,0.2548380827529202,0.013519494302985621,0.004311448875024127,0.0,0.0,0.0093531519516449,0.10217754407098853,0.00912743441996665,0.0,0.0009352364710471665,0.002207730311951343,0.009571375782805496,0.0,0.0,0.02325229486059016,0.173682244260122,0.011846396219533893,0.0,0.1323649874264232,0.27190646905636734,0.0,0.029218397894318276,0.0,0.0,0.0,0.013402561520764973,0.05212382629945913,0.030234559953212232,0.0,10.393223581672547,1.1386238266579023,0.0011897628524081042,2.797627787527046,0.0,0.017816693464608045,0.13691023035675673,0.29319362999993615,0.0,0.24129998457985774,0.10775290885553696,0.09194409538503982,0.2596694033652189,0.17995133302010102,0.011972981130824345,0.04782070791966553,0.16802619180147418,0.01304003763111967,0.13945795553712326,0.0,1.769484102072817,0.004847839682200186,0.027391663556253436,0.0,0.0392384972567827,0.0,2.5033170055921596,0.0006161980561511257,0.029767748182887344,0.0,0.0,0.0,0.0,0.07910595575158656,0.03140737161630548,0.0,10.61788763625276,0.0,1.8078061793160016,0.0,0.0,0.1847802336498696,0.08119950134920596,0.02473049351920925,0.003513553154610061,0.045761887428335916,0.005569984299084707,0.0,0.008871619695844683,0.0,0.0,5.908867952700992,0.0,0.014131747473187737,0.0,0.0,0.022830424486258997,0.0,0.0,0.027574136820042693,0.0,0.0,0.0,0.0,0.000436643655683248,0.0,0.49526657278426106,0.015543866917530754,0.00023084950867619932,0.0,0.0,0.003925712119320417,0.0,1.4645684752235204,0.0,0.0,0.0,0.0015302931858057756,0.014694895365564262,0.0,0.0,0.0,0.0,0.027808486968225243,0.00015098892766616986,0.0,0.1115299087814602,0.0073931034958095625,0.0,0.19267003326569038,0.0,0.0,0.022457513741474366,0.0,0.0,1.004008762386153,0.0032082162487820525,0.0,0.011589420393835741,0.0,0.0,0.0,6.83211734608984,0.5879914562527933,0.525295097383606,0.0,2.5099379139766875,0.17362989116590938,0.0,0.0,0.0,0.0,0.0,0.0,0.0,0.0,0.0,0.0,0.0,0.0,2.080758008258343,0.0,0.18992605102939475,0.006280290479626858,0.0,0.04503933106454361,0.0,0.0,0.0,0.0,0.0,0.0,0.0,0.0,0.0,0.009316849401444558,0.0,0.0,0.0013614201793724575,0.0,0.0,0.0,0.0,0.0,0.0,0.0,0.0,0.0,0.0,0.0,0.0,0.0,0.0,0.0012813654942480362,0.027639135326566717,0.04145820407097693,0.0,0.0,0.0,0.0,0.0,0.0,0.0,0.004966224045623878,0.0,0.0,0.0,0.006235434634429934,0.0,0.0,0.0,0.0,0.0,0.0,0.0,0.0,0.0,0.0941926061727171,0.0,0.0,0.0,0.0,0.0,0.0,0.0013017694033921133,0.0,0.0,0.0,0.0020699856521741657,0.0,0.0,0.0,0.0,0.0,0.0,0.0,0.0,0.0,0.0,0.0,0.0,0.0,0.0022137875960230396,0.0,0.0,0.001003872329888589,0.0,0.0,0.0,0.0,0.06428270933906474,0.0,0.0,0.0,0.0,0.0,0.0,0.0,0.0,0.0,0.0015670202222651144,0.016615245406515166,0.0,0.0,0.0,0.0,0.0,0.0,0.0,0.0,0.0,0.0,0.0,0.0,0.0,0.0,0.0,0.0,0.0,0.0,0.0,0.0,0.0,0.0,0.0,0.0,0.0,0.06101530090857084,0.0,0.0,0.0,0.0,0.0,0.0,0.0,0.0,0.0,0.0,0.0,0.0,0.0,0.00036318958276457074,0.0,0.0002652508188730011,0.0,0.0,0.0,0.0,0.0,0.0,0.0,0.0,0.0,0.0,0.0,0.0,0.0,0.0,0.0,0.0,0.0,0.0,0.0,0.0,0.0,0.0,0.0,0.0,0.0,0.0,0.0,0.0,0.0,0.0,0.0,0.0,0.0,0.0,0.0,0.0,0.0,0.0,0.0,0.0,0.0,0.0,0.0,0.0,0.0,0.0,0.0,0.0,0.0,0.0,0.0,0.0,0.0,0.0,0.0,0.0,0.0,0.0,0.0,0.0,0.0,0.0,0.0,0.0,0.0,0.0,0.0,0.0,0.0,0.0,0.0,0.0,0.0,0.0,0.0,0.0,0.0,0.0,0.0,0.0,0.0,0.0,0.0,0.0,0.0,0.0,0.0,0.0,0.0,0.0,0.0,0.0,0.0,0.0,0.0,0.0,0.0,0.0,0.0,0.0,0.0,0.0,0.0,0.0,0.0,0.0,0.0,0.0,0.0,0.0,0.0,0.0,0.0,0.0,0.0,0.0,0.0,0.0,0.0,0.0,0.0,0.0,0.0,0.0,0.0,0.0,0.0,0.0,0.0,0.0,0.0,0.0,0.0,0.0,0.0,0.0171678491538264,0.0,0.0,0.0,0.0,0.0,0.0,0.0,0.0,0.0,0.0,0.006777504806006365,0.001148328325209812,healthy
13.259776357018087,2.138725408652866,1.7278242338947725,1.3217245935533195,1.1492563321228184,2.3037264505382105,3.434652862044108,3.6098466009787,1.1582858766452138,13.4976619049963,0.2973941478327263,0.3426381531857803,0.2743312393268981,2.9657049302098075,1.2106696543162072,0.1665384539325411,3.9289008431015295,0.185239720458506,0.035192983902398625,5.106205259372211,0.2419417526699377,0.0,0.5087832945806623,0.4066213958258643,1.6060136497822985,0.6507398059000628,0.6480415365496158,0.0,0.6318313285237311,1.1232231384831541,0.06908845679155451,0.015757715709712603,0.11479187245199397,0.6400328520760007,0.09882445538840495,0.5547336901733396,0.008783167795059856,0.304191204722827,0.009208836677960368,0.19837276193836487,0.012001903450877066,0.9611063795619457,0.007432655680797888,0.14713896699980752,0.2649998632828947,0.06185603429181259,0.0,0.2365420468268121,0.052969265037643085,0.07502296738100932,0.523490861679016,0.09282497015485049,0.0,0.1276886741973958,0.07037925375167758,0.037298515459905805,0.6030186134851491,0.14082250271807645,0.001804596250043015,0.019394913185678247,0.008075718102351963,0.00455046031157026,0.006783900174176521,0.01942488986757265,0.060236922825178986,0.0,0.0,0.006001906034117321,0.0,0.0,0.0,0.00643549443913912,0.24603675613113835,0.008954252529000742,0.010479847990283023,0.13599035582212565,0.557802591570193,0.0019422618562429828,0.19207855108592467,0.0014536928944663974,0.0,0.0008393470930432627,0.011888581062859976,0.0,0.008661241910138376,0.0,15.011846570024357,1.065896765868013,0.4317347756656566,0.304588256377504,3.6498648620803547,0.020976428047424212,0.1420675247445619,0.13195907060519094,0.0,0.2936246852400461,0.0,0.3504518681006314,0.4939291996415188,0.12600524399051924,0.0,0.39227466750208073,0.23841825107313686,0.0,0.04289423526143683,0.0,0.0,0.0,0.015803706694728862,0.021961575298219623,0.08864435525032298,0.011845794991271634,0.17383357630393842,0.001692177217602543,0.05999804998185503,0.10963159936249982,0.0,0.0,0.0015217721760254297,0.0,0.17002600336187282,0.0,0.0,1.2357647297512169,0.0,0.0,0.0,0.0,0.0032015096263221595,0.0,0.0,0.0,0.0,0.0,0.0,0.0009250772964786165,0.0019065169684839825,0.4529931391725872,0.0,0.0,0.0,0.0,0.027183656660159518,0.0,0.0,0.0,0.0,0.07936376277983989,0.0,0.0,0.0,0.0,0.05827466960271795,0.010506675028742656,0.0,0.0,0.015294103102524024,0.0,0.0006415009925402079,0.0,0.0,0.0,0.0,0.0,0.0,0.0,0.0,0.0,0.0,0.0,0.0,0.0,0.0,0.0,0.008349723650034266,0.0,0.004817610336206821,0.0,0.012318345298563741,0.0,0.14898410901517914,0.0,0.0,0.0,0.0,0.0,0.0009771379235531707,0.0,0.0,0.1927604787389685,0.0,3.1474379043472593,0.0,0.0,0.0,0.0,0.0,0.0,0.0,0.0,0.0,0.0075241471554949625,0.0,0.0,0.0,0.0,0.0,0.0,0.0,0.0,0.0,0.0,0.0,0.0,0.004136056656913722,0.0,0.0,0.0,0.0,0.0,0.0,0.0012410346304282526,0.0,0.0,0.0,0.0,0.001661935402764614,0.0,0.0,0.0,0.0,0.0,0.004772287757588836,0.0,0.0,0.0025660039701608317,0.0,0.008759186449544334,0.0,0.004264835481640688,0.0,0.01607949216815736,0.11163800776594976,0.004898189821545326,0.039305425299940216,0.0,0.015066280320126565,0.0,0.0,0.0,0.0,0.0,0.0,0.0,0.0,0.0,0.0,0.010767624136469285,0.0,0.0,0.0,0.0,0.0,0.0,0.0,0.0,0.0,0.0,0.0,0.0,0.0,0.0,0.0,0.0,0.004286665510899521,0.0,0.09842662247987635,0.0,0.0,0.000707449692707893,0.0,0.054071938801122765,0.008741200440407692,0.004646385693632347,0.001163095257502807,0.0,0.0,0.0,0.0,0.0,0.0,0.0,0.0,0.0,0.0,0.0,0.0,0.0,0.0,0.0,0.0,0.0,0.0,0.0,0.0,0.0,0.0,0.0,0.0,0.0,0.08028149161258366,0.0,0.0,0.0,0.0,0.0,0.0,0.0,0.0,0.0,0.0,0.0,0.0,0.0,0.0,0.0,0.0,0.0,0.0,0.0,0.0,0.0,0.0,0.0,0.0,0.0,0.0,0.0,0.0,0.0,0.0,0.0,0.0,0.0,0.0,0.0,0.0,0.0,0.0,0.0,0.0,0.0,0.0,0.0,0.0,0.0,0.0,0.0,0.0,0.0,0.0,0.0,0.0,0.0,0.0,0.0,0.0,0.0,0.0,0.0,0.0,0.0,0.0,0.0,0.0,0.0,0.0,0.0,0.0,0.0,0.0,0.0,0.0,0.0,0.0,0.0,0.0,0.0,0.0,0.0,0.0,0.0,0.0,0.0,0.0,0.0,0.0,0.0,0.0,0.0,0.0,0.0,0.0,0.0,0.0,0.0,0.0,0.0,0.0,0.0,0.0,0.0,0.0,0.0,0.0,0.0,0.0,0.0,0.0,0.0,0.0,0.0,0.0,0.0,0.0,0.0,0.0,0.0,0.0,0.0,0.0,0.0,0.0,0.0,0.0,0.0,0.0,0.0,0.0,0.0,0.0,0.0,0.0,0.0,0.0,0.0,0.0,0.0,0.0,0.0,0.0,0.0,0.0,0.0,0.0,0.0,0.0,0.0,0.0,0.0,0.0,0.0,0.0,0.0,0.0,0.0,0.0,0.0,0.0,0.0,0.0,0.0,0.0,0.0,0.0,0.0,0.0,0.0,0.0,0.0,0.0,0.0,0.0,0.0,0.0,0.0,0.0,0.0,0.0,0.0,0.0,0.0,0.0,0.0,0.0,0.0,0.0,0.0,healthy
5.472764669928061,6.247922547866628,3.573961882050113,2.2337682122250326,1.3276368758498587,0.3826704797559022,5.780015092943771,2.5138049283831103,1.0551134283742303,2.12684990513387,4.418521976871457,0.2407291418821441,0.012074954076467838,0.6623511238301647,4.679054747008134,0.01772456658300057,0.36772421686932866,0.0,0.05673304786110899,0.6735136686354811,0.028812620468749706,0.89004744804381,0.0550889950306838,1.2003820109103736,0.00670088360607148,0.0,2.3265814834419496,0.0,0.46127623062824064,0.7571367537917865,0.2416160129028245,0.010676110896950346,0.08240210435477817,0.14652222432836792,0.7415788637026413,0.23611618111069294,0.0,0.01370456179097982,0.0,0.22869000565991932,0.43776423010057863,0.0,0.00024579451973837693,0.07938748099697034,0.0013552288882191157,0.06629252455910632,0.0032814811843957237,0.1776888481446093,0.07729622920397143,0.02354139169872756,0.07325748429549346,0.02868488455755279,0.0,0.010362171443068632,0.000814660062019356,0.04347365106473832,0.0,0.17149572277788402,0.0,0.0,0.0,0.0,0.039166634198953006,0.0,0.09793432128742968,0.0,0.0,0.02089853798368727,0.0,0.0,0.0,0.0026154445983811755,0.03485452748277868,0.006894073665076856,0.5601587359154213,0.006172375173178823,0.3083760149180786,0.0,0.053889382420308427,0.0,0.0,0.0,0.02074888071701335,0.017780727830782977,0.0064369305747976465,0.0058704322189942456,8.337854770600197,0.5792016608134022,0.0,0.02268472798359416,4.450284273406923,0.0,5.471464759076769,0.5323582335865271,0.0,0.8441998048129618,0.0,0.27681692088691356,0.06684537987148688,0.008450081498966918,0.16014348185051455,0.6859246463115563,0.00047249820299221973,0.31901083183097023,0.004701118484316529,0.0,3.843497649798367,0.0,0.43668113192325186,0.0,1.0628103815566343,0.004492050809265608,0.896299581219941,0.0,0.008965534084049341,0.0,0.0,0.0,0.00534304786110899,0.008123150924169273,0.028345119470412048,0.0,0.0,0.0003102260928736796,1.0169393940542182,0.05596790762527371,0.0,0.05841950145677121,0.02208478708518338,0.0,0.005109185114173446,0.0,0.007057849322354609,0.0,0.0,0.0,0.0,2.299551442739301,0.012657224589246127,0.00482705120860067,0.002093752495844139,0.0,0.0,0.0,0.47883874705964563,0.05005855961700906,0.0,0.0,0.0,0.11024480798906347,0.0,0.0,0.0,0.002695230485559365,0.0,0.0,0.0,0.0,0.0,0.7036759524487378,0.0,0.0,0.0021906734866002915,0.0,0.6467092449772754,0.0,0.0,0.0,0.0,0.03338032759320793,0.0,0.0,0.0,0.0,0.0,0.0,0.02285650398110849,0.0,0.007684061685024987,0.0,0.0,0.01678323162446607,0.0035819181954107166,0.007729402421675757,0.024930866833998866,0.0,0.0,0.02839761927074452,0.0,0.34760833706495803,0.0,0.011764727983594157,0.0,0.02666512585977305,0.06375146208554117,0.0,0.0,0.0,0.0,0.0,0.0,0.020700564832849138,0.0,0.0,0.0024972757041341006,0.0,0.07309881289928118,0.0,0.0,0.0,0.0,0.0,0.0,0.0,0.0,0.005824438761166424,0.0,0.0,0.003535565232184199,0.0,0.0056246560686687335,0.0132689893707645,0.0,0.0,0.004867959573446012,0.0,0.0,0.0,0.0,0.0,0.0,0.0,0.0,0.0,0.022610709461370112,0.0,0.0,0.0,0.0,0.0,0.0,0.0006920428225643621,0.010989162751409959,0.0,0.0,0.0,0.0,0.0,0.0,0.0,0.0,0.0,0.0,0.0,0.0,0.0,0.0,0.0,0.0,0.0,0.0,0.0,0.0008781784782885701,0.006681792769586946,0.0,0.0,0.0,0.0,0.0,0.0,0.0,0.0,0.0,0.0027561396490748307,0.005527506589028528,0.0,0.0,0.0,0.0,0.0,0.0,0.0,0.0,0.0,0.0,0.9059389408916433,0.0,0.0,0.0,0.0,0.0,0.0,0.0,0.0,0.0,0.0,0.0,0.0,0.0,0.0,0.24797087509761384,0.06564145489751004,0.003503168494912013,0.0,0.0,0.002664775903801632,0.0,0.0,0.0,0.0,0.0,0.04262118716994725,0.0,0.0,0.03963663815768942,0.0,0.0,0.0,0.0,0.0,0.0,0.0,0.0,0.0,0.0,0.0,0.0,0.0,9.697393605169959,0.0,0.0,0.0,0.0,0.0,0.0,0.0,0.0,0.0,0.0,0.0,0.0,0.0,0.0,0.0,0.0,0.0,0.0,0.0,0.0,0.0,0.002086138850404706,0.0,0.0,0.0,0.0,0.0,0.0,0.0,0.0,0.0,0.0,0.0,0.0,0.0,0.0,0.0,0.0,0.0,0.0,0.0,0.0,0.0,0.0,0.0,0.0,0.0,0.0,0.0,0.0,0.0,0.0,0.0,0.0,0.0,0.0,0.0,0.0,0.0,0.0,0.0,0.0,0.0,0.0,0.0,0.0,0.0,0.0,0.0,0.0,0.0,0.0,0.0,0.0,0.0,0.0,0.0,0.0,0.0,0.0,0.0,0.0,0.0,0.0,0.0,0.0,0.0,0.0,0.0,0.0,0.0,0.0,0.0,0.0,0.0,0.0,0.0,0.0,0.0,0.0,0.0,0.0,0.0,0.0,0.0,0.0,0.0,0.0,0.0,0.0,0.0,0.0,0.0,0.0,0.0,0.0010811376523995192,0.0,0.0,0.0,0.0,0.0,0.0,0.0,0.0,0.0,0.0,0.0,0.0,0.0,0.0,0.0,0.0,0.0,0.0,0.0,0.0,2.3235551561425525,0.4790125028219419,0.0,0.0,0.0,0.0,0.0,0.0,0.0,0.0,0.0,0.0,0.0,0.0,0.0,0.0,0.0,0.0,0.0,0.0,0.0,0.0,0.0,0.0,0.0,0.0,0.0,0.0,0.0,0.0,0.0,0.0,0.0,healthy
3.811892987054957,0.0,1.8180164689583522,1.6949938618319058,0.0,10.444073417619375,3.44873740608961,0.000350931251674061,4.522981146904887,6.9400818541285165,7.927522154217832,0.0,0.012849071666624376,0.029167893339130748,5.193674504997755,0.0019399194572236166,0.3532727472590609,0.0,0.08787176031765524,1.013934380687284,0.04279045480437878,0.0,0.3577419808392195,0.6523849643741353,1.571166214098143,0.16615145254348868,0.009603402932867324,0.0,0.09291483835567182,0.705707230227054,0.06972665509150303,0.1984946219694939,0.06305992179186237,4.628129415281572,3.6317163048074557,0.3244528652533339,0.10267266754200549,0.0,0.0,0.021875308479987154,0.38040468626707563,0.0,0.03108146436146709,0.7855799302051593,0.000901376717497842,0.03893983619070202,0.0,0.022511096325568025,0.057429810267614484,0.004966478830798386,1.4035518556442166,0.11875154256960471,0.0014874497215626443,0.0,0.0,0.4134247990559195,0.009883079108059342,0.1598767964796716,0.0004970041584622489,0.0,0.0,0.010297934729200008,0.062243285280192726,0.008869475645102284,0.7326208618459398,0.0,0.0,0.0,0.0,0.0,0.03544692137832373,0.6464203588918973,0.02102381031602674,0.005955143016986731,0.003968907760049787,0.030313690912373074,0.21213731845016198,5.201538334518002,0.0,0.0,0.0,0.001455384937145725,0.01457161873493345,0.09000763123520447,0.008859675688808945,0.0,3.108354102301958,0.5908624947855194,0.0,2.956546143378044,0.05082396517587617,1.473114220907054,3.81713949319788,0.0,0.0,0.0,0.0,0.15592392111183026,0.022765996936012688,0.010985751416618957,0.6222818808886282,0.13573557656755547,0.0,0.0,0.0156333637801602,0.001300405145797282,0.0,0.0,0.0,0.0,0.0,0.0167110968119511,0.003723036258840865,0.0,0.0,0.0,0.0,0.024827050023255776,0.014142351304773454,0.012815225505295406,0.0,0.0,0.0,0.0,0.0,0.0,0.0,0.16095631088837453,0.0,0.0,0.0,0.0,0.0,0.2163305969209917,0.0,0.023283359208159316,0.0009904455631003955,0.0,0.2930103503315552,0.0,0.0,0.0,0.023988749106412383,0.0,0.0,0.0,0.0,0.4448987236199393,0.0,0.0,0.00025117414459920105,0.0,0.002315789985666392,0.0,0.0,0.0,0.0,0.3082206110261008,0.000450688358748921,0.017072716325097465,0.0,0.0,0.0,1.9625907561560285,0.8768261702286503,0.09343321903707867,0.0,0.0,0.0,0.0,0.031109966392059905,0.24411776158134704,0.0,0.0,0.0,0.6297906706544051,0.0,0.0,0.04776762189664947,0.001051012378110132,0.0,0.0017778141582269688,0.0,0.0009619435325075784,0.03789879380388654,0.0,0.0,0.0,0.04520242698371911,0.0,0.0,2.343400656936142,0.0,0.0,0.0,0.0,0.0,0.0574583122982073,0.0,0.0,0.0,0.007164697940269408,0.0,0.0,0.0006739270932118121,0.00448874540990103,0.0,0.0,0.0,0.0,0.0,0.0,0.0,0.0,0.0,0.0,0.004934414046381467,2.2520753171828534,7.481783030614499e-05,0.0,0.0021821867172625623,0.004587045548531508,0.0,0.0,0.0018722271345656758,0.36844582646439683,0.0013378140609503545,0.001026073101341417,0.0,0.0,0.0,0.0,0.0,0.0,0.0,0.0,0.6301053949068685,0.0,0.008377815617376189,0.0,0.0,0.0,0.009241783419720958,0.0006626722112829985,0.0,0.0,0.00039190292065123566,0.020827858855701122,0.0,0.0,0.0,0.0,0.0,0.08259845781950173,0.0,0.0,0.0,0.0,0.0,0.0,0.0,0.0,0.0,0.0,0.0,0.0,0.0,0.0,0.0,0.0,0.5281205010085102,0.0,0.0,0.0,0.012624817343923072,0.0,0.0,0.0,0.0,0.0,0.0,0.0,0.0,0.0,0.0,0.0,0.0,0.0,0.0,0.0,0.0,0.0,0.0,0.2441341988275229,0.006042430485677233,0.0,0.0,0.0,0.0,0.0,0.0,0.0,0.0028107690960785334,0.0,0.0,0.0,0.05349501767945957,0.0,0.0,0.0,0.0,0.0,0.0,0.0,0.0,0.0,0.0,0.0,0.0,0.0,0.0,0.0,0.0,0.04465999785991448,0.0,0.0,0.07316218272892136,0.0,0.03803578765102764,0.0,2.6783342036393245,0.0,0.0,0.0,0.0,0.0,0.0,0.0,0.0,0.0,0.0,0.0,0.0,0.0,0.0,0.0,0.0,0.0,0.0006466398190745388,0.0,0.0035627538241021425,0.0,0.0,0.0,0.05905080688691305,0.0,0.0,0.0,0.0,0.0,0.42595479740221703,0.0,0.0,0.0,0.0,0.0,0.0,0.0,0.0,0.0,0.0,0.0,0.0,0.0,0.0,0.0,0.0,0.0,0.9696742450316544,0.0,0.0,0.0,0.029743196955287172,0.0,0.0,0.0,0.0,0.0,0.0,0.0,0.0,0.0,0.0,0.0,0.0,0.0,0.0,0.0,0.0,0.0,0.0,0.0,0.0,0.0,0.0,0.0,0.0,0.0,0.0,0.0,0.0,0.0,0.0,0.0,0.0,0.0,0.0,0.0,0.0,0.0,0.0,0.0,0.0,0.0,0.0,0.0,0.0,0.0,0.0,0.0,0.0,0.0,0.0,0.0,0.0,0.0,0.0,0.0,0.0,0.0,0.0,0.0,0.0,0.0,0.0,0.0,0.0,0.0,0.001751093504546203,0.005059110430225043,0.0018971664113343906,0.001726154227777488,0.001302186522709333,0.00025117414459920105,0.0,0.0,0.0,0.0,0.0,0.0,0.0,0.0,0.0,0.0,0.0,0.0,0.0,0.0,0.0,0.0,0.0,0.0,0.0,0.0,0.0,0.0,0.0,0.0,0.0,0.0,0.008982955035128179,0.0,0.0,0.0,0.0,0.0,0.0,0.0,0.0,0.0,0.0,0.0,0.0,0.0,0.0,0.0,0.0,0.0,T2D
1.7625972296721202,0.5749748171944757,2.664963602697595,0.29087400915036354,0.3721971710542744,13.764428765079437,3.5761048504515958,0.0,3.593821815164665,8.076260172471788,7.807166200361392,0.0,0.0,0.04764698072509742,5.192193964853672,0.013076677823713957,0.6098720300036983,0.0,0.0,0.18575754194392807,0.9240918358293149,0.0,0.003520549921782395,0.7157416145409717,1.6397934067104416,0.003871887897683286,0.0,0.0,0.1989828344194483,0.17055621285609002,0.0,0.18083585251560577,0.10635590059514566,6.284720957336452,3.40824562138534,0.24894927032797834,0.0882862142299524,0.0,0.0,0.0,0.32696173902534664,0.022245350437614244,0.0,0.7484588107121819,0.0,0.10890632097883332,0.1576332528656486,0.025632715758398976,0.0,0.033827874205729636,1.778142251026524,0.5095399128617417,0.005704951848649067,0.0,0.0,0.39563463363162055,0.022395331810619402,0.0,0.0,0.0,0.0,0.00898421395517992,0.23701628466783972,0.0,0.7200996442932328,0.07627260276618962,0.0,0.0,0.0,0.0,0.030924912042051875,0.5689170439360285,0.00010753381460747249,0.0,0.0,0.13120823284447553,0.42057698823929784,4.535450611555692,0.08515829165743867,0.0,0.0,0.003483529625836806,0.013524861881402523,0.038485786280569104,0.00868875028960731,0.000959314819787715,3.9138380704773055,0.21581423612927358,0.0,2.795201884412943,0.044340286591247106,1.5876542976384664,3.3301821001463,0.023156558024551247,0.0,0.0,0.0019327788257079924,0.0,0.0,0.09739733766210494,0.530091789042374,0.0,0.0,0.0,0.0013583218687259681,0.0,0.0,0.0,0.0,0.0,0.0,0.0416948216954342,0.0032480837363898676,0.0,0.0,0.0,0.0,0.0,0.015385825000548104,0.0,0.0,0.0,0.0,0.0,0.0,0.028434204451996934,0.0,0.0,0.0,0.0,0.0,0.0,0.0,0.18873302452373972,0.0,0.020313071137290275,0.0,0.0,0.2556306432003787,0.0,0.0,0.0,0.0036854636655726087,0.0,0.0,0.0,0.0,0.3881424214172024,0.0,0.0,0.0,0.0,0.0,0.0,0.0,0.0,0.0,0.31481179816618576,0.0,0.0,0.0,0.0,0.0,1.712220529983284,0.7352848926156831,0.0,0.0,0.0,0.0,0.0,0.0,0.2129753448609012,0.0,0.0,0.0,0.5167420429212215,0.0,0.0,0.0,0.0,0.0,0.0,0.0,0.011667418884910765,0.029792526320722903,0.0,0.0,0.0,0.03943589525418161,0.0,0.0,2.04445002209283,0.0,0.0,0.0,0.0,0.0,0.0,0.0,0.0070179963217508355,0.0,0.00023770632702704446,0.0,0.0,0.0005879533474259805,0.0016921584145430657,0.0,0.0,0.0010413800993565757,0.0,0.0,0.0,0.0,0.0,0.0,0.0,0.0,1.9674578590445702,0.0,0.0,0.0053483923581085,0.0024081914797620813,0.0,0.0,0.00028298372265124337,0.17954683147338965,0.0,0.0,0.0,0.0,0.0,0.0,0.0,0.0,0.0,0.0,0.5497220395177448,0.0,0.0,0.0,0.0077707330240031425,0.0033618466250967716,0.0,0.0,0.0,0.0,0.0022723592928894846,0.0,0.0,0.0,0.0,0.0,0.0,0.07128575829401337,0.0,0.0,0.0,0.0,0.0,0.0,0.0,0.0,0.004060816420045342,0.0,0.0,0.0,0.0,0.0,0.0,0.0,0.4607474896615375,0.0,0.0,0.0,0.010575990090894159,0.0,0.0,0.0,0.0,0.0,0.0,0.0,0.0,0.0,0.0,0.0,0.0,0.0,0.0,0.0,0.0,0.0,0.0,0.21298968518644815,0.00440605656167986,0.0,0.0,0.0,0.0,0.0,0.0,0.0,0.0024521956685327477,0.0,0.0,0.0,0.05139924749813284,0.0,0.0,0.0,0.0,0.0,0.0,0.0,0.0,0.0,0.0,0.0,0.0,0.0,0.0,0.0,0.0,0.03896266451113144,0.0,0.0,0.06382878900958631,0.0,0.03318351331570046,0.0,2.336655665600769,0.0,0.0,0.0,0.0,0.0,0.0,0.0,0.0,0.0,0.0,0.0,0.0,0.0,0.0,0.0,0.0,0.0,0.0,0.0,0.0,0.0,0.0,0.0,0.05151761952750816,0.0,0.0,0.0,0.0,0.0,0.37161519622431355,0.0,0.0,0.0,0.0,0.0,0.0,0.0,0.0,0.0,0.0,0.0,0.0,0.0,0.0,0.0,0.0,0.0,0.8459716548299305,0.0,0.0,0.0,0.025948819077251502,0.0,0.0,0.0,0.0,0.0,0.0,0.0,0.0,0.0,0.0,0.0,0.0,0.0,0.0,0.0,0.0,0.0,0.0,0.0,0.0,0.0,0.0,0.0,0.0,0.0,0.0,0.0,0.0,0.0,0.0,0.0,0.0,0.0,0.0,0.0,0.0,0.0,0.0,0.0,0.0,0.0,0.0,0.0,0.0,0.0,0.0,0.0,0.0,0.0,0.0,0.0,0.0,0.0,0.0,0.0,0.0,0.0,0.0,0.0,0.0,0.0,0.0,0.0,0.0,0.0,0.0,0.0,0.0,0.0,0.0,0.0,0.0,0.0,0.0,0.0,0.0,0.0,0.0,0.0,0.0,0.0,0.0,0.0,0.0,0.0,0.0,0.0,0.0,0.0,0.0,0.0,0.0,0.0,0.0,0.0,0.0,0.0,0.00783698791142191,0.0,0.0,0.0,0.0,0.0,0.0,0.0,0.0,0.0,0.0,0.0,0.0,0.0,0.0,0.0,0.0,0.0,T2D
10.926083392123825,2.347682606255973,1.8252353810839657,0.9888677950522411,0.42301044716255276,4.081158596993747,2.6208719497287256,4.62681626173355,0.657960860256606,6.429535660693598,2.0555260947025147,0.002310280313743352,0.06848408382416672,0.9606811069315225,3.253060924625478,0.0,1.238584488277372,0.0,0.5757389856410203,14.240541125900522,0.3152914684661618,0.0,5.005802867211592,1.2062815798861797,1.113277170393343,0.0,0.927538730572702,0.12408218716213096,0.19407109272507822,1.5278345684746486,0.7358849529308391,0.05760443870437057,0.06532373373118919,0.0,0.14894765162439533,0.8820423617766873,0.0,0.08324205902956852,0.16231944429921846,0.740216170047345,0.35594093496254536,0.2068897318635407,0.0024632505789440383,0.1370291152763389,0.0,0.0,0.0,0.023803326036261493,0.13404930063516246,0.005995699963240852,0.6294534363134566,1.1204337753989648,0.004480548450202652,0.023236995666299744,0.009715630184006657,0.01665756764995297,0.0,0.3253334703819562,0.0,0.0018701066867753944,0.0,0.0,0.05507404527439047,0.0,0.056537974523763135,0.001162224654579502,0.011750263279493568,0.009239988643833475,0.0,0.0,0.00667315726625927,0.0035069571165234886,0.053048557793843445,0.009194446470117372,0.0,0.015593582816554272,1.0207600382978104,0.0026784860664245853,0.001997890549320784,0.0010442906985167282,0.0,0.0,0.02146798386200555,0.016644877698495635,0.007995599775666247,0.0,7.846711031993892,1.2668418590998478,0.0,1.0250187379897517,0.0,0.23542408741458648,0.31038917355992773,0.5814108397714153,0.0,0.002538075532455265,0.0,0.7684513746540648,0.22926184626791696,0.18212337833581743,0.0536610928645571,0.4049109495761901,0.5995424362194245,0.173814613667624,0.11306836952623886,0.0004218895779276377,0.0,0.0,0.0010932619351105611,0.0,0.0,0.15026409316240916,0.06327126163455932,0.015502413673562188,0.000683542248853913,0.33256054474729596,0.0,0.0,0.003910372805310592,0.0,0.0,4.257126763508296,0.0,0.0,0.0,0.0,0.0,0.08264167770713304,0.010778467389939745,0.005436688980064187,0.0,0.0,0.0,0.008433734927995758,0.0,0.005085934852318111,0.0,0.0,0.0,0.0,0.0,0.0,0.0,0.0,0.0,0.0,0.0,0.09255125961663521,0.0,0.0,0.007883996189565222,0.0,0.0,0.00045438602912559927,0.0,0.0,0.04766338072943058,0.0,0.003276362420537216,2.8229569086323614,0.0,0.0,0.0,0.0,0.0,0.0,0.0,0.0,0.0,0.0,0.012579318490529748,0.0,0.0,0.0,0.0,0.0,0.0,0.0,0.0,0.0,0.0,0.03861484079095443,0.0,0.0,0.0,0.0,0.0,0.0,1.869820694321126,0.0,0.0,0.9632585233226629,0.0,0.0,0.0,0.0,0.0016145389616846137,0.0,0.0,0.0,0.0,0.008170053941790986,0.0,0.004620502204419033,0.00251511094533784,0.0,0.0,0.0,0.0,0.0,0.0,0.0,0.0,0.0,0.0,0.014269315651488116,0.0,0.01363955255848948,0.0,0.0,0.0,0.002001947179877781,0.0,0.0,0.0,0.0,0.0006348626821699549,0.0,0.0,0.0,0.0,0.0,0.0,0.0,0.0,0.0,0.0,0.0009208551364382092,0.0,0.007389751736832115,0.0,4.462293612696168e-05,0.0,0.011967060143139724,0.0,0.0,0.0047032939856860275,0.0,0.0,0.0,0.0,0.0,0.0,0.0,0.0,0.0,0.0,0.0,0.0,0.0,0.0,0.0,0.0,0.0,0.0004036347404211534,0.0,0.0,0.0,0.0,0.0,0.011319792304532474,0.0,0.0,5.679282779795123e-05,0.0,0.0,0.0,0.0,0.0,0.00025509391108805577,0.0,0.0,0.0,0.0,0.0,0.0,0.0,0.0,0.0,0.0,0.0,0.0,0.0,0.0,0.0,0.0,0.0,0.0,0.0,0.0,0.0,0.0,0.0,0.0,0.0,0.0017544927159009933,0.0,0.0,0.0,0.0,0.0,0.0,0.0,0.0,0.0,0.0,0.0,0.0,0.0,0.0,0.0,0.01392844101744754,0.0,0.0,0.0,0.0,0.0,0.0,0.0,0.0,0.0,0.0,0.0,0.0,0.0,0.0,0.0,0.0,0.0,0.0,0.0,0.0,0.0,0.0,0.0,0.0,0.0,0.0,0.0,0.0,0.0020932213674102027,0.0,0.0,0.0,0.05685367725630618,0.0,0.0,0.0,0.0,0.0,0.0,0.0,0.0,0.0,0.001075007097604077,0.0,0.0,0.0,0.0,0.0,0.0,0.0,0.0,0.0,0.0,0.0,0.0,0.0004381161001556238,0.0,0.0,0.0,0.0,0.0,0.0,0.0,0.0,0.0,0.0,0.0,0.0,0.0,0.0,0.0,0.0,0.0,0.0,0.0,0.0,0.0,0.0,0.0,0.0,0.0,0.0,0.0,0.0,0.0,0.0,0.0,0.0,0.0,0.0,0.0,0.0,0.0,0.0,0.0,0.0,0.0,0.0,0.0,0.0,0.0,0.0,0.0,0.0,0.0,0.0,0.0,0.0,0.0,0.0,0.0,0.0,0.0,0.0,0.0,0.0,0.0,0.0,0.0,0.0,0.0,0.0,0.0,0.0,0.0,0.0,0.0,0.0,0.0,0.0,0.0,0.0,0.0,0.0,0.0,0.0,0.0,0.0,0.0,0.0,0.0,0.0009492515503371849,0.0,0.0,0.0,0.0,0.0,0.0,0.0,0.0,0.0,0.0,0.0,0.0,0.0,0.0,0.0,0.0,0.0,0.0,0.0,0.0,0.26292210548457046,0.0,0.0,0.0,0.0,0.0,0.0,0.0,0.0,0.0,0.0,0.0,0.0,0.0,T2D
7.245821983722472,3.3127369393660224,2.085169533007938,3.146667508514875,3.0168767731150172,0.0,4.19231840883965,4.407177079726532,0.07878752021391106,3.370479504150421,6.380573797569307,0.0,2.62235773289968,1.3291399704336844,5.429673798064067,0.1853001532134737,1.431590870631279,0.0,0.0,1.1403292565893348,0.0,0.014820961630327228,0.12297076431941488,0.8587575231406086,1.228315552663497,0.0,1.719731062485847,0.0,1.003465397215062,1.3815942095915648,0.0,0.13423739764313208,0.21825160928974463,0.026454018306206716,0.8758773931732102,0.30998895974898943,0.0,0.12291444684949607,0.599584943575379,0.0,0.03180899049404889,0.6163276126290026,0.07748555131259366,0.951689075807207,0.0,0.1657056203916532,0.0,0.26387844057113247,0.1960391803059771,0.02375228590128948,0.023133919525896704,0.0,0.0,0.13705589607354118,0.0,0.07468949254134137,0.02785191471786138,0.2594613305787944,0.004159021136743627,0.0,0.0,0.01938229787019545,0.013478685860033443,0.009248483432440903,0.09673203823008464,0.09923180382130242,0.0,0.006725824509813044,0.0,0.0,0.0,0.09723751996420339,0.048590924282749685,0.0091696673553014,0.0,0.002176113748809624,0.38207082947294624,0.17945953097770617,0.23523217912258002,0.000584703460544642,0.0,0.0,0.0050504628618046575,0.019064055007025932,0.008547119181889525,0.014276933193124824,15.402056948969687,1.1162064461887788,0.0,0.039332747571942175,1.3364643263337648,0.0,1.082370510078262,0.20954777314913908,0.0,2.0669066152641165,0.0,0.051748798447159704,0.3627571032874553,0.0,0.3122698083951398,0.5003744577745931,0.8063095748254371,0.0,0.0,0.0,0.0,0.0,0.0,0.010981499731680605,0.0,0.13281027741743356,0.08404005393374836,0.004566612914382848,0.0015863259103472025,0.0,0.0,0.0,0.0,0.0,0.0,0.0,0.0,0.0,0.0,0.0,0.0,0.0,0.0028421672560387384,0.005544821708744729,0.0,0.025516994228806638,0.0,0.00034900916783765583,0.0,0.0,0.0024049107551097014,0.0,0.0,0.0,0.0,0.0,0.0,0.0,0.0,0.0,0.0,0.01791734778225494,0.0,0.0,0.0,0.0,0.0,0.004504758835152633,0.007306251067849136,0.0,0.01179257737524699,0.051888850542997786,0.0,0.38401822830723026,0.0,0.0,0.3385536396687728,0.0,0.30205272333944433,0.0,0.0,0.0,0.0,0.1872163826234501,0.003203158088201082,0.0,0.0,0.0,0.0,0.0,0.0,0.0,0.0,0.0010371962593485264,0.0,0.06433915095679904,0.0,0.0020448987862037296,0.020915971959848245,0.0,0.0,0.0,0.0,0.0,0.0,2.42312512754632,1.0942903217320097,0.0,0.0,0.0,0.0,0.0,0.0,0.0,0.0,0.0,0.0,0.0,0.0,0.007574973628701797,0.0,0.0,0.0030018997198931682,0.0,0.0,0.0,0.0,0.0,0.003298382417169958,0.0,0.0,0.0,0.0,0.0,0.008801058175676307,0.010509409156050219,0.0,0.0,0.0010270443393914583,0.12483222277798971,0.0,0.0,0.0,0.0,0.0,0.0,0.0,0.0,0.0,0.0,0.0,0.0,0.0,0.005608068843310784,0.01092251226669396,0.0,0.007977388952996028,0.002913348546887651,0.0,0.0,0.0,0.0,0.0,0.0,0.0,0.0,0.0,0.0,0.0,0.0,0.0,0.0,0.0,0.0,0.0,0.0,0.008312316941034873,0.0,0.0,0.0,0.0,0.0,0.0,0.0,0.1469181127934064,0.0,0.0,0.00029002170285100977,0.004527287937725084,0.0,0.0,0.0,0.0,0.0,0.0,0.0,0.0,0.0,0.0,0.0,0.0,0.0,0.0,0.0,0.0,0.0,0.0,0.0,0.0,0.0,0.0,0.0,0.0,0.0,0.0,0.0,0.0,0.0,0.0,0.0016727603349494542,0.01159595249195817,0.0,0.0,0.0,0.0,0.0,0.0,0.0,0.0,0.0,0.0,0.0,0.0,0.0,0.0,0.051500972555424226,0.0,0.0,0.0,0.0,0.14159940970044385,0.0,0.0,0.0,0.002271017401985873,0.0,0.0,0.0,0.0,0.0,0.0,0.0,0.0,0.0,5.48138648311139,0.0,0.0,0.0,0.0,0.0,0.0,0.0,0.0,0.0,0.0,0.0,0.0,0.0,0.8252395507852605,0.0,0.0,0.0,0.0,0.0,0.09638551778817965,0.0,0.0,0.0,0.0,0.0,0.0,0.0,0.0,0.0,0.030294978892724967,0.0,0.0,0.0,0.0,0.0,0.0,0.0,0.0,0.0,0.0,0.0,0.0,0.0,0.0,0.0,0.0,0.0,0.0,0.0,0.0,0.0,0.0,0.0,0.0027048890522586915,0.0,0.0,0.0,0.0,0.0,0.0,0.0,0.0,0.0,0.0,0.0,0.0,0.0,0.0,0.0,0.0,0.0005898746498664604,0.0,0.0,0.0,0.0,0.10396027528483735,0.0,0.0,0.0,0.0,0.0,0.0,0.0,0.0,2.2953841406474402,0.0,0.0,0.0,0.0,0.0,0.0,0.0,0.0,0.0,0.0,0.0,0.0,0.0,0.0,0.0,0.0,0.0,0.0,0.0,0.0,0.0,0.0,0.0,0.0,0.0,0.0,0.0,0.0,0.0,0.0,0.0,0.0,0.0,0.0,0.0,0.0,0.0,0.0,0.0,0.0,0.0,0.0,0.0,0.0,0.0,0.0,0.0,0.0,0.0,0.0,0.0,0.0,0.0,0.0,0.0,0.0,0.0,0.0,0.0,0.0,0.0,0.0,0.0,0.0,0.0,0.0,0.0,0.0,0.0,0.0,0.0,0.0,T2D
4.380128040541396,1.5476040174212045,2.0907004352774528,0.4019532650967381,1.5770757922666996,1.5526285655801395,0.8773502891255263,0.11695124589955054,0.8900201349377681,0.9703867719480961,1.713929618008666,0.06075475037266383,0.13604800736236244,1.206616879531437,0.5681529864124939,0.8263149724992537,1.5208964579421984,0.022550654409531374,0.06391611815222899,1.8081389525195852,1.3102393685910496,0.1375643739159002,2.9931310240085853,0.2699522979280362,0.3662893509166201,0.049031740984192086,0.67207396048551,0.0,0.2101319133642331,2.3944560545258438,0.008477686378340196,0.010120489169429082,0.3141940514495263,0.10857323825495932,0.2827923184765626,0.18941472673641732,0.0,0.008086297625604286,0.0,0.3741772229657769,0.3719153671949045,0.019005116177124325,0.07557819812370616,0.0891586881178205,0.5992035514853786,0.03708923417373715,0.3624699260281437,0.0761013225344826,0.04858988368176129,0.11295101503025584,0.7436497258172221,0.17163312820536963,0.0,0.06960322519980816,0.2399564847813748,0.029952569258718417,0.5981484836876614,0.06309598682263644,0.03293120301071161,0.0,0.0,0.009866086480150742,0.007263351274456939,0.0005026255561450633,0.02573070403826805,0.0729095448122884,0.0,0.0003588011839225358,0.0,0.0,0.006691717701382124,0.017765959463004504,0.11429351231992509,0.0028859770662263678,0.00586639935713346,0.07227288633033528,1.4835208817198573,0.010390341414736473,0.0,0.0,0.0,0.0,0.03719120124352888,0.03902042867736829,0.0012503840679510387,0.0,12.690223793445815,0.010397973734081486,0.0,0.44877075970002933,0.2676208330582214,0.0,0.3678957832197648,0.24378455322485892,0.024846981986635604,0.06388820549926923,0.00015655550109436398,0.014405867534489813,0.6588679013895946,0.2286559017984361,0.23552567422788248,0.11270578701175574,0.0013993246172978896,0.008099936727051246,0.22842417174877586,0.07923227143969397,0.4790245865463077,0.0,0.15948712625356717,0.0,0.0026640987906248284,0.015793566143295905,1.3126146869819029,0.001538775780493288,0.009322262107928213,0.10153551219331247,0.0,0.0,0.0035842969987393857,0.04906606190140677,0.0,0.0,13.907106978748693,0.0,0.0,0.0,0.0,0.027529020836456558,0.08140537600881709,0.0,0.0,0.0008353059959705867,0.0,0.0,0.0,0.014906761627228485,0.0,0.9087274016144669,0.012692591881259704,0.7386998774597168,0.05092285802820589,3.8935131072762013,0.0,0.0,0.0,0.0,0.0,0.0005479442538302739,0.0,0.0,0.0037078934469717785,0.0,0.285715197760168,0.0006004727443290408,0.002519307603136936,0.0,0.012414233254541902,0.14580935911686851,0.00022659348842605316,11.36364611618822,0.0,0.04557672038776011,0.0,0.0,0.0,2.9614014516230416,0.0,0.0,0.0,0.0,0.004979906893363486,0.0,0.0,0.0,0.0,0.0,0.017123257932196063,0.06566370303466439,0.15299638641979446,0.004037483975591492,0.0,0.016895255189112092,0.25073599464744717,0.0,0.011211227825079948,0.0,0.0,0.0,2.909258669569499,0.03404126232465058,0.0,0.0,0.0,0.0,0.01123047705677537,0.0,0.0024246644059660186,0.0,0.0,0.0,0.0,0.0,0.0,0.05529126244246277,0.0009228534801351982,0.0,0.0,0.0,0.014153853263412827,0.0,0.0348466188918553,0.0,0.0,0.0,0.0007333389261788628,0.008510645431202168,0.0013101223512633619,0.0,0.0,0.0,0.0,0.0050746641703416535,0.0,0.0,0.0001998142579757014,0.0662616086408943,0.0,0.0,0.0,0.0,0.0,1.6265892871944239,0.051174018856951664,0.0,0.0,0.0016863655644359181,0.011992929572610759,0.007866715957501597,0.0,0.0,0.0,0.019518784405385948,0.0,0.0,0.0,0.0,0.0,0.0,0.0,0.0,0.0,0.0,0.0,0.0,0.0,0.0,0.0,0.008207577082228006,0.0,0.0,0.0,0.0,0.0033628533623230156,0.0,0.0023720218356600015,0.0,0.0001235964482323926,0.0,0.10809782668626197,0.0,0.002697492482671969,0.0,0.0,0.0014810974379848383,0.0016757618439508565,0.0015787252092591575,0.0,0.0,0.0,0.0,0.0,0.0,0.0,0.0,0.0,0.0,0.01128429723436375,0.0,0.0,0.0,0.0,0.0,0.0,0.0,0.0,0.0,0.0,0.0,0.0,0.0,0.0,0.0,0.0,0.0,0.0,0.0,0.006975989532316627,0.0,0.0,0.0,0.0,0.0,0.0,0.0,0.0,0.0,0.0,0.0,0.0,0.0,0.0,0.0,0.0,0.0,0.0,0.0,0.0,0.0,0.0,0.0,0.0,0.0,0.0,0.0,0.0,0.0,0.0,0.0,0.0,0.0,0.0,0.0,0.0,0.04479632781272859,0.0,0.0,0.0,0.0,0.0,0.0007951371502950592,0.0,0.0,0.0035564877978870976,0.0,0.0,0.0,0.0,0.0,0.0,0.0,0.0,0.0,0.0,0.0,0.0,0.0,0.0,0.0,0.0,0.0,0.0,0.0,0.0,0.0,0.0,0.0,0.0,0.0,0.0,0.0,0.0,0.0,0.0,0.0,0.0,0.0,0.0,0.0,0.0,0.0,0.0,0.0,0.0,0.0,0.0,0.0,0.0,0.0,0.0,0.0,0.0,0.0,0.0,0.0,0.0,0.0,0.0,0.0,0.0,0.0,0.0,0.0004109581903727054,0.0,0.0,0.0,0.0,0.0,0.0,0.0,0.0,0.0,0.0,0.0,0.0,0.0,0.15253535331506804,0.0,0.0,0.0,0.0,0.0,0.0,0.0,2.345564069567999,0.5362193993426317,0.24726783590021556,0.13728630299836025,0.0,0.0,0.0,0.0,0.0,0.0,0.0,0.0,0.0,0.0,0.0,0.0,0.0,0.0,0.0,0.0,0.0,0.0,0.0,0.0,0.0,0.0,0.0,0.0,0.0,0.0,0.0,0.0,0.04636308767277434,0.0,0.0,0.0,0.0,0.0,0.0,0.0,0.0,0.0,3.7078934469717785e-05,0.0,0.0,0.0,0.0,0.0,0.0,0.0,0.0,0.0,0.0,0.0,0.0,0.0,0.0,0.0,0.0,0.0,0.0,0.0,0.0,0.0,0.0,T2D
6.155760409824723,0.39017364791565595,2.1621434567870472,0.45769266150234994,0.2058177153383887,2.3878632031041462,1.6034949061605088,0.0,1.0012268934162052,3.7234594715430682,1.2013531909118496,0.10022819005185858,0.37030705730251834,0.07955741403420102,1.1864226877952992,0.004137590561457022,2.5412547253544946,0.37845584812577754,0.16257521343070905,0.03501224293817726,1.3674231164416377,0.4672560740624617,3.126004216252605,0.24329446582257397,0.362341135981086,0.0,0.11588358368699427,0.003022431608896751,0.3941485705697679,1.3342565483337276,0.4493494901371387,0.04087742155436873,0.1667789818348748,7.047283703567475,1.3881106248340047,0.19510684852274285,0.0362160156307649,0.018316330639013514,0.005677430355535466,0.5211963889048838,0.056996589998665276,0.0003871873172181459,0.05334104323235091,1.6183181329043819,0.0,0.05344992719449451,0.5771264016595986,1.3789429970683007,0.00023310256852929193,0.0,0.6672207181972121,1.3177387773467424,0.024081502960760826,0.05142665439315339,0.006992770013222687,0.009238328032150883,0.08537412953482124,0.0015527001598646057,0.0,0.0,0.0,0.0027765410346619495,0.020365406168748542,0.0,0.9909831850139968,0.10256264323026874,0.0,0.004725265626458189,0.003944019073201723,0.0,0.0,0.021758645101697238,0.039410137645418425,0.00904884129258444,0.0,0.09735627504569214,0.06538701998127824,0.0,0.11118867267564551,0.000828727934093,0.0,0.0,0.22072457283134578,0.0,0.007814862382219312,0.005752702666587175,4.792896589400298,4.57763279673227,0.0,0.32553761417863625,20.879222330344522,0.4086415099249528,0.5729534579086619,0.34864476718203713,0.0,0.1052635887004394,0.12270322801520875,0.0933556032504854,0.06884768219501951,0.1609988079248923,0.006426385006611343,0.13425127590890407,1.9965927412752686,0.13966399656797404,0.05750126749788669,0.0,0.08289759479460344,0.002788639252677906,0.6917022404282337,0.011826008110597192,0.0,0.04040941521505999,0.041572036720399774,0.0015013385769683208,0.04526535809559488,0.12625822269452747,0.0,0.0,0.007423724174009145,0.0,0.0,0.0,0.0,0.9027773576053054,0.0,0.0,0.0,0.3523404586685128,0.02043389022895003,0.0,0.0,0.0,0.0,0.0,0.0,0.0,0.0,3.4721773340825717,0.0,0.2939897496073414,0.0,0.0,0.0,0.07089873885183294,0.10923423414742141,0.0,0.0,0.33035398854710607,0.0,0.0,0.08745692299939671,0.0,0.0,0.0008178344353485326,0.3252057393353064,0.0,0.0,0.006986720904214708,0.0007151112695559633,0.0,0.0,0.0,0.0,0.014517861619147447,0.4749045637505806,0.0,0.0,0.0,0.0,0.0,0.06462263153223007,0.0,0.0,0.0,0.0,0.0045247335379676205,0.009902391446060154,0.0,0.0,0.0,0.0,0.0,0.0,0.00943661005244584,0.016498920782683443,0.0013354011553034014,0.0,0.0,0.011647226644480552,0.01074926670717709,0.0,0.7648311956417274,0.006605889738660611,0.0,0.0,0.0,0.0,0.0,0.0,0.0010904459137980435,0.0,0.0,0.0020204024086646864,0.0,0.10882347105352608,0.0,0.07665430934909852,0.0,0.018667550398620426,0.0,0.044987223692333156,0.0,0.0,0.0,0.0,0.0,0.0,0.0,0.002371250731127416,0.0,0.0,0.0,0.0,0.0,0.0,0.0,0.0,0.0,0.0,0.0,0.0,0.0,0.0,0.0,0.0022480569744604594,0.003030603612997029,0.0,0.0,0.0,0.0,0.000175424161231365,0.0,0.0,0.0,0.0,0.008660353054511998,0.0,0.0,0.0007111603785639414,0.0,0.0,0.0,0.0,0.008384065085057651,0.0,0.0,0.0,0.0,0.0,0.0,0.0,0.0,0.0,0.0,0.0,0.0,0.0,0.0,0.0,0.00036743286225803646,0.0,0.0,0.0,0.0,0.0,0.0,0.0,0.0,0.0,0.0,0.002070266879819474,0.0,0.0,0.0,0.0,7.0661803919041395,0.0,0.0,0.0,0.0,0.0,0.0,0.0,0.0,0.0,0.0,0.0,0.0,0.0,0.0,0.0,0.0,0.0,0.0,0.0,0.0,0.0,0.0,0.0,0.0,0.0,0.0,0.0,0.0,0.0,0.0,0.0,0.0,0.0,0.0,0.0,0.0,0.0,0.0,0.0,0.0,0.0,0.0,0.0,0.0,0.001469933488938679,0.0,0.0,0.0,0.0,0.0,0.0,0.0,0.0,0.0,0.0,0.0,0.0,0.0025708713283906937,0.0,0.0,0.0,0.0,0.0030789964850608544,0.0,0.0,0.0,0.0,0.0,0.0,0.0,0.004282769177648497,0.0,0.0,0.0,0.0,0.0,0.0,0.0,0.0,0.0,0.0,0.0,0.0,0.0,0.0,0.0,0.0,0.0,0.0,0.0,0.0,0.0,0.0,0.0,0.0,0.0,0.0,0.0,0.0,0.0,0.0,0.0,0.0,0.0,0.0,0.0,0.0,0.0,0.0,0.0,0.0,0.0,0.0,0.0,0.0,0.0,0.0,0.0,0.0,0.0,0.0,0.0,0.0,0.0,0.0,0.0,0.0,0.0,0.01947813100568949,0.0,0.05496207186979124,0.0,0.0,0.0,0.0,0.0,0.0,0.0,0.0,0.0,0.0,0.0,0.0,0.1921318003114005,0.0056014749413877225,0.0048695327514223724,0.0,0.0,0.0,0.0,0.0,0.0,0.0,0.0,0.0,0.0,0.0,0.0,0.0,0.0,0.0,0.0,0.0,0.0,0.0,0.0,0.0,0.0,0.0,0.0,0.0,0.0,0.0,0.0,0.0,0.0,0.0,0.0,0.0,0.0,0.0,0.0,0.0,0.0,0.0,0.0,0.0,0.0,0.0,0.0,0.0,0.0,0.0,0.0,0.0,0.0,0.0,0.0,0.0,0.0,0.0,0.0,0.0,0.0,0.0,0.0,0.0,0.0,0.0,0.0,0.0,0.0,T2D
8.605099641740246,4.8554859534554495,3.6518230584395206,0.7595861990540673,3.39851685159428,1.5351077275462677,2.3201012355367534,3.9185825679369457,1.6198651247055083,0.6617623965393566,3.019738607790336,0.04178419297965143,0.158939353466831,0.20131121160653404,1.6587477856407766,4.775975709262975,1.2971589582914436,0.015283336275851283,0.035915835262837974,3.5676796246825893,0.05057093238425009,0.8550938515865033,1.0136322472186907,0.20137583607975407,1.7953056014300557,0.04462361119409051,1.6364383557091065,0.08721241564135912,0.2952293589332519,2.4134700044016255,0.26604139510345376,0.005753514245408464,0.06866317970052194,0.0,0.06277596312422201,0.3035248797570592,0.0,1.7253821312697,0.07635622315103481,0.08727226289861859,1.7038813378056714,0.7799369375125388,0.016517843003613048,0.10080858777383606,0.40682669303554564,0.0,0.10449331117503037,0.009344147301518746,0.0223860252016175,0.22775704580046446,0.517278269217698,0.14240021598251223,0.0,0.19827275945272832,0.1336613681818634,0.010041403744070256,0.758257021983903,0.07048530066324611,0.007421059900173979,0.003493583642521419,0.04434681762926547,0.0,0.0,0.0,0.0033065609635855833,0.0,0.0013250428351900072,1.684228994703094,8.816824948982938e-05,0.0,0.0,0.0,0.10019097422979398,0.0009625190928425665,0.0,0.004274900553835442,2.705151241141508,0.0,0.0,0.0,0.0,0.0,0.013824755947728438,0.0,0.004191770490030745,0.0,8.0629280248667,0.7927775647526554,0.7052550413598807,0.10883223732634177,5.514927503398707,0.17225808766754352,0.0,0.4837186514850636,0.21247272508542472,0.8582920193970643,0.002947338625802868,0.5576113749366562,0.3687832633916097,0.09377972925980974,0.08776607320450261,0.43989978357855897,0.0,0.0,0.10676528124831056,0.0,1.8868942505051232,0.0,1.7799804869137525,0.0,1.320170647886595,0.0,0.9808787527011508,0.06943029932813982,0.0,0.2611958734017888,0.0,0.0,0.015941813152490672,0.0,1.1127475351324378,0.0,0.0,0.0,0.0,0.0,0.1568147758341199,0.22327475591520135,0.0,0.0,0.0,0.0,0.0,0.0,0.0,0.0,0.0,0.44643615265248726,0.0,0.0807602136577598,0.0,0.0,0.0,0.0,0.0,0.0,0.0,0.0,0.0,0.33472446145603085,0.012096626873569882,0.0,0.060684203567033135,0.0012192409358022119,0.0,0.0,0.07099559358205319,0.0,0.00474457647033488,0.0,0.0,0.015051585200756093,0.0,0.0,0.0,0.0,0.0,0.0,0.0,0.0,0.0,0.0,0.09404996478325328,0.043527405226707484,0.0,0.0,0.0,0.054692912227995924,0.0,0.0,0.0,0.0,0.0,0.0,0.01730333825514356,0.0037509292425815985,0.0,0.0,0.0,0.0,0.0,0.0,0.0,0.0,0.0,0.0,0.0,0.0,0.0,0.0,0.003949937577144356,0.020475242889895343,0.0,0.2375562067842991,0.0,0.0,0.0,0.0,0.0,0.017809986396945535,0.0,0.059772448187893235,0.0,0.0,0.0,0.0,0.0,0.0,0.0,0.0,0.0,0.0008597720482654198,0.0,0.0,0.0,0.0,0.0,0.006179229312040026,0.0,0.0,0.0,0.0,0.0,0.0,0.0,0.011872199658846878,0.0,0.17182895649908883,0.0,0.000987484394286089,0.0,0.0,0.0,0.0,0.0,0.0,0.0,0.0,0.0,0.0,0.0,0.0,0.0,0.0,0.0,0.0,0.0,0.0,0.0,0.0,0.006816665231985095,0.0,0.0,0.0,0.0,0.0,0.0015416848196507307,0.0,0.0,0.0,0.01386960186988161,0.0,0.0,0.0,0.0024863446356131885,0.0,0.0,0.0,0.0,0.0,0.0,0.0,0.0,0.0,0.0,0.0,0.0,0.0,0.0,0.01957753403100333,0.0,0.0,0.0,0.0,0.0,0.0,0.0,0.0,0.0,0.0,0.0,0.0,0.0,0.0,0.0,0.0,0.0027231393628144446,0.0,0.0,0.0,0.0,0.0,0.0,0.0,0.0,0.0,0.0,0.0,0.0,0.0,0.0,0.0,0.0,0.0,0.0,0.0,0.0,0.0,0.0,0.0,0.0,0.0,0.0,0.0,0.0,1.4784732229522084,0.0,0.0,0.0,0.0,0.0,0.0,0.0,0.018956618736936354,0.0,0.0,0.0,0.0,0.0,0.0,0.0,0.0,0.0,0.0,0.0,0.0,0.0,0.0,0.0,0.0,0.0,0.0,0.0,0.0,0.0,0.0,0.0,0.0,0.0,0.0,0.0,0.0,0.0,0.0,0.005872512118585255,0.0,0.0,0.0,0.0,0.0,0.0,0.0,0.0,0.0,0.0,0.0,0.0,0.0,0.0,0.0,0.0,0.0,0.0,0.0,0.0,0.0,0.0,0.0,0.0,0.0,0.0,0.0,0.0,0.0,0.0,0.0,0.0,0.0,0.0,0.0,0.0,0.0,0.0,0.0,0.0,0.0,0.0,0.08919485603807899,0.020093716624866236,0.0,0.009231439432272873,0.004062132586486362,0.0,0.0,0.0,0.0,0.0,0.0,0.0,0.0,0.0,0.0,0.0,0.0,0.0,0.0,0.0,0.0,0.0,0.0,0.0,0.0,0.0008061097096212972,0.0,0.0,0.0,0.0,0.0,0.0,0.0,0.0,0.0,0.0,0.0,0.0,0.0,0.0,0.0,0.0,0.0,0.0,0.0,0.0,0.0,0.0,0.0,0.0,0.0,0.0,0.0,3.252665273786147,0.0,0.0,0.0,0.0,0.0,0.0,0.0,0.0,0.0,0.0,0.0,0.0,0.0,0.0,0.0,0.0,0.0,0.0,0.0,0.0,0.0,0.0,0.0,0.0,0.0,0.0,0.0,T2D
5.070979263789825,2.344644483467805,3.342814106438335,1.610168537307538,1.0139906191128725,4.788960327792074,5.704745116849538,4.144713890265052,2.7718093814823175,0.6827283508014526,2.9600656194201562,0.35075399740838814,0.4577226596886468,5.4961098518965565,0.6924322105305168,0.40791641938804374,1.9778197606692332,0.031126153705146816,0.25719264643299256,0.541155108073953,1.2241290867467913,0.387709668971757,3.135498287600173,0.7846292692757191,3.245672210319201,0.23181717535297278,0.3009474404734387,0.0,0.03926810292717879,1.6357048439459314,0.5819034929377768,0.0520094188805178,1.3675509416303673,0.0,0.48594300379398697,0.23397258255024392,0.0,0.12832108065325043,0.15550763885886024,0.1374979469229396,0.0,0.0009641802482909066,0.35732617393605276,0.33661000982754735,0.16317533303020196,0.17535419566139165,0.0,0.30914965658950894,0.2389064087332292,0.48077678874741214,1.083469574825238,0.46210607395252423,0.0,0.41922088729095114,0.026120519453699108,0.15961020954314825,1.544271760320424,0.3159395892786535,0.018543426189352386,0.0,0.0,0.0466458717089828,0.034340399550239764,0.0023763634402321336,0.09162634117091767,0.34470904755563986,0.0026985918656514296,0.0,0.0001795640975243347,0.0,0.031637773096697075,0.08399568233722146,0.07378270956137303,0.014142260462762133,0.0,0.12856168974663845,0.03520923858193568,0.049124496690700334,0.0,0.0,0.0,0.0,0.1929307878698538,0.18448469043687374,0.014448681253884302,0.0,4.702075718577801,1.2488039481382331,0.0,0.5993305466598567,3.433439978360017,0.3508220729374723,1.6456073343746844,0.3392722412376804,0.0,0.1997189268978124,0.006742750036564936,0.08835066638475908,1.3359681246073019,0.223040171609277,0.12792638723166297,0.0759851949208652,0.0,0.0,0.06558060795514577,0.0,0.39906349165373634,0.0,0.0011799926408741993,0.0,0.0,0.07467040367319577,2.7274453251815443,0.0072751782371041135,0.04407472438020705,0.4800497629129589,0.0,0.0,0.016946198303294722,0.0,0.0,0.0,0.0,0.0,0.0,0.0,0.0,0.45472299016783874,0.1966635530680634,0.0,0.0,0.0039492433402218445,0.0,0.0,0.0,0.0704776804722944,0.0,1.1876781592722447,0.0,0.0017751193640977087,0.0,0.0,0.0,0.0,0.0,0.0,0.0,0.002590625717630113,0.0,0.6817022702441706,0.017530549968925575,0.0,0.009911191483530556,0.005322090124145452,0.01191103478444221,0.0,0.20328339694478625,0.006198997252900627,0.0019126974439610644,0.0,0.0,0.0,0.0,0.0,0.0,0.0,0.0,0.0,0.0,0.0,0.023544502527709763,0.0,0.0,0.08864822974637084,0.0,0.0,0.08095705367594103,0.3104514311580312,0.09569245484426568,0.019088821077274516,0.0,0.02517094799704897,1.1854547456764561,0.0,0.05300556566993191,0.007639169748963839,0.0,0.0,0.0,0.0,0.0,0.0,0.0,0.0,0.0,0.0,0.0020062740519992605,0.0,0.0,0.0,0.008044471569090194,0.0,0.0,0.0,0.004363159103377032,0.0,0.0,0.0,0.06691800490915979,0.0362719476999156,0.011229291174539548,0.0,0.0,0.0,0.0034671532160763913,0.04023748177589778,0.006194127655687037,0.0,0.0,0.0,0.0,0.02489032595898176,0.0,0.0,0.0009447018594365449,0.0,0.0,0.0,0.0,0.0,0.0,0.0,0.0,0.0,0.0,0.0,0.0,0.0,0.0,0.0020111178922725486,0.0,0.0,0.0,0.0,0.0,0.0,0.0,0.0,0.0,0.0,0.0,0.0,0.0,0.0,0.0,0.0,0.0,0.0,0.0,0.0,0.013882869940024276,0.0,0.01589923490237278,0.0,0.011214682382898777,0.0,0.0037241581709135043,0.0,0.0,0.0,0.012753475102393356,0.0,0.0,0.00700248079314305,0.012986542216697879,0.0,0.0,0.0,0.0,0.0,0.0,0.0,0.0,0.0,0.0,0.0,0.0,0.0,0.0,0.0,0.0,0.0,0.0,0.0,0.0,0.0,0.0,0.0,0.0,0.0,0.0,0.0,0.0,0.0,0.0,0.0,0.038527747339756765,0.0,0.0,0.0,0.0,0.0,0.0,0.0,0.0,0.0,0.0,0.0,0.0,0.0,0.0,0.0,0.0,0.0,0.0,0.0,0.0,0.0,0.0,0.0,0.0,0.0,0.0,0.0,0.0,3.011069308163277,0.0,0.0,0.0,0.0,0.0,0.0,0.0,0.0,0.0,0.0,0.0,0.0,0.0,0.0037593290488918177,0.0,0.0,0.016814719178527778,0.0,0.0,0.0,0.0,0.0,0.0,0.0,0.0,0.0,0.0,0.0,0.0,0.0,0.0,0.0,0.0,0.0,0.0,0.0,0.0,0.0,0.0,0.0,0.0,0.0,0.0,0.0,0.0,0.0,0.0,0.0,0.0,0.0,0.0,0.0,0.0,0.0,0.0,0.0,0.0,0.0,0.0,0.0,0.0,0.0,0.0,0.0,0.0,0.0,0.0,0.0,0.0,0.0,0.0,0.0,0.0,0.0,0.0,0.0019429692882225844,0.0,0.0,0.0,0.0,0.0,0.0,0.0,0.0,0.0,0.0,0.0,0.0,0.0,0.0,0.0,0.0,0.0,0.0,0.0,0.0,0.0,0.0,0.0,0.0,0.0,0.0,0.0,0.0,0.0,0.0,0.0016417288916510601,0.0,0.0,0.0,0.0,0.0,0.0,0.0,0.0,0.0,0.0,0.0,0.0,0.0,0.0,0.0,0.0,0.0,0.0,0.0,0.0,0.0,0.0,0.21920004897255996,0.0,0.0,0.0,0.0,6.624401729825959,0.0,0.0,0.0,0.0,0.00017530549968925577,0.0,0.0,0.0,0.0,0.0,0.0,0.0,0.0,0.0,0.0,0.0,0.0,0.0,0.0,0.0,0.0,0.0,0.0,0.0,0.0,0.0,0.0,T2D
9.263650565888447,2.8030721515878296,3.596335344054884,2.1512480193268324,1.3252551599731754,11.633862519872519,2.142041882313774,0.0,2.168595531333166,3.1887575876370757,2.2116765027832366,0.012966694019254578,0.07123277371873835,0.031355687693957336,3.6533380064783767,0.018469679137511387,2.634061982172795,0.0,0.0,1.0744337702822306,1.7575094886597757,0.5417376705461069,6.778651459717645,0.7693802941761005,0.7877404883663202,0.0,0.2677322160021921,0.0,0.4540794128486524,0.6120668089395878,0.0,0.09032141091996969,0.163056287434451,3.3657183179991055,1.4204270815314883,0.7017321090903159,0.0,0.3083011596050265,0.4736685300441033,0.0,7.627764618507447,0.30414042944878483,0.006735477171112795,0.3981251062367559,0.0,0.21244096979817664,0.7603349504453963,0.028102210347509753,0.027290088431264493,0.047778953561958694,1.105137780775828,2.9696325384517044,0.011527543518662926,0.0040821073764319964,0.07897677153579316,0.06130965814526962,0.07337702488033129,0.035352250499717686,0.0031636332167347975,0.0,0.002551317110269998,0.0,0.4010750093629318,0.0,0.223170487568574,0.10772847041621823,0.0,0.0034938036662991497,0.0005642913138008937,0.00067835019637767,0.0,0.12808222484785914,0.00015188223484644727,0.0024912861194401155,0.0,0.3147831427418919,1.1152881115495084,0.0,0.12027873929563518,0.00033017044956435267,0.0012666539065105166,0.004920185028841489,0.0042146941945893635,0.054357852471360074,0.0050288460496557864,0.0013549494108669898,5.407950829149937,0.007098496028612904,0.0,0.3495010068862602,0.0,0.7726811036416927,0.0,2.0043404906242297,2.429610279461494,0.0,0.011692510257220467,0.1416491259621903,0.2689028203233748,0.2634923452255552,0.4453151280267439,0.38760209849130106,0.0,0.0,0.0019185124401656494,0.0,0.0,0.0,0.0,0.0,0.0,0.17149647070994464,2.9120733496621756,0.015163828283628271,0.04966964181264461,0.0,0.0,0.0,0.023051832084050403,0.0,0.0,0.0,0.0,0.0,0.0,0.04016086041413426,0.0,0.0,0.0,0.04735844866569415,0.0,0.0,0.0,0.0,0.0,0.0,0.027608252682662874,0.0,0.0,0.0,0.0,0.0,0.0,0.0,0.0,0.0,0.0,0.15589448008612133,0.0,0.0,0.0,0.0,0.0,0.000756390484456517,0.0,0.0,0.0,0.1566816241517638,0.0,0.0,0.0,0.0,0.0,0.0,0.04013288210771518,0.0,0.0,0.0,0.0,0.0,0.0,0.11610593936407536,0.0,0.0,0.0,0.021426327586658946,0.02225949139972036,0.0,0.0,0.0,0.0,0.0026953914882617155,0.0,0.016479222480839526,0.04207937285429991,0.003109605324987903,0.0,0.0,0.0,0.0,0.0,0.0,0.0,0.0,0.0,0.0,0.0,0.0,0.0,0.009912314274189189,0.0,0.0003357396770289887,0.001752904932232563,0.0,0.0,0.0,0.0,0.0,0.0014708595374603314,0.0,0.0019990319946350805,0.0,0.0,0.0,0.001987025796469104,0.0,0.004502324312241172,0.003789062069327158,0.0,0.0,0.007554142733152245,0.004980177739202921,0.0,0.0,0.000399690091701177,0.04990530484980896,0.0,0.0,0.0,0.0,0.0,0.0,0.0,0.0,0.6847134814056376,0.0,0.0,0.0,0.0,0.0,0.017200703667173113,0.004748318289409983,0.0,0.0001380712789087293,0.0,0.0,0.003209511436360451,0.00019209917065562339,0.0,0.0,0.0,0.0,0.0,0.03422967097119889,0.0,0.0,0.0003962045394772232,0.0,0.0,0.0,0.0,0.0,0.00573555281591189,0.0,0.0009845082496100696,0.0,0.0,0.0,0.0,0.0,0.0009664989523611051,0.0,0.0,0.0,0.0,0.0,0.0,0.0,0.0,0.0,0.0008044152771204229,0.0,0.0,0.0,0.0,0.0,0.0,0.0,0.0,0.0,0.0,0.0,0.0,0.0,0.006223174727787326,0.0,0.0,0.0,0.0,0.0,0.0,0.0,0.0,0.0,0.0,0.0,0.006678821432326667,0.0,0.0,0.0,0.0,0.0,0.0,0.0,0.0,0.0,0.0,0.0,0.0,0.0,0.0,0.0,0.0,0.0,0.0,0.0,0.0,0.0,0.0,0.0,0.0,0.0,0.0,0.0,0.0,0.0,0.0,0.0,0.0,0.0,0.0,0.0,0.0,0.0,0.0,0.0,0.0,0.0,0.0,0.0,0.0,0.0,0.0,0.0,0.0,0.0,0.0,0.0,0.0,0.0,0.0,0.0,0.0,0.0,0.0,0.0,0.0,0.0,0.0,0.0,0.0,0.0,0.0,0.0,0.0,0.0,0.0,0.0,0.0,0.0,0.0,0.0,0.0,0.0,0.0,0.0,0.0,0.0,0.0,0.0,0.0,0.0,0.0,0.0,0.0,0.0,0.0,0.0,0.0,0.0,0.0,0.0,0.0,0.0,0.0,0.0,0.0,0.0,0.0,0.0,0.0,0.0,0.0,0.0,0.0,0.0,0.0,0.0,0.0,0.0,0.0,0.0,0.0,0.0,0.0,0.0,0.0,0.0,0.0,0.0,0.0,0.0,0.0,0.0,0.0,0.0,0.0,0.0,0.0,0.0,0.0,0.0,0.0,0.0,0.0,0.0,0.0,0.0,0.0,0.0,0.0,0.0,0.0,0.0,0.0,0.0,0.0,0.0,0.0,0.0,0.0,0.0,0.0,0.0,0.0,0.0,0.0,0.0,0.0,0.0,0.0,0.0,0.0,0.0,0.0,0.0,0.0,0.0,0.0,0.0,0.0,0.0,0.0,0.0,0.0,0.0,0.0,0.0,0.0,0.0,0.0,0.0,0.0,0.0,0.0,0.0,0.0,0.0,T2D
3.814497555370636,0.263223838982778,4.048678332979299,0.08977520062895804,0.7856489884300248,5.857056007589223,3.2510545295052715,0.04216070636964125,2.779799676429576,1.6119101988865123,3.296790789289952,0.22043757136647527,0.5211772606547489,0.06012689291126226,1.2175396350106942,0.0,0.7886351572473121,0.837266328240996,0.3596687769160533,1.1596700369271138,0.3968689595342147,1.679008558479011,7.044593788449854,0.30934269257641567,0.1545686780411766,0.0,0.25637184125312307,0.23083047856547828,0.3201668886883514,0.67836267202204,0.5093086092522664,0.025792868714550207,0.17311729007918064,4.962579530804674,2.489907693638517,0.27643372632790475,0.0,0.040521627494782934,0.012560306020276765,0.7578400924676801,0.12583708658376544,0.06390622065750236,0.0016220499971353701,0.002783175849122025,0.0,0.0,1.276789632506561,0.05925755267350717,0.004881883843351973,0.0,0.5088278738095975,0.33047964419088083,0.0,0.03755854903906003,0.0,0.008995993660534754,0.15662067042087827,0.01717338336170462,0.0,0.0,0.0,0.0,0.02146754201487384,0.0,0.0013248420784055972,0.0,0.0,0.010453810716945728,0.0,0.0,0.0,0.007362192766501066,0.08718792801131575,0.003034926746020342,0.0,0.21190473307351718,0.0815035302653724,0.0009004392453041845,7.052391291892913e-05,0.0,0.0,0.0,0.011773648023182186,0.0022857303919260065,0.017288994647256396,0.0,1.3350957516017743,9.74008522244935,0.0,0.7201941369844985,0.0005681418867905287,0.0,0.13133189747768795,1.0036111578564126,0.0,0.23287698907323162,0.0050520924702296246,0.2065326868149754,0.11342691947712605,0.35852995796691856,0.10683061406340019,0.5312510145298994,0.11201135814185575,0.308981779969926,0.12721133877460544,0.0,0.18339620105598267,0.0,1.5302683204592586,0.0,0.0,0.05559361855444606,0.10203220393797754,0.0033214448766215525,0.10014156303013981,0.27635295437932533,0.0,0.0,0.016423670850452363,0.0,0.0,0.0,0.0,0.8763632306965965,0.0,0.011955062595346327,0.0,0.7794906686766054,0.0,0.0,0.0,0.0,0.0,0.0,0.0,0.0,0.002993488232290974,7.681575491317961,0.00883563880427155,0.6504000913533852,0.0,0.0,0.0,0.15685086397624673,0.24166133670745443,0.0,0.0,0.30856222903814223,0.0,0.0,0.1934829047076176,0.0,0.0,0.0018093133933175297,0.7194599228538768,0.0,0.0,0.004189876040737094,0.0015820566386013184,0.0,0.0,0.0,0.0,0.02201479503099643,0.512796126372719,0.0,0.0,0.0,0.0,0.0,0.007515834148217305,0.0,0.0,0.0,0.0,0.0,0.028424914973091953,0.0,0.00667332525995367,0.0,0.0,0.0,0.0,0.0,0.046189153602426314,0.0029543378113107495,0.0,0.0,0.025767419727053514,0.0,0.0,0.0,0.01461435745713483,0.0,0.0,0.0,0.0,0.0,0.0,0.0024124178577567064,0.0,0.0,0.0,0.0,0.0,0.0,0.0,0.0,0.0,0.0,0.0,0.0,0.0,0.0,0.0,0.0,0.0,0.0016220499971353701,0.0,0.0,0.00016623493759461866,4.4077445574330706e-05,0.0,0.0,0.0,0.0,0.0,0.0,0.0,0.0,0.0,0.0,0.0,0.0,0.004973426670520166,0.0,0.0,0.0,0.0,0.0,0.0,0.0,0.0,0.0,0.0,0.01915949255145906,0.0,0.0,0.0015733159941891564,0.0,0.0,0.0,0.0007833191756352486,0.0,0.0,0.0,0.0,0.0,0.0,0.0,0.0,0.0,0.0,0.0,0.0,0.0,0.0,0.0,0.0,0.0008128799303310642,0.0,0.0,0.0,0.0,0.0,0.0,0.0,0.0,0.0,0.0,0.0045800976719728775,0.0,0.0,0.0,0.0,15.632668753084937,0.0,0.0,0.0,0.0,0.0,0.0,0.0,0.0,0.0,0.0,0.0,0.0,0.0,0.0,0.0,0.0,0.0,0.0,0.0,0.0,0.0,0.0,0.0,0.0,0.0,0.0,0.0,0.0,0.0,0.0,0.0,0.0,0.0,0.0,0.0,0.0,0.0,0.0,0.0,0.0,0.0,0.0,0.0,0.0,0.012528069387812625,0.05582471449768376,0.0021547574107908525,0.0,0.0,0.0,0.0,0.0,0.0,0.0,0.0,0.0,0.0,0.0,0.0,0.0,0.0,0.0,0.0,0.0,0.0,0.0,0.0,0.0,0.0,0.0,0.0,0.0,0.0,0.0,0.0,0.0,0.0,0.0,0.0,0.0,0.0,0.0,0.0,0.0,0.0,0.0,0.0,0.0,0.0,0.0,0.0,0.0,0.0,0.0,0.0,0.0,0.0,0.0,0.0,0.0,0.0,0.0,0.0,0.0,0.0,0.0,0.0,0.0,0.0,0.0,0.0,0.0,0.0,0.0,0.0,0.0,0.0,0.0,0.0,0.0,0.0,0.0,0.0,0.0,0.0,0.0,0.0,0.0,0.0,0.0,0.05944512264711362,0.0,0.0,0.0,0.0,0.0,0.0,0.0,0.0,0.0,0.0,0.0,0.0,0.0,0.0,0.0,0.0,0.0,0.0,0.0,0.0,0.0,0.0,0.0,0.0,0.0,0.0,0.0,0.0,0.0,0.0,0.0,0.0,0.0,0.0,0.0,0.0,0.0,0.0,0.0,0.0,0.0,0.0,0.0,0.0,0.0,0.0,0.0,0.0,0.0,0.0,0.0,0.0,0.0,0.0,0.0,0.0,0.0,0.0,0.0,0.0,0.0,0.0,0.0,0.0,0.0,0.0,0.0,0.0,0.0,0.0,0.0,0.0,0.0,0.0,0.0,0.0,0.0,0.0,0.0,0.0,0.0,T2D
